-- phpMyAdmin SQL Dump
-- version 4.9.0.1
-- https://www.phpmyadmin.net/
--
-- Host: 127.0.0.1
-- Generation Time: Aug 06, 2019 at 06:36 PM
-- Server version: 10.3.16-MariaDB
-- PHP Version: 7.1.30

SET SQL_MODE = "NO_AUTO_VALUE_ON_ZERO";
SET AUTOCOMMIT = 0;
START TRANSACTION;
SET time_zone = "+00:00";


/*!40101 SET @OLD_CHARACTER_SET_CLIENT=@@CHARACTER_SET_CLIENT */;
/*!40101 SET @OLD_CHARACTER_SET_RESULTS=@@CHARACTER_SET_RESULTS */;
/*!40101 SET @OLD_COLLATION_CONNECTION=@@COLLATION_CONNECTION */;
/*!40101 SET NAMES utf8mb4 */;

--
-- Database: `uhrprage`
--

-- --------------------------------------------------------

--
-- Table structure for table `accounts`
--

CREATE TABLE `accounts` (
  `id` int(11) NOT NULL,
  `login` varchar(40) NOT NULL,
  `socialClub` varchar(128) NOT NULL,
  `password` varchar(128) NOT NULL,
  `email` varchar(40) NOT NULL,
  `regIp` varchar(40) NOT NULL,
  `regDate` timestamp NOT NULL DEFAULT current_timestamp(),
  `lastIp` varchar(40) NOT NULL,
  `lastDate` timestamp NULL DEFAULT NULL,
  `confirmEmail` int(1) NOT NULL DEFAULT 0,
  `pin` int(11) NOT NULL DEFAULT 0,
  `exp` int(11) NOT NULL DEFAULT 0,
  `minutes` int(11) NOT NULL DEFAULT 0,
  `rp` int(11) NOT NULL DEFAULT 0,
  `donate` int(11) NOT NULL DEFAULT 0,
  `googlecode` varchar(60) NOT NULL DEFAULT 'none',
  `promocode` varchar(255) NOT NULL,
  `googlesecret` varchar(60) NOT NULL DEFAULT 'none',
  `email_status` int(11) NOT NULL DEFAULT 0,
  `achievements_slot` int(1) NOT NULL DEFAULT 0,
  `donate_slot` int(1) NOT NULL DEFAULT 0,
  `done` int(11) NOT NULL DEFAULT 0
) ENGINE=InnoDB DEFAULT CHARSET=utf8;


--
-- Table structure for table `achievements_items`
--

CREATE TABLE `achievements_items` (
  `id` int(11) NOT NULL,
  `name` varchar(30) NOT NULL,
  `description` varchar(128) NOT NULL,
  `group` int(11) NOT NULL,
  `maxExp` int(11) NOT NULL
) ENGINE=InnoDB DEFAULT CHARSET=utf8;

--
-- Dumping data for table `achievements_items`
--

INSERT INTO `achievements_items` (`id`, `name`, `description`, `group`, `maxExp`) VALUES
(1, 'Welcome to Los Santos', 'Register an account and create a character', 1, 1),
(2, 'Party King', 'Visit all the clubs of Los Santos', 7, 10),
(3, 'Newlyweds', 'Getting married for the first time', 7, 1),
(4, 'In the eternal search ...', 'Marries three times.', 7, 3),
(5, 'First arrest', 'Make the first arrest', 3, 1),
(6, 'Guard of the law', 'Make 25 arrests', 3, 25),
(7, 'Robocop', 'Make 50 arrests', 3, 50),
(8, 'Housewarming', 'PURCHASE your first home', 6, 1),
(9, 'New owners', 'Sell the house', 6, 1),
(10, 'Realtor from God', 'Sell houses for a total of: $30,000,000', 6, 30000000),
(11, 'Security', 'Install one safety tool in the home', 6, 1),
(12, 'My house is my fortress', 'Install all the security features in the house', 6, 2),
(13, 'First items', 'Buy clothes in the store', 7, 1),
(14, 'Shopaholic', 'Spend on clothes a total of: $200,000', 7, 200000),
(15, 'A trip to a beauty salon', 'Use the service in beauty salons', 7, 1),
(16, 'Stylist', 'Spend in beauty salons a amount of: $200,000', 7, 200000),
(17, 'Snack', 'Buy food in the store', 7, 1),
(18, 'Food lover', 'Eat 50 meals', 7, 50),
(19, 'The gluttony', 'Eat 100 meals', 7, 100),
(20, 'Motorist', 'Get a driver\'s license', 7, 1),
(21, 'Driver pros', 'Drive 100km without violations and accidents\r\n', 4, 1),
(22, 'Racer', 'Accelerate to 210 km/h', 4, 1),
(23, 'First car', 'Buy your first car', 4, 1),
(24, 'Mechanical fan', 'Ride a mechanical box 500 km', 4, 500),
(25, 'Narcobaron', 'Sell 1,000 units of drugs', 2, 1000),
(26, 'On the curved path', 'Join a criminal group', 2, 1),
(27, 'Contractor', 'Join the army', 3, 1),
(28, 'Always in office', 'Spend 100 Hours in the Army', 3, 100),
(29, 'Officer', 'Reach the 10th rank in the army', 3, 10),
(30, 'Commander', 'Become the leader of the army', 3, 1),
(31, 'Mechanic', 'Put on the car all modifications', 4, 1),
(32, 'The inspection', 'Put any detail of tuning in the workshop', 4, 1),
(33, 'Main size', 'Have 3 jeeps in the garage', 4, 3),
(34, 'Thirst for speed', 'Have 3 sports cars in the garage', 4, 3),
(35, 'Born biker', 'Have 3 motorcycles in the garage', 4, 3),
(36, 'Collector', 'Have 3 retro cars in the garage', 4, 3),
(37, 'Pocket money', 'Spend the amount of money: $10,000', 4, 10000),
(38, 'Small expenses', 'Spend the amount of money: $20,000', 4, 20000),
(39, 'Spender', 'Spend the amount of money: $50,000', 4, 50000),
(40, 'Первый пациент', 'Вылечить 1 человека', 3, 1),
(41, 'Доктор Хаус', 'Вылечить 100 человек', 3, 100),
(42, 'Босс всех боссов', 'Стать лидером мафии', 2, 1),
(43, 'Ганстер №1', 'Стать лидером банды', 2, 1),
(44, 'Доктор со стажем', 'Вылечить 50 человек', 3, 50),
(45, 'Скорая помощь', 'Принять и приехать на вызов игрока', 3, 1),
(46, 'Оружейный барон', 'Продать 200 единиц оружия и патронов', 2, 200),
(47, 'Uber  1*', 'Завершить 1 заказ', 5, 1),
(48, 'Uber 2*', 'Завершить 25 заказов', 5, 25),
(49, 'Uber 3*', 'Завершить 50 заказов', 5, 50),
(50, 'Uber 4*', 'Завершить 75 заказов', 5, 75),
(51, 'Uber 5*', 'Завершить 100 заказов', 5, 100),
(52, 'Перевозчик', 'Таксистом проехать на заказах 400 км ', 5, 400),
(53, 'Школьный автобус', 'Совершить один рейс на работе водителя автобуса', 5, 1),
(54, 'Маршрутчик', 'Совершить 25 рейсов на работе водителя автобуса', 5, 25),
(55, 'Бесконечный рейс', 'Совершить 50 рейсов на работе водителя автобуса', 5, 50),
(56, 'Предприниматель', 'Купить бизнес', 6, 1),
(57, 'BUSSINESSMAN', 'Ваш бизнес должен заработать сумму: 100.000$', 6, 100000),
(58, 'Бог бизнеса', 'Заработать на бизнесе сумму: 500.000$', 6, 500000),
(59, 'Налогоплательщик', 'Оплатить налоги на сумму: 1.000.000$', 6, 1000000),
(60, 'Теневик', 'Лишиться бизнеса за неуплату налогов', 6, 1),
(61, 'Выселение', 'Лишиться дома за неуплату налогов', 6, 1),
(62, 'Первое тату', 'Сделать татуировку в тату-салоне', 1, 1),
(63, 'Синяя болезнь', 'Покрыть все части своего тела татуировками', 1, 1),
(64, 'Начинающий взломщик', 'Взломать и ограбить жилой дом', 2, 1),
(65, 'Медвежатник', 'Взломать и ограбить 20 жилых домов', 2, 20),
(66, 'Взломщик-профи', 'Взломать и ограбить 50 жилых домов', 2, 50),
(67, 'Угонщик аматор', 'Вскрыть и угнать автомобиль игрока', 2, 1),
(68, 'Угонщик-профи', 'Вскрыть и угнать 15 автомобилей игроков', 2, 15),
(69, 'Grand Theft Auto', 'Вскрыть и угнать 30 автомобилей игроков', 2, 30),
(70, 'Казёный дом', 'Быть посаженным в камеру.', 1, 1),
(71, 'На грани жизни и смерти', 'Попасть один раз в больницу после смерти', 1, 1),
(72, 'Пинкертонец', 'Обыскать 25 игроков', 3, 25),
(73, 'Шерлок Холмс', 'Обыскать 50 игроков', 3, 50),
(74, 'Штрафник', 'Оплатить 10 штрафов', 1, 10),
(75, 'В поисках призвания', 'Побывать в 7 фракциях', 1, 7);

-- --------------------------------------------------------

--
-- Table structure for table `achievements_players`
--

CREATE TABLE `achievements_players` (
  `id` int(11) NOT NULL,
  `playerId` int(11) NOT NULL,
  `itemId` int(11) NOT NULL,
  `exp` int(11) NOT NULL DEFAULT 0,
  `data` varchar(128) NOT NULL DEFAULT '{}',
  `date` int(11) NOT NULL
) ENGINE=InnoDB DEFAULT CHARSET=utf8;

-- --------------------------------------------------------

CREATE TABLE `autosaloons` (
  `id` int(255) NOT NULL,
  `newCarCoord` text DEFAULT NULL
) ENGINE=InnoDB DEFAULT CHARSET=utf8;

--
-- Dumping data for table `autosaloons`
--

INSERT INTO `autosaloons` (`id`, `newCarCoord`) VALUES
(90, '[{\"x\":-47.52,\"y\":-1116.25,\"z\":25.76,\"rot\":1.15,\"dim\":0},{\"x\":-45,\"y\":-1116.1,\"z\":25.76,\"rot\":2.37,\"dim\":0},{\"x\":-42.36,\"y\":-1115.86,\"z\":25.76,\"rot\":2.9,\"dim\":0},{\"x\":-50.57,\"y\":-1116.01,\"z\":25.76,\"rot\":2.48,\"dim\":0},{\"x\":-53.55,\"y\":-1116.11,\"z\":25.76,\"rot\":2.54,\"dim\":0},{\"x\":-56.42,\"y\":-1116.38,\"z\":25.76,\"rot\":3.69,\"dim\":0},{\"x\":-59.25,\"y\":-1116.29,\"z\":25.76,\"rot\":2.58,\"dim\":0},{\"x\":-61.85,\"y\":-1116.95,\"z\":25.76,\"rot\":2.8,\"dim\":0},{\"x\":-70.59,\"y\":-1113.42,\"z\":25.82,\"rot\":344.50,\"dim\":0},{\"x\":-68.70,\"y\":-1120.92,\"z\":25.75,\"rot\":49.37,\"dim\":0},{\"x\":-71.34,\"y\":-1160.43,\"z\":25.80,\"rot\":0.91,\"dim\":0},{\"x\":-67.71,\"y\":-1160.39,\"z\":25.82,\"rot\":2.49,\"dim\":0},{\"x\":-63.97,\"y\":-1160.15,\"z\":25.87,\"rot\":359.95,\"dim\":0},{\"x\":-60.36,\"y\":-1160.21,\"z\":25.95,\"rot\":1.49,\"dim\":0},{\"x\":-56.85,\"y\":-1159.99,\"z\":26.00,\"rot\":0.40,\"dim\":0},{\"x\":-53.19,\"y\":-1159.84,\"z\":26.07,\"rot\":358.88,\"dim\":0},{\"x\":-26.34,\"y\":-1118.09,\"z\":26.59,\"rot\":160.45,\"dim\":0},{\"x\":-23.78,\"y\":-1112.09,\"z\":26.55,\"rot\":158.45,\"dim\":0},{\"x\":-23.78,\"y\":-1112.09,\"z\":26.55,\"rot\":158.45,\"dim\":0},{\"x\":-16.56,\"y\":-1115.18,\"z\":26.60,\"rot\":157.47,\"dim\":0},{\"x\":-14.15,\"y\":-1107.82,\"z\":26.60,\"rot\":100.28,\"dim\":0},{\"x\":-12.86,\"y\":-1104.08,\"z\":26.59,\"rot\":100.79,\"dim\":0},{\"x\":-11.55,\"y\":-1100.34,\"z\":26.60,\"rot\":101.92,\"dim\":0},{\"x\":-11.55,\"y\":-1100.34,\"z\":26.60,\"rot\":101.92,\"dim\":0},{\"x\":-10.57,\"y\":-1095.64,\"z\":26.59,\"rot\":98.68,\"dim\":0},{\"x\":-16.62,\"y\":-1091.54,\"z\":26.60,\"rot\":159.97,\"dim\":0},{\"x\":-6.73,\"y\":-1083.92,\"z\":26.60,\"rot\":124.84,\"dim\":0},{\"x\":-9.28,\"y\":-1081.88,\"z\":26.60,\"rot\":127.24,\"dim\":0},{\"x\":-13.51,\"y\":-1080.75,\"z\":26.60,\"rot\":126.66,\"dim\":0},{\"x\":-17.24,\"y\":-1079.42,\"z\":26.24,\"rot\":126.00,\"dim\":0},{\"x\":-43.94,\"y\":-1082.15,\"z\":26.61,\"rot\":13.78,\"dim\":0},{\"x\":-47.73,\"y\":-1081.46,\"z\":26.70,\"rot\":12.48,\"dim\":0},{\"x\":-51.78,\"y\":-1080.42,\"z\":26.82,\"rot\":15.55,\"dim\":0},{\"x\":-59.43,\"y\":-1083.66,\"z\":26.79,\"rot\":339.60,\"dim\":0},{\"x\":-61.34,\"y\":-1089.21,\"z\":26.58,\"rot\":336.07,\"dim\":0},{\"x\":-58.13,\"y\":-1103.57,\"z\":26.35,\"rot\":68.35,\"dim\":0},{\"x\":-51.68,\"y\":-1105.91,\"z\":26.36,\"rot\":69.42,\"dim\":0}]');

-- --------------------------------------------------------

--
-- Table structure for table `bins`
--

CREATE TABLE `bins` (
  `id` int(11) NOT NULL,
  `x` float NOT NULL,
  `y` float NOT NULL,
  `z` float NOT NULL
) ENGINE=InnoDB DEFAULT CHARSET=utf8;

--
-- Dumping data for table `bins`
--

INSERT INTO `bins` (`id`, `x`, `y`, `z`) VALUES
(1, -795.785, -960.718, 14.2727),
(2, -818.045, -956.263, 14.3402),
(3, -672.397, -950.491, 20.2597),
(4, -664.757, -969.606, 20.1237),
(5, -601.546, -981.405, 21.3297),
(6, 221.099, 390.493, 105.747),
(7, -591.689, -978.753, 21.3297),
(8, -577.755, -981.515, 21.2787),
(9, -563.566, -974.591, 21.1781),
(10, -559.053, -977.006, 21.1781),
(11, -701.435, -1002.83, 14.9953),
(12, -707.588, -1006.58, 15.0222),
(13, -718.838, -1013.96, 14.9847),
(14, 258.627, 377.614, 104.526),
(15, -719.555, -1014.35, 15.0508),
(16, 219.062, 391.116, 105.762),
(17, 195.509, 341.425, 105.058),
(18, 195.974, 335.898, 104.558),
(19, 236.965, 360.492, 104.666),
(20, 193.007, 332.145, 104.429),
(21, 194.417, 321.274, 104.396),
(22, 175.231, 306.32, 104.371),
(23, 176.31, 294.816, 104.486),
(24, 252.987, 290.002, 104.533),
(25, 265.254, 276.354, 104.625),
(26, 272.928, 273.837, 104.604),
(27, 276.078, 271.712, 104.625),
(28, 315.097, 266.794, 103.638),
(29, 88.2629, 310.334, 109.019),
(30, 89.1126, 312.062, 109.022),
(31, 96.4443, 299.627, 109.013),
(32, 337.618, 269.276, 103.011),
(33, 98.1738, 298.926, 109.013),
(34, 340.937, 262.984, 102.387),
(35, 366.396, 256.436, 102.002),
(36, 117.96, 277.221, 108.974),
(37, 119.289, 279.598, 108.974),
(38, 382.035, 251.22, 102.031),
(39, 378.021, 252.544, 102.04),
(40, 397.144, 290.242, 101.951),
(41, 257.781, 375.738, 104.526),
(42, -346.97, -101.17, 44.6639),
(43, 174.716, 304.799, 104.371),
(44, -347.956, -103.561, 44.6639),
(45, -349.038, -103.855, 44.6639),
(46, -349.542, -106.807, 44.6639),
(47, 128.719, 274.038, 108.974),
(48, -378.737, -82.6618, 44.6634),
(49, 126.891, 274.804, 108.974),
(50, 123.196, 275.931, 108.974),
(51, -380.177, 18.5948, 45.9269),
(52, -380.939, 22.3626, 46.1129),
(53, -358.776, 69.1297, 60.6135),
(54, -356.576, 69.0313, 60.8245),
(55, 160.564, 305.399, 111.127),
(56, 158.939, 304.917, 111.124),
(57, -358.44, 82.3402, 62.736),
(58, 148.303, 309.134, 111.139),
(59, -355.276, 82.2224, 63.0417),
(60, 146.991, 311.527, 111.162),
(61, -339.796, 77.5664, 63.6494),
(62, 132.501, 320.788, 111.139),
(63, -327.519, 74.7379, 64.2035),
(64, 124.613, 313.975, 111.142),
(65, -310.709, 75.067, 65.1761),
(66, 115.879, 326.996, 111.126),
(67, 114.48, 329.922, 111.126),
(68, -280.521, 74.6498, 65.6008),
(69, 102.286, 318.807, 111.096),
(70, -260.947, 74.3167, 64.9546),
(71, 97.4513, 320.408, 111.07),
(72, -262.87, 73.6756, 64.9522),
(73, 21.9415, 375.179, 111.588),
(74, 210.206, 336.029, 104.491),
(75, 207.548, 336.981, 104.547),
(76, 267.439, 276, 104.625),
(77, 338.838, 262.416, 102.494),
(78, 379.811, 251.018, 102.037),
(79, 396.985, 288.11, 101.951),
(80, 372.904, 212.869, 102.047),
(81, 372.259, 210.583, 102.048),
(82, -518.052, -868.165, 28.3224),
(83, -519.76, -878.6, 24.2269),
(84, -526.186, -878.627, 24.2064),
(85, -994.455, -1120.36, 1.15554),
(86, -1018.74, -1118.93, 1.12977),
(87, -1022.2, -1125.43, 1.1586),
(88, -658.043, -890.294, 23.6824),
(89, -655.993, -894.476, 23.7213),
(90, -688.928, -891.135, 23.4991),
(91, 127.92, -1054.34, 28.1924),
(92, 130.08, -1054.87, 28.1924),
(93, 151.836, -1065.59, 28.1924),
(94, 154.137, -1066.51, 28.1924),
(95, 172.69, -1073.92, 28.1924),
(96, 172.304, -1076.33, 28.1924),
(97, 115.546, -1049.57, 28.204),
(98, 194.82, -1294.78, 28.3278),
(99, 202.095, -1266.24, 28.335),
(100, 165.112, -1286.41, 28.2986),
(101, 184.554, -1249.53, 28.1985),
(102, 182.308, -1248.95, 28.1985),
(103, 143.57, -1260.13, 28.2919),
(104, 144.809, -1262.68, 28.2482),
(105, 146.577, -1289.49, 28.3327),
(106, 144.592, -1290.62, 28.3566),
(107, 137.127, -1313.54, 28.206),
(108, 122.093, -1326.33, 28.3941),
(109, 120.356, -1327.86, 28.3676),
(110, 92.1547, -1306.17, 28.2804),
(111, 91.4316, -1304.72, 28.2458),
(112, 84.1426, -1292.08, 28.2543),
(113, 89.6299, -1285.3, 28.3767),
(114, 91.3101, -1284.21, 28.2864),
(115, 379.003, -1117.93, 28.4064),
(116, 381.014, -1117.6, 28.4064),
(117, 437.672, -1062.38, 28.2129),
(118, 439.835, -1061.87, 28.2128),
(119, 478.873, -1062.34, 28.2114),
(120, 481.129, -1062.18, 28.2113),
(121, 459.668, -1074.92, 28.2077),
(122, 454.635, -1073.68, 28.2115),
(123, 805.812, -1049.1, 25.945),
(124, 827.668, -1054.84, 26.9419),
(125, 827.546, -1062.07, 26.9419),
(126, 827.504, -1063.86, 26.9745),
(127, 864.367, -1053.77, 28.3265),
(128, 868.123, -1053.18, 28.6185),
(129, 799.357, -981.899, 25.1491),
(130, 799.389, -979.527, 25.1434),
(131, 748.725, -974.028, 23.7561),
(132, 750.204, -987.023, 24.0111),
(133, 739.93, -988.272, 23.5616),
(134, 742.114, -977.888, 23.7002),
(135, 725.314, -992.888, 22.9386),
(136, 698.331, -977.619, 23.097),
(137, 694.316, -970.675, 22.8771),
(138, 694.301, -968.271, 22.8718),
(139, 775.399, -1054.81, 26.0365),
(140, 779.505, -1092.28, 27.5357),
(141, 778.786, -1252.67, 25.5347),
(142, 814.341, -1329.69, 25.2225),
(143, 787.129, -1323.55, 25.0672),
(144, 778.797, -1315.18, 25.2182),
(145, 776.605, -1315.05, 25.2198),
(146, 732.339, -1333.37, 25.3001),
(147, 729.288, -1333.38, 25.2734),
(148, 468.744, -1585.07, 28.3227),
(149, 118.203, -1943.94, 19.6627),
(150, 76.8525, -1930.21, 19.825),
(151, 42.6448, -1877.71, 21.4153),
(152, 2.76062, -1822.99, 24.3575),
(153, 0.962114, -1825.17, 24.3433),
(154, -11.4405, -1813.21, 24.8993),
(155, -12.8376, -1813.72, 24.8993),
(156, -5.55098, -1680.25, 28.3065),
(157, -37.5187, -1698.07, 28.2961),
(158, -50.9947, -1663.07, 28.2847),
(159, 112.707, -1763.1, 28.3358),
(160, 110.995, -1761.52, 28.3403),
(161, 109.774, -1746.12, 28.2055),
(162, 149.188, -1728.94, 28.2608),
(163, 139.414, -1723.76, 28.2117),
(164, 223.004, -1838.53, 26.0354),
(165, 230.864, -1847.69, 25.8502),
(166, 192.037, -1812.52, 27.7182),
(167, 252.565, -1820.59, 25.8708),
(168, 250.917, -1810.85, 26.111),
(169, 196.297, -1771.71, 28.2098),
(170, 198.103, -1772.62, 28.2741),
(171, 100.275, -1691.94, 28.2015),
(172, 96.1071, -1687.54, 28.2101),
(173, 6.9194, -1612.75, 28.3001),
(174, -10.3116, -1564.07, 28.2973),
(175, 8.77629, -1597.1, 28.294),
(176, 97.3025, -1524, 28.3703),
(177, 121.339, -1540.67, 28.3206),
(178, 115.733, -1576.22, 28.6026),
(179, 118.133, -1578.24, 28.6025),
(180, 140.261, -1578.13, 28.26),
(181, 142.108, -1579.73, 28.3221),
(182, 139.999, -1590.61, 28.4464),
(183, 138.526, -1592.62, 28.4132),
(184, 132.803, -1599.12, 28.4263),
(185, 159.812, -1653.48, 28.2917),
(186, 158.029, -1654.7, 28.2917),
(187, 375.098, -1984.2, 23.145),
(188, 372.248, -1983.83, 23.3714),
(189, 339.831, -1965.15, 23.9753),
(190, 337.634, -1966.91, 23.4619),
(191, 307.463, -2002.11, 19.8677),
(192, 315.877, -2011.91, 20.289),
(193, 339.663, -2031.71, 20.7139),
(194, 341.608, -2033.8, 21.2064),
(195, 297.888, -2018.27, 19.4854),
(196, 298.114, -2021.83, 19.0852),
(197, 270.347, -2047.46, 16.9138),
(198, 269.225, -2054.66, 16.644),
(199, 289.261, -2091.03, 16.0263),
(200, 289.946, -2093.93, 16.4737),
(201, -8.33885, -1034.88, 28.0474),
(202, -9.02743, -1036.73, 28.0096),
(203, 6.68117, -1030.42, 28.1528),
(204, 8.37392, -1030.86, 28.167),
(205, -18.5803, -1035.47, 27.8952),
(206, -21.0534, -1034.59, 27.8267),
(207, -35.6355, -1029.59, 27.7727),
(208, -32.3304, -1030.61, 27.7806),
(209, 33.8125, -1009.9, 28.4485),
(210, 50.6394, -1044.97, 28.5851),
(211, 475.695, -603.781, 27.4995),
(212, 476.174, -600.227, 27.4995),
(213, 449.246, -574.499, 27.4998),
(214, -48.9665, -1476.75, 30.992),
(215, -27.932, -1499.07, 29.4551),
(216, -0.0440315, -1479.68, 29.365),
(217, -1.74338, -1481.27, 29.3046),
(218, -10.1245, -1486.31, 29.2263),
(219, -11.6833, -1488.68, 29.1615),
(220, -6.31144, -1476.13, 29.5391),
(221, -7.94158, -1477.69, 29.5163),
(222, -9.72306, -1478.4, 29.4936),
(223, 46.8005, -1478.72, 28.2861),
(224, 65.1149, -1471.29, 28.2912),
(225, 77.2139, -1461.72, 28.2911),
(226, 94.8693, -1437.92, 28.2912),
(227, 117.619, -1463.14, 28.2959),
(228, 139.864, -1363.69, 28.3181),
(229, 138.275, -1362.62, 28.3174),
(230, 48.8641, -1386.43, 28.3276),
(231, 65.8649, -1392.68, 28.3823),
(232, 65.8316, -1395.81, 28.3776),
(233, 66.5925, -1408.74, 28.3521),
(234, 48.984, -1400.16, 28.36),
(235, 2.84848, -1386.5, 28.2906),
(236, 0.836449, -1386.43, 28.2915),
(237, -17.5788, -1390.9, 28.3787),
(238, 2.3678, -1351.44, 28.3533),
(239, -28.275, -1352.2, 28.3178),
(240, -39.019, -1352.06, 28.3386),
(241, -50.5841, -1350.69, 28.327),
(242, -49.2594, -1315.88, 28.1589),
(243, -70.2598, -1313.78, 28.2499),
(244, -80.309, -1314.22, 28.2324),
(245, -87.2137, -1330.48, 28.2937),
(246, -87.457, -1298.64, 28.3012),
(247, -87.3755, -1287.46, 28.2981),
(248, -87.313, -1278.26, 28.2981),
(249, -77.3077, -1383.61, 28.3171),
(250, -129.788, -1337.98, 29.0164),
(251, -129.755, -1340.16, 28.7308),
(252, -150.892, -1342.64, 28.9817),
(253, -153.273, -1342.53, 29.0256),
(254, -139.356, -1361.96, 28.31),
(255, -243.486, -1344.13, 30.227),
(256, -240.142, -1344.06, 30.251),
(257, -294.104, -1358.34, 30.3097),
(258, -325.968, -1359.44, 30.2957),
(259, -334.82, -1319.36, 30.4004),
(260, -327.031, -1317.97, 30.4004),
(261, -326.742, -1319.69, 30.4004),
(262, -234.678, -1300.55, 30.296),
(263, -175.781, -1283.46, 30.296),
(264, -175.806, -1285.6, 30.296),
(265, -176.375, -1291.07, 30.296),
(266, -168.846, -1294.82, 30.2061),
(267, -151.474, -1294.27, 30.2607),
(268, -149.221, -1294.26, 30.2411),
(269, -149.442, -1254.28, 30.296),
(270, -151.906, -1254.13, 30.296),
(271, -153.503, -1254.39, 30.296),
(272, -133.434, -1782.15, 28.8223),
(273, -201.858, -1693.04, 33.1161),
(274, -235.271, -1686.94, 32.7188),
(275, -235.517, -1685.79, 32.72),
(276, -235.438, -1682.85, 32.7589),
(277, -168.042, -1662.63, 32.4668),
(278, -161.531, -1669.76, 32.1683),
(279, -99.9749, -1580.34, 30.672),
(280, 197.293, -1758.1, 28.1625),
(281, 396.94, -1924.33, 23.7771),
(282, 413.951, -1903.13, 24.5779),
(283, 413.828, -1899.64, 24.6719),
(284, 412.451, -1900.75, 24.6129),
(285, 422.208, -1883.87, 25.478),
(286, 433.341, -1878.7, 26.0496),
(287, 476.113, -1861.95, 26.6712),
(288, 495.562, -1887.3, 24.9053),
(289, 479.144, -1937.71, 23.9553),
(290, 477.087, -1938.99, 23.9552),
(291, 455.734, -1952.75, 23.8105),
(292, 478.721, -1957.76, 23.6573),
(293, 479.822, -1959.63, 23.6825),
(294, 451.76, -1906.31, 23.8909),
(295, 453.085, -1908.75, 23.8255),
(296, 481.108, -1448.62, 28.2948),
(297, 483.433, -1448.59, 28.2591),
(298, 435.486, -1460.29, 28.1389),
(299, 440.881, -1492.34, 28.3077),
(300, 440.194, -1490.47, 28.3063),
(301, 487.749, -1493.41, 28.29),
(302, 770.542, -1724.7, 28.4854),
(303, 869.77, -1610.25, 29.3344),
(304, 869.868, -1622.6, 29.3345),
(305, 814.411, -1625.75, 30.2845),
(306, 866.755, -1577.54, 29.7341),
(307, 869.035, -1577.78, 29.7295),
(308, 896.575, -1580.23, 29.7061),
(309, 930.263, -1585.44, 29.2799),
(310, 928.059, -1585.41, 29.2802),
(311, -29.8738, -1673.02, 28.4917),
(312, -43.6494, -1759.54, 28.4917),
(313, -42.1226, -1757.89, 28.4917),
(314, 157.001, -1817.4, 27.0877),
(315, 158.436, -1818.65, 27.0935),
(316, 355.239, -1810.01, 27.9333),
(317, 357.281, -1811.72, 27.9703),
(318, 358.638, -1810.68, 27.988),
(319, 391.471, -1815.17, 27.999),
(320, 393.198, -1813.68, 27.995),
(321, 98.7745, -1655.97, 28.2916),
(322, -515.865, -813.523, 29.4829),
(323, -562.482, -707.957, 32.007),
(324, -561.541, -709.913, 31.9819),
(325, -762.638, -908.323, 18.6674),
(326, -154.863, 201.093, 89.7367),
(327, -120.86, 215.614, 93.4879),
(328, -120.354, 218.077, 93.5715),
(329, -174.87, 204.245, 87.2735),
(330, -178.918, 204.113, 86.7828),
(331, -205.756, 219.48, 87.0198),
(332, -207.79, 219.525, 86.886),
(333, -279.971, 197.811, 84.6268),
(334, -279.979, 200.826, 84.676),
(335, -278.784, 207.471, 84.7856),
(336, -183.48, 243.687, 91.6768),
(337, -180.9, 243.193, 91.7833),
(338, -260.165, 294.042, 90.6577),
(339, -259.674, 292.185, 90.5238),
(340, -365.886, 180.834, 78.9145),
(341, -367.573, 189.606, 79.4481),
(342, -422.959, 180.362, 79.5314),
(343, -548.265, 297.129, 82.0166),
(344, -558.394, 295.133, 82.0214),
(345, -547.129, 286.556, 82.0205),
(346, 454.716, -1277.05, 28.5443),
(347, 462.695, -1273.87, 28.7055),
(348, 487.875, -1282.1, 28.4275),
(349, 487.93, -1284.33, 28.4455),
(350, 159.833, -778, 30.6884),
(351, 160.489, -776.269, 30.7649),
(352, 50.7179, -831.721, 30.0763),
(353, 74.3083, -874.899, 29.4724),
(354, 18.2766, -1119.78, 27.9167),
(355, -3.68643, -1081.9, 25.678),
(356, -4.28467, -1083.71, 25.6721),
(357, 458.445, -550.182, 27.4998),
(358, 493.755, -633.237, 23.884),
(359, 490.764, -632.781, 23.894),
(360, -559.703, -821.885, 26.5447),
(361, -570.072, -858.659, 25.4595),
(362, -572.914, -902.344, 24.6913),
(363, -690.159, -917.066, 22.6719),
(364, -692.18, -916.364, 22.6719),
(365, -1192.84, -718.35, 20.3476),
(366, -1165.66, -753.806, 18.0287),
(367, -1167.08, -754.428, 18.026),
(368, -1170.27, -753.695, 18.1421),
(369, -1182.06, -750.062, 18.6712),
(370, -1189.48, -717.467, 20.323),
(371, -1207.3, -726.284, 20.4297),
(372, -1234.52, -689.829, 22.8707),
(373, -1234.38, -694.231, 22.6097),
(374, -1245.17, -680.484, 24.9936),
(375, -1246.52, -679.172, 24.9936),
(376, -1268.49, -650.331, 25.9254),
(377, -1298.9, -622.845, 25.9899),
(378, -1301.19, -618.503, 26.1882),
(379, -1299.94, -620.942, 26.0784),
(380, -1308.7, -604.111, 26.9564),
(381, -1312.99, -597.323, 27.3865),
(382, -1310.63, -600.489, 27.1859),
(383, -1321.64, -586.808, 28.075),
(384, -1326.33, -582.803, 28.3727),
(385, -1326.74, -564.752, 29.2338),
(386, -1330.08, -560.509, 29.5395),
(387, -1345.16, -556, 29.4581),
(388, -1460.68, -627.042, 29.7584),
(389, -1422.4, -662.142, 27.7112),
(390, -1417.84, -655.432, 27.6734),
(391, -1427.73, -644.962, 27.6734),
(392, -1406.83, -632.558, 27.6734),
(393, -1397.56, -636.858, 27.6734),
(394, -1390.85, -649.584, 27.6734),
(395, -1396.22, -638.76, 27.6734),
(396, -1387.96, -650.342, 27.6734),
(397, -1379.25, -639.105, 27.6734),
(398, -1377.18, -638.537, 27.6734),
(399, -1368.03, -667.233, 25.7255),
(400, -1367.32, -669.579, 25.3541),
(401, -1354.89, -720.477, 22.7554),
(402, -1351.83, -737.053, 21.5289),
(403, -1352.91, -735.188, 21.6518),
(404, -1337.67, -742.45, 21.3254),
(405, -1349.28, -758.387, 21.4306),
(406, -1343.05, -762.783, 19.2712),
(407, -1341.26, -761.487, 19.3018),
(408, -1325.1, -765.8, 19.4186),
(409, -1322.99, -771.623, 19.288),
(410, -1305.66, -772.545, 18.7211),
(411, -1321.31, -774.941, 19.0131),
(412, -1299.31, -784.718, 16.7142),
(413, -1307.74, -796.726, 16.5501),
(414, -1287.49, -799.878, 16.6117),
(415, -1305.68, -799.218, 16.5633),
(416, -1285, -800.25, 16.5978),
(417, -1301.4, -806.977, 16.5993),
(418, -1265.21, -824.537, 16.0992),
(419, -1298.33, -804.945, 16.6005),
(420, -1263.58, -827.14, 16.0943),
(421, -1268.64, -827.609, 16.0992),
(422, -1285.06, -825.079, 16.1087),
(423, -1284.97, -830.458, 16.0992),
(424, -1281.47, -836.501, 16.104),
(425, -1286.52, -831.192, 16.0992),
(426, -1256.39, -864.406, 11.3218),
(427, -1170.24, -1100.78, 1.42649),
(428, -1181.1, -1089.84, 1.2197),
(429, -1072.02, -1027.78, 1.09557),
(430, -1054.94, -1016.23, 1.11216),
(431, -833.583, -1066.18, 10.2635),
(432, -843.844, -1074.08, 9.81005),
(433, -835.786, -1067.34, 10.1376),
(434, -842.072, -1072.63, 9.82389),
(435, -840.6, -1070.94, 9.8641),
(436, -849.454, -1112.38, 6.06241),
(437, -847.068, -1111.06, 6.06347),
(438, -845.777, -1112.88, 6.06125),
(439, -883.342, -1142.1, 4.77641),
(440, -885.057, -1142.99, 4.80458),
(441, -896.517, -1145.7, 5.00127),
(442, -921.916, -1160.71, 3.76784),
(443, -1092.71, -1253.56, 4.38173),
(444, -1094.81, -1254.59, 4.36562),
(445, -1099.65, -1286.81, 4.46271),
(446, -1145.22, -1539.92, 3.36888),
(447, -1158.58, -1556.42, 3.33335),
(448, -1155.08, -1538.28, 3.2686),
(449, -1139.34, -1530.78, 3.34955),
(450, -1153.47, -1540.2, 3.25547),
(451, -1139.33, -1529, 3.3639),
(452, -1132.16, -1591.87, 3.36686),
(453, -1125.11, -1616.46, 3.39843),
(454, -1130.76, -1593.61, 3.36289),
(455, -1126.53, -1599.79, 3.38092),
(456, -1116.63, -1615.61, 3.39843),
(457, -1115.23, -1617.75, 3.39843),
(458, -1109.62, -1626.76, 3.50275),
(459, -1125.02, -1590.88, 3.39614),
(460, -1098.03, -1628.04, 3.46809),
(461, -1091.98, -1621.72, 3.73273),
(462, -1099.15, -1589.87, 3.58439),
(463, -1111.58, -1632.13, 3.61596),
(464, -1096.57, -1630.6, 3.42825),
(465, -1099.76, -1645.3, 3.5136),
(466, -1085.75, -1668.17, 3.70497),
(467, -1083.89, -1666.84, 3.70497),
(468, -1031.63, -1567.08, 4.13764),
(469, -1032.83, -1565.26, 4.12861),
(470, -1203.09, -1477.44, 3.37967),
(471, -1192.67, -1514.66, 3.3747),
(472, -1206.24, -1479.43, 3.37967),
(473, -1194.59, -1512.33, 3.36581),
(474, -1207.67, -1481.98, 3.3603),
(475, -1146.29, -1445.94, 3.65074),
(476, -1161.47, -1456.26, 3.33903),
(477, -1126.3, -1451.76, 3.9482),
(478, -1126.47, -1455.76, 3.9356),
(479, -1131.06, -1415.04, 4.15275),
(480, -1146.78, -1379.27, 3.87257),
(481, -1177.01, -1405.1, 3.65269),
(482, -1178.48, -1403.05, 3.64261),
(483, -1187.12, -1390.92, 3.55354),
(484, -1167.65, -1397.19, 3.87304),
(485, -1165.73, -1395.85, 3.91695),
(486, -1194.84, -1375.13, 3.51505),
(487, -1243.84, -1359.72, 3.06648),
(488, -1251.39, -1281.02, 3.00452),
(489, -1534.42, -884.204, 9.64526),
(490, -1536.32, -886.596, 9.64521),
(491, -1503.08, -888.963, 9.10753),
(492, -1501.71, -890.129, 9.10753),
(493, -1478.95, -898.443, 9.02359),
(494, -1477.04, -899.422, 9.02359),
(495, -1482.12, -908.338, 9.02358),
(496, -1484.07, -910.642, 9.02358),
(497, -1466.82, -936.833, 9.23607),
(498, -1147.39, -955.227, 1.65873),
(499, -1127.5, -943.825, 1.64027),
(500, -709.014, -1140, 9.81098),
(501, -714.281, -1133.86, 9.80977),
(502, -632.277, -1152.53, 8.68992),
(503, 304.654, -1289.51, 29.6125),
(504, 300.807, -1286.22, 29.3946),
(505, 187.416, -1319.71, 28.3206),
(506, 168.005, -1345.96, 28.3261),
(507, 166.456, -1347.63, 28.3147),
(508, 163.858, -1351.13, 28.3048),
(509, 155.056, -1309.06, 28.2023),
(510, 155.934, -1307, 28.2023),
(511, 166.127, -1294.21, 28.4479),
(512, -17.2517, -1388.75, 28.3709),
(513, -98.7376, -1414.76, 28.5349),
(514, -98.4746, -1412.19, 28.6247),
(515, -98.6155, -1410.41, 28.6202),
(516, -168.387, -1412.32, 29.9866),
(517, -171.903, -1459.83, 30.6962),
(518, -138.749, -1453.34, 32.4661),
(519, -114.255, -1452.84, 32.4509),
(520, -94.8104, -1468.81, 32.1143),
(521, -93.5576, -1470.6, 32.0784),
(522, -1987.31, -487.787, 10.6693),
(523, -1989.27, -489.592, 10.6019),
(524, -1897.78, -608.196, 10.6828),
(525, -3051.27, 175.698, 10.5984),
(526, -3049.24, 175.578, 10.6053),
(527, -3047.06, 175.962, 10.608),
(528, -80.6156, -1265.85, 28.1683),
(529, -78.0329, -1265.98, 28.1791),
(530, -56.1317, -1265.15, 28.1069),
(531, -49.8727, -1265.47, 28.1353),
(532, -43.8778, -1285.51, 28.0952),
(533, -43.7861, -1299.94, 28.087),
(534, -11.0195, -1308.53, 28.2715),
(535, -3088.24, 225.946, 12.9915),
(536, -2954.81, 379.155, 14.0283),
(537, -2954.55, 388.368, 14.0207),
(538, -2954.48, 390.437, 14.0207),
(539, -2947.48, 417.698, 14.2752),
(540, -2949.85, 421.007, 14.2809),
(541, -3032.12, 730.898, 21.7133),
(542, -3175.92, 1097.08, 19.8225),
(543, -3173.06, 1096.12, 19.8383),
(544, -3165.27, 1115.14, 19.7906),
(545, -170.005, -1348.44, 29.0291),
(546, -187.866, -1373.08, 30.2582),
(547, -189.811, -1374.28, 30.2582),
(548, -191.978, -1375.45, 30.2582),
(549, -3244.39, 995.147, 11.4768),
(550, -3248.49, 1009.8, 11.4678),
(551, -2225.37, 4224.08, 46.0848),
(552, -2228.43, 4223.95, 45.9133),
(553, -2223.93, 4221.53, 46.0294),
(554, -2226.88, 4221.4, 46.0221),
(555, -310.95, -1535.36, 26.8181),
(556, -311.946, -1537.63, 26.8452),
(557, -313.047, -1539.68, 26.8463),
(558, -313.965, -1541.52, 26.8472),
(559, -683.422, 5788.03, 16.331),
(560, -408.485, 6375.25, 13.0048),
(561, -377.081, 6073.28, 30.4842),
(562, -399.521, 6081.18, 30.5001),
(563, -398.082, 6096.07, 30.4559),
(564, -435.934, 6144.13, 30.4782),
(565, -254.73, 6250.31, 30.4892),
(566, -256.089, 6246.78, 30.4892),
(567, -191.007, 6429.63, 30.5226),
(568, -189.521, 6431.24, 30.5116),
(569, -69.1416, 6442.69, 30.4931),
(570, -80.2962, 6477.21, 30.4909),
(571, -82.5328, 6479.31, 30.4909),
(572, -93.4496, 6494.91, 30.4909),
(573, -95.3089, 6496.77, 30.4909),
(574, -75.5569, 6503.41, 30.4909),
(575, -72.364, 6504.1, 30.4909),
(576, -153.831, 6349.55, 30.5935),
(577, -138.3, 6342.68, 30.4909),
(578, -125.482, 6345.32, 30.4904),
(579, -117.012, 6365.42, 30.4721),
(580, -115.598, 6366.89, 30.4708),
(581, -135.155, 6267.45, 30.3379),
(582, -102.368, 6253.93, 30.3536),
(583, -127.889, 6230.25, 30.3396),
(584, -120.496, 6207.83, 30.2031),
(585, -79.8767, 6528.24, 30.4883),
(586, -156.283, 6190.46, 30.2903),
(587, -29.1319, 6529.43, 30.4909),
(588, -5.36687, 6511.4, 30.5663),
(589, -23.7967, 6297.88, 30.3705),
(590, -6.25261, 6480.51, 30.4919),
(591, -23.1499, 6296.04, 30.3706),
(592, -14.2331, 6478.39, 30.4542),
(593, -35.7835, 6451.75, 30.4784),
(594, -39.2001, 6434.14, 30.4701),
(595, 33.0849, 6293.68, 30.2304),
(596, 35.6108, 6295.35, 30.2299),
(597, -46.7688, 6448.33, 30.4765),
(598, 71.3874, 6315.46, 30.2258),
(599, 69.5396, 6318.66, 30.2258),
(600, 9.58974, 6314.88, 30.3619),
(601, 171.628, 6411.86, 30.1418),
(602, 146.94, 6389.8, 30.3061),
(603, 145.12, 6388.73, 30.3093),
(604, -590.258, -1764.33, 22.1803),
(605, 180.454, 6442.36, 30.2722),
(606, 178.944, 6444.17, 30.2996),
(607, -600.491, -1788.15, 23.4995),
(608, 106.491, 6369.59, 30.3759),
(609, 85.4354, 6359.73, 30.3759),
(610, -608.148, -1783.98, 22.6372),
(611, -609.824, -1785.04, 22.6561),
(612, 404.356, 6497.53, 26.8802),
(613, 404.254, 6476.03, 27.9025),
(614, -627.292, -1611.35, 25.5626),
(615, -600.31, -1592.72, 28.075),
(616, 1596.98, 6454.96, 24.3171),
(617, 1597.3, 6460.07, 24.3172),
(618, -538.857, -1776.8, 22.9087),
(619, 1479.44, 6381.29, 22.3089),
(620, -534.497, -1779.77, 21.6917),
(621, 1500.76, 6337.89, 22.9407),
(622, 1472.98, 6370.53, 22.6263),
(623, -361.041, -1869.07, 19.528),
(624, -361.766, -1864.9, 19.5281),
(625, -362.049, -1860.78, 19.5331),
(626, -175.562, -1728.6, 30.7313),
(627, 2411.58, 5049.55, 45.1429),
(628, -213.048, -1718.53, 32.5496),
(629, 2946.5, 4633.71, 47.5446),
(630, 2888.1, 4485.42, 47.2907),
(631, 2869.9, 4422.44, 47.762),
(632, 2868.9, 4412.64, 48.1519),
(633, -26.8374, -1639.74, 28.294),
(634, -28.5462, -1641.69, 28.2901),
(635, 2522.69, 4210.69, 38.9343),
(636, 2519.71, 4213.93, 38.9337),
(637, 2501.25, 4213.73, 38.7759),
(638, 241.681, -1770.17, 27.7818),
(639, 243.112, -1771.41, 27.7917),
(640, 227.928, -1769, 27.7007),
(641, 229.83, -1777.82, 27.9085),
(642, 224.296, -1772.93, 28.0035),
(643, 215.612, -1765.84, 28.1954),
(644, 379.84, -900.886, 28.425),
(645, 2455.58, 4054.63, 37.0646),
(646, 510.788, -1750.22, 27.6923),
(647, 510.98, -1748.56, 27.6923),
(648, 513.129, -1749.59, 27.6923),
(649, 517.305, -1751.86, 27.6923),
(650, 520.401, -1753.79, 27.6923),
(651, 535.828, -1762.1, 27.8927),
(652, 534.531, -1764.4, 27.798),
(653, 533.668, -1766.93, 27.8188),
(654, 287.082, -1810.93, 26.1677),
(655, 285.573, -1812.8, 26.1192),
(656, 191.858, -1730.52, 28.2918),
(657, 170.798, -1703.17, 28.2919),
(658, 167.218, -1707.31, 28.2917),
(659, -221.045, -1563.18, 33.2145),
(660, -219.561, -1561.4, 33.2181),
(661, -209.289, -1548.59, 33.1285),
(662, -192.944, -1533.12, 32.8312),
(663, -234.288, -1583.98, 33.0999),
(664, -234.518, -1586.21, 33.1015),
(665, -234.283, -1588.47, 33.1578),
(666, -234.282, -1607.91, 33.2517),
(667, -229.254, -1636.76, 32.7038),
(668, 1975.63, 3786.95, 31.1795),
(669, 1967.75, 3756.66, 31.2152),
(670, 1903.71, 3735.97, 31.583),
(671, 1925.48, 3744.75, 31.515),
(672, 1946.38, 3831.27, 31.1484),
(673, 1681.89, 3571.26, 34.467),
(674, 187.739, -1552.42, 28.2049),
(675, 189.215, -1554.3, 28.2202),
(676, 177.851, -1539.56, 28.1423),
(677, 174.806, -1535.39, 28.1421),
(678, -9.03018, -1528.22, 28.821),
(679, -9.87834, -1529.6, 28.8147),
(680, -12.3712, -1541.76, 28.566),
(681, -22.4582, -1533.36, 29.2227),
(682, -16.1459, -1532.61, 28.7972),
(683, 1722.7, 3697.88, 33.4725),
(684, 1868.84, 3759.52, 32.0066),
(685, -1230.32, -1219.2, 6.00931),
(686, -1228.67, -1218.74, 6.02239),
(687, -1226.38, -1218.09, 6.04256),
(688, -1259.3, -1221.29, 3.9963),
(689, -1257.08, -1220.7, 3.97583),
(690, 1558.18, 3804.16, 33.2523),
(691, 53.769, -1626.93, 28.3771),
(692, 56.2325, -1624.02, 28.4203),
(693, 58.2235, -1621.67, 28.4242),
(694, 122.356, -1597.8, 28.5917),
(695, 156.648, -1655.41, 28.2917),
(696, 147.945, -1652.79, 28.2917),
(697, 143.469, -1658.68, 28.3312),
(698, 138.112, -1667.41, 28.4668),
(699, 130.702, -1671.42, 28.3743),
(700, 134.45, -1690.75, 28.3068),
(701, 147.305, -1698.84, 28.6179),
(702, 145.946, -1676.91, 28.6331),
(703, -1792.2, -397.058, 43.9557),
(704, -1799.31, -406.349, 43.7869),
(705, -1800.36, -407.993, 43.6979),
(706, -1800.91, -397.064, 43.8489),
(707, -1753.67, -377.743, 44.7025),
(708, -1752.08, -379.366, 44.6745),
(709, 2542.25, 343.704, 107.458),
(710, 2542.11, 341.665, 107.458),
(711, 2542.56, 339.91, 107.458),
(712, 2557.62, 283.69, 107.609),
(713, 2510.2, -453.969, 91.9929),
(714, 2508.74, -455.441, 91.9929),
(715, 2478.85, -459.265, 91.9938),
(716, 130.762, -1886.45, 22.5008),
(717, 103.848, -1808.5, 27.7236),
(718, 188.166, -1846.17, 26.1993),
(719, 190.32, -1915.86, 21.6239),
(720, 240.745, -1948.9, 22.0224),
(721, 303.403, -2102.98, 16.4208),
(722, 305.24, -2102.21, 16.588),
(723, 342.942, -2093.12, 17.5699),
(724, 342.002, -2091.81, 17.6028),
(725, 416.853, -2069.07, 20.5318),
(726, 421.026, -2061.27, 21.3755),
(727, 421.747, -2059.52, 21.2829),
(728, 413.274, -2047.77, 21.3115),
(729, 416.865, -2014.27, 22.1267),
(730, 414.04, -2013.15, 22.6047),
(731, 461.478, -1973.99, 24.3496),
(732, 449.738, -1974.92, 22.1868),
(733, 448.399, -1973.25, 22.1667),
(734, 442.18, -1966.67, 22.1888),
(735, 427.831, -1962.58, 22.4048),
(736, 348.249, -1071.43, 28.58),
(737, 335.771, -1074.72, 28.5502),
(738, 341.672, -1076.67, 28.5322),
(739, 335.666, -1077.87, 28.5081),
(740, 336.136, -1081.9, 28.4536),
(741, 341.676, -1102.53, 28.4064),
(742, 341.734, -1106.79, 28.4064),
(743, 382.294, -1115.23, 29.0546),
(744, 194.717, -2015.45, 17.287),
(745, 218.393, -2012.18, 17.9088),
(746, 206.61, -2000.3, 17.8615),
(747, 249.362, -1964.66, 20.9607),
(748, 356.608, -1869.41, 25.8777),
(749, 357.593, -1867.83, 25.9699),
(750, -241.312, -1471.32, 30.4993),
(751, -242.667, -1473.2, 30.4782),
(752, -243.831, -1475.05, 30.4576),
(753, -900.202, -2749.04, 13.5745),
(754, -906.144, -2750.55, 13.8621),
(755, -909.298, -2751.18, 12.9445),
(756, -908.314, -2749.48, 12.9445),
(757, -907.055, -2746.97, 12.9445),
(758, -897.11, -2755.44, 15.3732),
(759, -893.698, -2757.64, 15.3852),
(760, -886.415, -2750.22, 12.9378),
(761, -885.311, -2748.15, 12.9388),
(762, -884.09, -2745.93, 12.9394),
(763, -700.954, -2446.45, 12.9444),
(764, -709.326, -2453.23, 12.9509),
(765, -713.739, -2450.71, 12.9444),
(766, -964.641, -183.701, 36.8009),
(767, -963.192, -186.423, 36.8009),
(768, -622.829, 292.318, 80.9747),
(769, -622.845, 294.516, 81.1385),
(770, -622.806, 301.859, 81.2398),
(771, -622.555, 304.504, 81.2428),
(772, -619.819, 300.583, 81.2528),
(773, -619.309, 325.85, 81.2614),
(774, 488.302, -1505.33, 28.2964),
(775, 488.325, -1511.63, 28.7565),
(776, 378.375, -1265.2, 31.4947),
(777, 484.469, -1074.99, 28.0993),
(778, 484.525, -1118.23, 28.2727),
(779, 459.761, -1118.19, 28.3249),
(780, 812.773, -1012.91, 25.2412),
(781, 890.827, -995.381, 31.9714),
(782, 911.678, -994.15, 34.7981),
(783, 939.548, -988.596, 37.5736),
(784, 941.312, -1004.3, 37.3848),
(785, 909.482, -1069.52, 31.8313),
(786, 906.582, -1069.26, 31.8286),
(787, 896.168, -1067.85, 34.056),
(788, 888.322, -1049.47, 31.8285),
(789, 880.555, -1076.47, 28.726),
(790, 878.675, -1076.52, 28.5693),
(791, 820.824, -1075.9, 27.3419),
(792, 949.83, -1074.55, 35.3031),
(793, 961.943, -1003.09, 39.227),
(794, 974.538, -1004.77, 40.5118),
(795, 967.768, -946.944, 41.6934),
(796, 968.492, -949.012, 41.4666),
(797, 956.581, -914.838, 41.9983),
(798, 1126.53, -976.851, 45.5534),
(799, 1128.47, -976.426, 45.5546),
(800, 1148.74, -1014, 43.5657),
(801, 1148.5, -1012.26, 43.6545),
(802, -22.252, -1295.73, 28.3556),
(803, 1153.9, -380.754, 66.3297),
(804, 1153.22, -383.538, 66.3062),
(805, 1148.01, -402.618, 66.3),
(806, 1147.61, -404.54, 66.3022),
(807, 1146.32, -409.126, 66.301),
(808, 1144.63, -416.86, 66.3089),
(809, 1149.75, -437.622, 66.0005),
(810, 1141.56, -427.268, 66.3307),
(811, 1141.92, -425.271, 66.2916),
(812, 120.439, -3003.28, 6.03092),
(813, 120.528, -3001, 6.03092),
(814, 131.511, -3324.84, 5.02193),
(815, 117.519, -3243.47, 5.01759),
(816, 117.333, -3062.86, 5.01729),
(817, 117.296, -3053.08, 5.01718),
(818, 123.354, -2883.85, 4.99999),
(819, 124.014, -2887.46, 4.99999),
(820, 124.412, -2866.88, 4.99999),
(821, 124.237, -2868.68, 4.99999),
(822, 181.548, -2851.44, 4.99999),
(823, 161.514, -2914.44, 5.00003),
(824, 157.819, -3014.68, 5.02194),
(825, 157.714, -3019.78, 5.02194),
(826, 218.944, -2985.4, 7.15056),
(827, 157.294, -3313.51, 5.02194),
(828, 160.999, -3242.08, 4.97737),
(829, 160.75, -3147.65, 4.98188),
(830, 216.477, -3099.44, 5.72609),
(831, 238.527, -3121.64, 5.85131),
(832, 245.851, -3123, 4.79027),
(833, 243.181, -3132.27, 4.79027),
(834, 260.989, -3130.25, 4.79027),
(835, 260.907, -3124.95, 4.79027),
(836, 266.009, -3212.09, 6.05741),
(837, 304.982, -3256.16, 6.02513),
(838, 304.687, -3258.81, 4.79712),
(839, 308.152, -2947.39, 7.29447),
(840, 284.937, -3057.5, 4.91381),
(841, 276.854, -3071.03, 4.77517),
(842, 274.934, -3072.86, 4.77504),
(843, 594.733, -2919.47, 6.21195),
(844, 595.135, -2916.73, 6.13206),
(845, 600.169, -2916.06, 6.29275),
(846, 591.748, -2892.38, 7.35121),
(847, 592.445, -2889.13, 7.35955),
(848, 592.094, -2881.46, 5.9992),
(849, 600.397, -2743.72, 6.00456),
(850, 598.649, -2775.17, 6.22346),
(851, 596.568, -2789.62, 5.05855),
(852, 621.06, -2781.11, 5.05684),
(853, 594.908, -2791.89, 5.94187),
(854, 579.183, -2820.12, 5.05626),
(855, 563.713, -2827.59, 6.04374),
(856, 524.288, -2814.03, 5.04166),
(857, 505.622, -2810.39, 6.16841),
(858, 799.565, -2922.77, 5.99459),
(859, 800.163, -2948.71, 5.02059),
(860, 802.135, -2949.06, 5.02066),
(861, 813.806, -2949.01, 5.02066),
(862, 815.703, -2949.04, 5.02066),
(863, 772.083, -1397.2, 25.6859),
(864, 774.559, -1397.14, 25.7899),
(865, 778.035, -1371.18, 25.635),
(866, 778.011, -1373.43, 25.6827),
(867, 696.899, -1356.59, 25.5718),
(868, 732.692, -1415.91, 26.4584),
(869, 2540.47, 2599.65, 36.945),
(870, 2530.22, 2641.36, 36.9448),
(871, 2533.33, 2641.3, 36.9449),
(872, 2673.69, 3293.82, 54.2405),
(873, 2672.62, 3292.21, 54.2405),
(874, 2671.82, 3466.24, 57.0787),
(875, 2802.66, 3509.43, 54.692),
(876, 2805.21, 3507.52, 54.3148),
(877, -20.0537, 6387.75, 30.3549),
(878, -52.3888, 6355.08, 30.3779),
(879, -80.2306, 6382.72, 32.6213),
(880, -83.9578, 6386.69, 32.6764),
(881, -57.8048, 6413.4, 30.4904),
(882, -47.0982, 6402.19, 32.8732),
(883, -49.7912, 6418.83, 30.4904),
(884, 5.58584, 6411.71, 30.351),
(885, -35.4216, 6430.69, 32.5949),
(886, -180.605, 6316.55, 30.4067),
(887, -184.486, 6319.97, 30.4256),
(888, -186.222, 6321.8, 30.4413),
(889, -162.772, 6309.12, 30.4853),
(890, -160.679, 6307.55, 30.4851),
(891, -286.869, 6309.85, 30.4923),
(892, -336.944, 6228.5, 30.4881),
(893, -338.445, 6230.2, 30.4881),
(894, -577.842, 5230.97, 69.5359),
(895, -579.757, 5230.19, 69.4927),
(896, -567.984, 5245.22, 69.467),
(897, -1506.46, -512.734, 31.8069),
(898, -1504.34, -510.872, 31.8069),
(899, -1543.92, -566.961, 32.7324),
(900, -1547.62, -566.464, 33.9485),
(901, -1558.63, -478.106, 34.4343),
(902, -1525.09, -457.399, 34.4481),
(903, -1516.39, -411.718, 34.5919),
(904, -1518.92, -408.964, 34.5919),
(905, -1520.2, -407.839, 34.5919),
(906, -1432.02, -445.191, 34.6444),
(907, -1433.31, -395.394, 35.2242),
(908, -1435.22, -392.409, 35.3961),
(909, -1438.81, -382.403, 36.8763),
(910, -1440.29, -380.076, 37.0431),
(911, -1441.73, -381.844, 37.0167),
(912, -1460.19, -372.798, 38.1594),
(913, -1468.01, -365.61, 39.1412),
(914, -1469.6, -364.007, 39.1385),
(915, -1414.25, -390.327, 35.2858),
(916, -1385.76, -335.075, 38.6412),
(917, -1383.74, -333.735, 38.5923),
(918, -455.324, 66.2375, 57.4741),
(919, -457.488, 66.5342, 57.5353),
(920, -557.758, 307.307, 82.7539),
(921, -557.505, 310.038, 82.7068),
(922, -2954.52, 445.751, 14.287),
(923, -2952.06, 445.675, 14.2849),
(924, -2980.24, 592.276, 18.1517),
(925, -1089.79, 2723.09, 18.0364),
(926, 406.642, 2626.53, 43.4745),
(927, 405.504, 2624.72, 43.4594),
(928, 453.405, -932.254, 27.4866),
(929, 452.974, -917.339, 27.472),
(930, 1255.6, -1652.31, 45.8167),
(931, 1256.42, -1654.51, 45.7248),
(932, -802.866, -2866.58, 12.9474),
(933, -800.8, -2867.33, 12.9474),
(934, -786.882, -2843.08, 13.5863),
(935, -783.226, -2844.15, 13.8924),
(936, -849.869, -2930.13, 12.9701),
(937, -854.986, -2928.3, 12.97),
(938, -929.893, -2930.77, 12.9509),
(939, -902.755, -3085.01, 12.9444),
(940, -905.083, -3088.9, 12.9444),
(941, -1311.48, -3307.97, 14.0515),
(942, 153.556, -1974.39, 17.4663),
(943, -561.919, -703.973, 32.0176),
(944, -562.575, -702.224, 32.0176),
(945, -1684.38, -3177.87, 12.9453),
(946, -1661.29, -3204.59, 15.2875),
(947, -1670.79, -3196.73, 12.9449),
(948, 121.569, -1087.61, 28.2138),
(949, 125.92, -1087.34, 28.2009),
(950, -23.4733, -1032.81, 29.0008),
(951, 645.775, 139.865, 90.4976),
(952, 644.942, 137.902, 90.3619),
(953, -477.558, 764.155, 169.138),
(954, -479.035, 760.803, 168.277),
(955, -1194.54, -719.677, 20.3235),
(956, -1394.41, -443.723, 33.4776),
(957, -1395.42, -446.08, 33.4797),
(958, -1396.38, -445.061, 33.4776),
(959, -1085.54, -554.136, 33.6078),
(960, -1087.39, -554.968, 33.5348),
(961, -1091.36, -545.828, 34.1556),
(962, 235.377, -1354.07, 29.5612),
(963, 205.638, -1377.61, 29.6105),
(964, 204.321, -1379.77, 29.5875),
(965, 441.276, -1495.89, 28.2912),
(966, 443.139, -1495.23, 28.2687),
(967, 444.941, -1494.53, 28.2785),
(968, 447.015, -1493.84, 28.2906),
(969, 452.314, -1498.53, 28.292),
(970, 452.86, -1500.41, 28.292),
(971, 445.303, -1553.21, 28.2826),
(972, 442.649, -1555.13, 28.2826),
(973, 443.041, -1556.87, 28.2826),
(974, 444.102, -1556.97, 28.2826),
(975, 445.894, -1555.53, 28.2826),
(976, 463.9, -1540.89, 28.7537),
(977, 434.783, -1553.41, 28.2792),
(978, 465.882, -1538.67, 28.298),
(979, 431.681, -1551.26, 28.5017),
(980, 425.985, -1525.56, 28.28),
(981, 425.03, -1523.64, 28.2829),
(982, 428.207, -1500.14, 28.2916),
(983, 422.949, -1520.45, 28.2881),
(984, 427.187, -1498.2, 28.2916),
(985, 423.388, -1519.31, 28.289),
(986, 424.87, -1518.45, 28.2887),
(987, 481.091, -1532.63, 28.3065),
(988, 780.947, -1852.37, 30.6034),
(989, -717.865, -882.855, 22.6596),
(990, -1047.5, -2394.27, 12.9451),
(991, -1019.66, -2364.36, 12.9446),
(992, -1011.56, -2363.07, 12.9445),
(993, -1008.95, -2361.19, 12.9445),
(994, -1014.95, -2359.8, 13.8944),
(995, -1771.05, -2835.27, 15.2762),
(996, -1776.3, -2843.01, 12.9443),
(997, -1778.44, -2843.95, 12.9443),
(998, -1779.1, -2845.74, 12.9443),
(999, -1819.11, -1232.67, 12.0173),
(1000, -1815.81, -1231.12, 12.0173),
(1751, -318.579, 6082.11, 30.3131);

-- --------------------------------------------------------

--
-- Table structure for table `bizes`
--

CREATE TABLE `bizes` (
  `id` int(11) NOT NULL,
  `name` varchar(128) NOT NULL,
  `owner` int(11) NOT NULL DEFAULT 0,
  `ownerName` varchar(128) NOT NULL DEFAULT '',
  `price` int(11) NOT NULL,
  `products` int(11) NOT NULL DEFAULT 0,
  `maxProducts` int(11) NOT NULL DEFAULT 1000,
  `productPrice` int(11) NOT NULL DEFAULT 1,
  `balance` int(11) NOT NULL DEFAULT 0,
  `bizType` int(11) NOT NULL,
  `status` int(11) NOT NULL DEFAULT 0 COMMENT '0 - closed, 1 - open, -1 - deleted',
  `staff` text NOT NULL,
  `x` float NOT NULL,
  `y` float NOT NULL,
  `z` float NOT NULL
) ENGINE=InnoDB DEFAULT CHARSET=utf8;

--
-- Dumping data for table `bizes`
--

INSERT INTO `bizes` (`id`, `name`, `owner`, `ownerName`, `price`, `products`, `maxProducts`, `productPrice`, `balance`, `bizType`, `status`, `staff`, `x`, `y`, `z`) VALUES
(1, 'Магазины одежды', 114, 'Aleksey Krutoy', 1000000, 1849, 10000, 9, 156684, 3, 1, '[]', 76.6175, -1389.46, 29.3761),
(2, 'Магазины одежды', 0, '', 600000, 9202, 10000, 1, 8000, 3, 1, '[]', -1098.39, 2712.5, 19.109),
(3, 'Магазины одежды', 0, '', 600000, 5280, 10000, 1, 47290, 3, 1, '[]', 1200.19, 2709, 38.2226),
(4, 'Магазины одежды', 0, '', 700000, 4150, 10000, 1, 58580, 3, 1, '[]', 1693.47, 4819.18, 42.0642),
(5, 'Магазины одежды', 1677, 'Sam Senohara', 700000, 5000, 10000, 1, 0, 3, 1, '[]', 1.76308, 6510.57, 31.879),
(7, 'Магазины одежды', 87, 'Tony Montana', 800000, 9565, 10000, 1, 37689, 3, 1, '[]', -818.628, -1073.01, 11.3281),
(8, 'Магазины одежды', 712, 'Joo Carter', 1200000, 8334, 10000, 7, 675, 3, 1, '[]', -1193.69, -768.789, 17.3191),
(9, 'Магазины одежды', 97, 'Frank Moses', 1300000, 10000, 10000, 9, 98441, 3, 1, '[]', 126.131, -222.94, 54.5578),
(10, 'Магазины одежды', 0, '', 800000, 8640, 10000, 1, 13620, 3, 1, '[]', -3170.6, 1044.74, 20.8632),
(12, 'Магазины одежды', 295, 'Vladimir Xaritonov', 1300000, 9999, 10000, 9, 0, 3, 1, '[]', -1450.12, -237.172, 49.8105),
(13, 'Магазины одежды', 51, 'Romeo Maldini', 1400000, 9107, 10000, 8, 12554, 3, 1, '[]', -710.157, -152.602, 37.4151),
(14, 'Магазины одежды', 51, 'Romeo Maldini', 1400000, 8805, 10000, 8, 83085, 3, 1, '[]', -163.285, -303.607, 39.7333),
(15, 'Оружейные магазины', 470, 'Jett Bayer', 650000, 2780, 10000, 8, 12644, 8, 1, '[]', -330.824, 6083.93, 31.4548),
(16, 'Оружейные магазины', 579, 'Samael Gigasi', 500000, 5880, 10000, 9, 37080, 8, 1, '[]', 1693.16, 3759.93, 34.7053),
(17, 'Оружейные магазины', 176, 'William Pashtet', 350000, 0, 10000, 1, 21500, 8, 1, '[]', -1117.73, 2698.7, 18.5541),
(18, 'Оружейные магазины', 189, 'Frank Costello', 550000, 2521, 10000, 9, 19360, 8, 1, '[]', -3172.45, 1087.62, 20.8387),
(19, 'Оружейные магазины', 0, '', 500000, 10000, 10000, 1, 0, 8, -1, '[]', 810.38, -2157.67, 29.619),
(20, 'Оружейные магазины', 274, 'Cristian Wright', 850000, 3720, 10000, 8, 85300, 8, 1, '[]', 842.398, -1033.9, 28.1948),
(21, 'Оружейные магазины', 0, '', 500000, 10000, 10000, 1, 0, 8, -1, '[]', 21.3799, -1106.46, 29.797),
(22, 'Оружейные магазины', 0, '', 500000, 10000, 10000, 1, 0, 8, -1, '[]', -662.485, -934.842, 21.8292),
(23, 'Оружейные магазины', 0, '', 500000, 10000, 10000, 1, 0, 8, -1, '[]', -1305.22, -393.809, 36.6958),
(24, 'Оружейные магазины', 79, 'Artem Moreau', 1000000, 9380, 10000, 9, 106493, 8, 1, '[]', 252.668, -49.6851, 69.9411),
(25, 'Оружейные магазины', 0, '', 500000, 10000, 10000, 1, 0, 8, -1, '[]', 2568.27, 293.887, 108.735),
(26, 'Магазин продуктов 24/7', 40, 'Emilio Bradberry', 800000, 1202, 10000, 9, 41362, 6, 1, '[]', -48.6283, -1757.7, 29.421),
(27, 'Магазин продуктов 24/7', 106, 'Baron Zaqaryan', 800000, 8618, 10000, 3, 6256, 6, 1, '[]', 1163.27, -324.049, 69.2051),
(28, 'Магазин продуктов 24/7', 44, 'Pavel Romanov', 600000, 2767, 10000, 9, 20466, 6, 1, '[]', -707.74, -914.658, 19.2156),
(29, 'Магазин продуктов 24/7', 199, 'Diego Moraes', 450000, 9561, 10000, 8, 5975, 6, 1, '[]', -1820.62, 792.313, 138.117),
(30, 'Магазин продуктов 24/7', 0, '', 450000, 0, 10000, 1, 0, 6, 1, '[]', 1698.15, 4924.82, 42.0637),
(31, 'Магазин продуктов 24/7', 599, 'Rilay Oxton', 450000, 9573, 10000, 9, 1026, 6, 1, '[]', 1392.37, 3605.01, 34.9809),
(32, 'Магазин продуктов 24/7', 48, 'Christofer Lacoste', 700000, 8698, 10000, 9, 12445, 6, 1, '[]', 26.0388, -1345.68, 29.497),
(33, 'Магазин продуктов 24/7', 188, 'Bernardo Rocca', 700000, 9865, 10000, 9, 1276, 6, 1, '[]', 374.453, 327.805, 103.566),
(35, 'Магазин продуктов 24/7', 932, 'Andrey Mansurov', 450000, 3450, 10000, 9, 5170, 6, 1, '[]', -3243.88, 1001.72, 12.8307),
(37, 'Магазин продуктов 24/7', 0, '', 550000, 8203, 10000, 1, 1797, 6, 1, '[]', 2677.28, 3281.62, 55.2411),
(38, 'Магазин продуктов 24/7', 493, 'Abigor Gigasi', 500000, 8816, 10000, 9, 10656, 6, 1, '[]', 1960.52, 3742.29, 32.3437),
(39, 'Магазин продуктов 24/7', 37, 'Sam Lanes', 450000, 0, 10000, 10, 0, 6, 1, '[]', 1729.99, 6416.14, 35.0372),
(40, 'Магазин продуктов 24/7', 0, '', 500000, 8314, 10000, 1, 1686, 6, 1, '[]', 2555.5, 382.354, 108.623),
(41, 'Магазин продуктов 24/7', 63, 'Clara Montana', 600000, 9405, 10000, 7, 19165, 6, 1, '[]', 1136.15, -982.785, 46.4158),
(42, 'Магазин продуктов 24/7', 5, 'Artyom Slyadnev', 700000, 0, 10000, 1, 0, 6, 1, '[]', -1222.34, -906.912, 12.3263),
(43, 'Магазин продуктов 24/7', 318, 'Malina Rich', 700000, 4544, 10000, 9, 900, 6, 1, '[]', -1488.06, -378.842, 40.1634),
(44, 'Магазин продуктов 24/7', 0, '', 550000, 9040, 10000, 9, 8640, 6, 1, '[]', -2968.17, 391.736, 15.0433),
(45, 'Магазин продуктов 24/7', 140, 'Enzo Changretta', 400000, 2442, 10000, 9, 15022, 6, 1, '[]', 1165.22, 2709.07, 38.1577),
(46, 'Барбершопы', 0, '', 700000, 10000, 10000, 1, 0, 4, 1, '[]', -1285.86, -1115.48, 6.99012),
(47, 'Барбершопы', 712, 'Joo Carter', 1000000, 10000, 10000, 7, 500, 4, 1, '[]', -30.2285, -150.132, 57.0765),
(48, 'Барбершопы', 0, '', 500000, 10000, 10000, 1, 0, 4, -1, '[]', -821.852, -185.043, 37.5689),
(49, 'Барбершопы', 0, '', 500000, 10000, 10000, 1, 0, 4, -1, '[]', 133.553, -1709.4, 29.2916),
(50, 'Барбершопы', 0, '', 500000, 10000, 10000, 1, 0, 4, -1, '[]', 1209.82, -470.235, 66.208),
(51, 'Барбершопы', 0, '', 600000, 10000, 10000, 1, 0, 4, 1, '[]', -279.244, 6231.54, 31.6955),
(52, 'Барбершопы', 0, '', 450000, 10000, 10000, 1, 0, 4, 1, '[]', 1931.76, 3726.8, 32.8444),
(53, 'Заправка', 53, 'Michael Carriage', 900000, 3734, 10000, 8, 18783, 5, 1, '[]', 817.02, -1026.18, 26.2627),
(54, 'Заправка', 0, '', 500000, 10000, 10000, 1, 0, 5, -1, '[]', 1205.46, -1402.45, 35.2241),
(55, 'Заправка', 0, '', 500000, 10000, 10000, 1, 0, 5, -1, '[]', 170.717, -1563.96, 29.2753),
(56, 'Заправка', 297, 'Felisa Bailey', 1000000, 4253, 10000, 1, 103957, 5, 1, '[]', -69.4235, -1765.91, 29.3259),
(57, 'Заправка', 0, '', 500000, 10000, 10000, 1, 0, 5, -1, '[]', -317.007, -1464.21, 30.5451),
(58, 'Заправка', 74, 'Martin Sopilqa', 1200000, 6542, 10000, 9, 16622, 5, 1, '[]', 267.374, -1261.22, 29.1429),
(59, 'Заправка', 0, '', 500000, 10000, 10000, 1, 0, 5, -1, '[]', -526.869, -1208.21, 18.1848),
(60, 'Заправка', 39, 'Leonid Shadrin', 800000, 8713, 10000, 9, 22181, 5, 1, '[]', -717.766, -932.602, 19.017),
(61, 'Заправка', 0, '', 500000, 10000, 10000, 1, 0, 5, -1, '[]', -1443.21, -272.87, 46.2179),
(62, 'Заправка', 92, 'Toyotomi Hideyoshi', 1200000, 8579, 10000, 8, 6368, 5, 1, '[]', -2094.52, -320.302, 13.0258),
(63, 'Заправка', 38, 'Maxim Podvalny', 700000, 5311, 10000, 9, 52201, 5, 1, '[]', 618.896, 263.746, 103.089),
(64, 'Заправка', 309, 'Riki Tokama', 700000, 610, 10000, 7, 1235, 5, 1, '[]', -1798.76, 799.013, 138.515),
(65, 'Заправка', 65, 'Smit Morgan', 700000, 4456, 10000, 9, 8716, 5, 1, '[]', 2585.93, 358.45, 108.457),
(66, 'Заправка', 85, 'Felix Jemison', 550000, 5054, 10000, 9, 747, 5, 1, '[]', 2007.43, 3772.88, 32.1808),
(67, 'Заправка', 0, '', 500000, 10000, 10000, 1, 0, 5, -1, '[]', 1784.08, 3328.7, 41.284),
(68, 'Заправка', 388, 'Kirill Bodrov', 400000, 3052, 10000, 5, 365, 5, 1, '[]', 1207.3, 2663.5, 37.8099),
(69, 'Заправка', 0, '', 500000, 10000, 10000, 1, 0, 5, -1, '[]', 262.549, 2609.59, 44.8913),
(70, 'Заправка', 0, '', 500000, 10000, 10000, 1, 0, 5, -1, '[]', 48.9965, 2776.79, 57.884),
(71, 'Заправка', 254, 'Luis Velton', 300000, 9586, 10000, 9, 3321, 5, 1, '[]', 1704.92, 6412.71, 32.7468),
(72, 'Заправка', 53, 'Michael Carriage', 400000, 2153, 10000, 9, 8179, 5, 1, '[]', 174.759, 6604.02, 31.8484),
(73, 'Заправка', 0, '', 500000, 10000, 10000, 1, 0, 5, -1, '[]', -95.4097, 6415.11, 31.48),
(74, 'Заправка', 200, 'Nikita Gremov', 450000, 9201, 10000, 8, 10913, 5, 1, '[]', -2551.64, 2329.96, 33.06),
(87, 'Бары', 49, 'Alex Reiner', 450000, 1000, 10000, 9, 20000, 2, 1, '[]', -58.0913, -91.481, 57.7594),
(88, 'Бары', 164, 'Teron Woodley', 450000, 1000, 10000, 5, 10000, 2, 1, '[]', 1217.73, -416.414, 67.7588),
(89, 'Бары', 0, '', 450000, 10000, 10000, 1, 0, 2, 1, '[]', 1985.6, 3053.13, 47.2152),
(90, 'Автомобильный салон', 0, '', 500000, 0, 10000, 1, 0, 9, 1, '[]', -32.6352, -1111.91, 26.4224),
(91, 'Автомобильный салон', 0, '', 500000, 10000, 10000, 1, 0, 9, -1, '[]', -803.155, -223.965, 37.225),
(92, 'Мотоциклетный салон', 0, '', 500000, 10000, 10000, 1, 0, 9, -1, '[]', 268.501, -1155.36, 29.29),
(93, 'Автомобильный салон', 0, '', 500000, 10000, 10000, 1, 0, 9, -1, '[]', -69.0984, 63.4427, 71.8913),
(94, 'Закусочная', 0, '', 500000, 10000, 10000, 1, 0, 1, -1, '[]', 815.973, 542.884, 125.92),
(95, 'Закусочная', 41, 'Urban Green', 150000, 10000, 10000, 9, 0, 1, 1, '[]', 649.761, 2728.38, 41.9959),
(96, 'Закусочная', 228, 'Will Glendale', 200000, 2000, 10000, 9, 6000, 1, 1, '[]', -2193.33, 4289.94, 49.1744),
(97, 'Закусочная', 0, '', 500000, 10000, 10000, 1, 0, 1, -1, '[]', 2562.17, 2590.88, 38.0831),
(98, 'Закусочная', 0, '', 500000, 10000, 10000, 1, 0, 1, -1, '[]', 2581.05, 464.73, 108.625),
(99, 'Закусочная', 0, '', 500000, 10000, 10000, 1, 0, 1, -1, '[]', -754.363, 5578.91, 36.7096),
(100, 'Закусочная', 0, '', 500000, 10000, 10000, 1, 0, 1, -1, '[]', -695.876, 5802.36, 17.3309),
(101, 'Закусочная', 0, '', 500000, 10000, 10000, 1, 0, 1, -1, '[]', -2963.53, 432.195, 15.2765),
(102, 'Закусочная', 272, 'Logan Fletcher', 250000, 1000, 10000, 9, 20000, 1, 1, '[]', -3047.98, 615.873, 7.40959),
(103, 'Закусочная', 254, 'Luis Velton', 150000, 1000, 10000, 9, 0, 1, 1, '[]', 1591.58, 6450.77, 25.3172),
(104, 'Закусочная', 0, '', 500000, 10000, 10000, 1, 0, 1, -1, '[]', -1654.63, -1037.05, 13.1528),
(105, 'Закусочная', 377, 'Dmitriy Montana', 300000, 10000, 10000, 5, 0, 1, 1, '[]', -1690.2, -1076.58, 13.1522),
(106, 'Закусочная', 0, '', 500000, 10000, 10000, 1, 0, 1, -1, '[]', -1182.33, -1410.74, 4.50325),
(107, 'Закусочная', 0, '', 500000, 10000, 10000, 1, 0, 1, -1, '[]', -1258.89, -760.923, 20.3335),
(108, 'Закусочная', 0, '', 500000, 10000, 10000, 1, 0, 1, -1, '[]', -1182.93, -883.824, 13.7589),
(109, 'Закусочная', 0, '', 500000, 10000, 10000, 1, 0, 1, -1, '[]', 166.104, -1451.46, 29.2416),
(110, 'Закусочная', 63, 'Clara Montana', 400000, 250, 10000, 7, 1500, 1, 1, '[]', 169.176, -1633.51, 29.2917),
(111, 'Закусочная', 0, '', 500000, 10000, 10000, 1, 0, 1, -1, '[]', -212.926, -40.6802, 50.0566),
(112, 'Закусочная', 72, 'Jacob Freeman', 300000, 0, 10000, 1, 30000, 1, 1, '[]', -1535.19, -422.602, 35.5919),
(113, 'Закусочная', 0, '', 500000, 10000, 10000, 1, 0, 1, -1, '[]', -1470.92, -135.47, 51.0899),
(114, 'Закусочная', 0, '', 500000, 10000, 10000, 1, 0, 1, -1, '[]', 81.3829, 274.832, 110.21),
(115, 'Закусочная', 187, 'Anch Machkalyan', 350000, 10000, 10000, 9, 0, 1, 1, '[]', 1093.26, -363.254, 67.0594),
(116, 'Закусочная', 0, '', 500000, 10000, 10000, 1, 0, 1, -1, '[]', 1241.42, -367.228, 69.0822),
(117, 'Закусочная', 0, '', 500000, 10000, 10000, 1, 0, 1, -1, '[]', 1199.35, -501.789, 65.1858),
(118, 'Закусочная', 0, '', 500000, 10000, 10000, 1, 0, 1, -1, '[]', -297.868, -1332.68, 31.296),
(119, 'Закусочная', 0, '', 500000, 10000, 10000, 1, 0, 1, -1, '[]', 370.251, -1027.62, 29.3335),
(120, 'Закусочная', 315, 'Lurk Wilson', 300000, 50, 10000, 9, 20000, 1, 1, '[]', -519.778, -677.585, 33.6711),
(121, 'Закусочная', 0, '', 500000, 10000, 10000, 1, 0, 1, -1, '[]', -657.504, -678.973, 31.4746);

-- --------------------------------------------------------

--
-- Table structure for table `bus_place`
--

CREATE TABLE `bus_place` (
  `id` int(11) NOT NULL,
  `bus` int(11) NOT NULL,
  `x` float NOT NULL,
  `y` float NOT NULL,
  `z` float NOT NULL,
  `type` int(11) NOT NULL
) ENGINE=InnoDB DEFAULT CHARSET=latin1;

--
-- Dumping data for table `bus_place`
--

INSERT INTO `bus_place` (`id`, `bus`, `x`, `y`, `z`, `type`) VALUES
(2, 3, 447.477, -674.45, 29.2345, 0),
(4, 3, 348.242, -676.235, 30.1751, 0),
(5, 3, 307.237, -765.257, 30.0554, 1),
(7, 3, 285.714, -832.797, 30.0003, 0),
(9, 3, 196.714, -826.979, 31.9072, 0),
(10, 3, 147.874, -853.306, 31.6202, 0),
(11, 3, 103.299, -974.465, 30.1313, 0),
(12, 3, -12.0756, -951.178, 30.2463, 0),
(13, 3, -79.1119, -919.17, 30.0754, 1),
(14, 3, -155.092, -898.464, 30.1886, 0),
(15, 3, -213.168, -931.79, 30.0846, 0),
(16, 3, -280.486, -1118.69, 23.8259, 0),
(17, 3, -288.051, -1386.34, 32.0608, 1),
(18, 3, -287.124, -1457.03, 32.0784, 0),
(20, 3, -409.04, -1735.87, 20.473, 0),
(21, 3, -413.401, -1794.63, 22.2953, 1),
(22, 3, -406.917, -1823.15, 21.7709, 0),
(23, 3, -457.804, -1868.07, 19.0807, 0),
(24, 3, -617.104, -2014.52, 18.1518, 0),
(25, 3, -824.322, -2224.87, 18.1759, 0),
(27, 3, -988.449, -2442.93, 20.9752, 0),
(29, 3, -1096.38, -2655.38, 20.9761, 0),
(30, 3, -1032.91, -2730.09, 20.9333, 1),
(31, 3, -953.782, -2745.09, 20.9826, 0),
(32, 3, -869.281, -2649.15, 19.5713, 0),
(33, 3, -786.949, -2504.62, 14.707, 0),
(34, 3, -689.724, -2361.59, 15.1159, 0),
(35, 3, -501.941, -2145.94, 9.86977, 0),
(36, 3, -458.857, -2158.11, 10.8097, 0),
(37, 3, -285.639, -2182.55, 11.1017, 0),
(38, 3, -230.533, -2203.28, 11.1088, 0),
(39, 3, -18.0787, -2130.54, 11.1161, 0),
(40, 3, 7.0358, -2061.65, 11.0695, 0),
(41, 3, -16.5793, -1988.65, 14.2319, 0),
(42, 3, -113.203, -1950.85, 22.6795, 0),
(43, 3, -202.328, -1875.02, 28.9841, 1),
(44, 3, -240.77, -1843.02, 29.9493, 0),
(45, 3, -155.096, -1770.91, 30.7126, 0),
(46, 3, -81.3595, -1732.23, 30.1579, 0),
(48, 3, 29.6967, -1691.98, 30.0667, 0),
(49, 3, 75.3375, -1708.61, 29.7443, 0),
(50, 3, 288.537, -1887.46, 27.7228, 0),
(51, 3, 440.615, -2029.95, 24.343, 1),
(52, 3, 464.078, -2054.23, 25.2171, 0),
(53, 3, 434.559, -2111.65, 21.3015, 0),
(54, 3, 378.429, -2176.88, 15.5999, 0),
(55, 3, 347.86, -2309.86, 10.9891, 0),
(56, 3, 334.882, -2436.83, 9.01014, 0),
(57, 3, 326.328, -2493.16, 6.28551, 0),
(58, 3, 286.625, -2522.04, 6.68795, 0),
(59, 3, 187.328, -2554.68, 6.74193, 0),
(60, 3, 127.69, -2599.6, 6.81853, 0),
(61, 3, -36.2659, -2618.87, 6.80746, 0),
(62, 3, -223.882, -2619.65, 6.85712, 0),
(63, 3, -284.284, -2631.73, 6.86406, 0),
(64, 3, -345.647, -2693.7, 6.86772, 0),
(65, 3, -365.892, -2741.33, 6.87593, 1),
(66, 3, -392.68, -2771.16, 6.83336, 0),
(67, 3, -439.75, -2771.47, 6.8148, 0),
(68, 3, -532.429, -2853.31, 6.80999, 0),
(69, 3, -519.306, -2920.93, 6.8175, 0),
(70, 3, -460.093, -2888.77, 6.80825, 0),
(71, 3, -396.89, -2820.61, 6.82158, 0),
(72, 3, -382.97, -2770.46, 6.8272, 0),
(73, 3, -358.015, -2740.7, 6.8764, 1),
(74, 3, -348.714, -2712.57, 6.87222, 0),
(75, 3, -298.145, -2652.05, 6.85831, 0),
(76, 3, -252.129, -2626.27, 6.86256, 0),
(77, 3, -55.2882, -2625.69, 6.81085, 0),
(78, 3, 75.8827, -2614.89, 6.80929, 0),
(79, 3, 174.309, -2572.66, 6.79276, 0),
(80, 3, 239.7, -2547.75, 6.65938, 0),
(81, 3, 341.999, -2510.16, 6.63911, 0),
(82, 3, 462.128, -2505.6, 15.6782, 0),
(83, 3, 657.493, -2497.68, 19.6388, 0),
(84, 3, 732.335, -2472.4, 21.0399, 0),
(85, 3, 755.662, -2399.51, 21.6577, 0),
(86, 3, 773.731, -2255.73, 30.0768, 0),
(87, 3, 830.868, -1840.38, 29.9668, 1),
(88, 3, 836.184, -1755.39, 30.2358, 0),
(89, 3, 783.792, -1734.59, 30.3042, 0),
(90, 3, 614.722, -1718.8, 29.9833, 0),
(91, 3, 477.661, -1639.31, 30.1237, 0),
(92, 3, 390.993, -1566.12, 30.153, 0),
(93, 3, 280.917, -1461.55, 29.9626, 1),
(94, 3, 234.207, -1434.04, 30.1644, 0),
(95, 3, 123.921, -1370.22, 30.1677, 0),
(96, 3, 50.3907, -1364.18, 30.155, 0),
(97, 3, -35.9047, -1358.66, 30.1067, 0),
(98, 3, -92.0626, -1338.05, 30.0617, 0),
(99, 3, -93.0966, -1227.44, 29.4039, 0),
(100, 3, -88.2586, -1142.49, 26.6066, 0),
(101, 3, -54.3439, -1041.81, 28.9963, 1),
(102, 3, -30.6421, -976.83, 30.111, 0),
(103, 3, 4.76814, -968.325, 30.2237, 0),
(104, 3, 121.075, -1011.31, 30.2184, 0),
(105, 3, 229.63, -1048.42, 30.1795, 0),
(106, 3, 379.873, -1054.95, 30.0644, 0),
(107, 3, 401.629, -1021.09, 30.2036, 0),
(109, 3, 408.09, -907.607, 30.1848, 1),
(110, 3, 409.057, -841.681, 30.1479, 0),
(111, 3, 486.859, -827.639, 25.9477, 0),
(112, 3, 506.79, -763.511, 25.6465, 0),
(113, 3, 506.283, -682.871, 26.0943, 0),
(114, 3, 466.984, -674, 27.9294, 1),
(115, 4, 442.327, -674.153, 29.5002, 0),
(116, 4, 359.996, -669.552, 30.1594, 0),
(117, 4, 306.93, -766.157, 30.0553, 1),
(119, 4, 294.18, -824.901, 30.1753, 0),
(120, 4, 242.501, -966.66, 30.1638, 0),
(121, 4, 199.455, -1108.65, 30.064, 0),
(122, 4, 150.093, -1126.76, 30.0811, 0),
(123, 4, 41.0187, -1132.95, 30.1618, 0),
(124, 4, -48.3302, -1129.75, 26.8112, 1),
(127, 4, -114.035, -1131.95, 26.5584, 0),
(128, 4, -215.623, -1136.49, 23.8958, 0),
(129, 4, -263.364, -1138.74, 23.9004, 0),
(130, 4, -281.526, -1186.27, 24.2676, 0),
(131, 4, -288.257, -1386.52, 32.0471, 1),
(132, 4, -286.732, -1442.32, 32.1273, 0),
(133, 4, -355.12, -1631.91, 20.1133, 0),
(134, 4, -412.585, -1794.65, 22.3266, 1),
(135, 4, -407.303, -1820.97, 21.8194, 0),
(136, 4, -458.311, -1868.87, 19.0653, 0),
(137, 4, -618.068, -2015.38, 18.1554, 0),
(138, 4, -765.265, -2176.35, 16.1373, 0),
(139, 4, -1032.72, -2518.71, 20.963, 0),
(140, 4, -1032.15, -2729.23, 20.9731, 1),
(141, 4, -973.461, -2747.57, 20.979, 0),
(142, 4, -928.149, -2734.29, 20.9547, 0),
(143, 4, -836.572, -2594.21, 14.5081, 0),
(145, 4, -729.412, -2378.15, 15.5488, 0),
(147, 4, -948.322, -2145.37, 9.75822, 0),
(148, 4, -852.429, -2050.99, 10.0235, 1),
(149, 4, -798.34, -1995.8, 8.3059, 0),
(150, 4, -704.618, -1946.01, 6.60028, 0),
(151, 4, -524.129, -2114.68, 8.24817, 0),
(152, 4, -439.72, -2160.03, 9.50682, 0),
(153, 4, -307.734, -2164.29, 9.49898, 0),
(154, 4, -232.016, -2202.89, 9.54238, 0),
(155, 4, -8.95574, -2124.79, 9.52765, 0),
(156, 4, 3.74796, -2019.72, 10.6155, 0),
(157, 4, -35.0875, -1977.31, 13.8916, 0),
(158, 4, -124.361, -1942.9, 22.2838, 0),
(159, 4, -203.516, -1875.46, 27.4475, 1),
(160, 4, -240.266, -1843.28, 28.3814, 0),
(161, 4, -284.371, -1821.46, 26.1026, 0),
(162, 4, -370.464, -1816.25, 21.4725, 0),
(163, 4, -399.741, -1775.8, 20.3505, 0),
(164, 4, -438.699, -1769.56, 19.7822, 0),
(165, 4, -525.573, -1764.34, 20.6371, 0),
(166, 4, -641.02, -1679.1, 24.2992, 1),
(167, 4, -690.906, -1620.94, 22.5165, 0),
(168, 4, -685.775, -1581.97, 18.0982, 0),
(169, 4, -644.474, -1481.91, 9.83285, 0),
(170, 4, -632.27, -1312.63, 9.90046, 0),
(171, 4, -643.866, -1272.89, 9.79323, 0),
(172, 4, -688.218, -1219.98, 9.89011, 0),
(173, 4, -773.896, -1089.11, 9.8753, 1),
(175, 4, -833.257, -996.14, 12.9701, 0),
(176, 4, -905.637, -882.931, 14.78, 0),
(177, 4, -1062.45, -774.814, 18.5838, 0),
(178, 4, -1212.68, -599.771, 26.4903, 0),
(179, 4, -1339.73, -433.333, 33.6583, 1),
(180, 4, -1351.43, -383.721, 35.9447, 0),
(181, 4, -1217.01, -308.047, 37.0572, 0),
(182, 4, -1081.51, -227.674, 37.0355, 0),
(183, 4, -948.907, -158.536, 36.9641, 0),
(184, 4, -843.673, -103.831, 37.0829, 0),
(185, 4, -791.228, -66.6028, 37.0272, 0),
(186, 4, -797.826, -42.1292, 37.0445, 1),
(187, 4, -824.958, 1.72909, 41.0299, 0),
(188, 4, -854.448, 206.89, 72.9927, 0),
(189, 4, -760.777, 208.111, 74.9417, 0),
(190, 4, -640.41, 257.395, 80.6136, 0),
(191, 4, -554.003, 253.997, 82.3087, 0),
(192, 4, -363.517, 237.192, 83.9346, 0),
(193, 4, -200.49, 255.038, 91.3811, 0),
(194, 4, 14.4271, 255.652, 108.827, 0),
(195, 4, 187.675, 195.712, 104.841, 0),
(196, 4, 292.79, 148.432, 103.181, 1),
(197, 4, 344.696, 133.595, 102.29, 0),
(198, 4, 492.628, 84.5762, 95.6035, 0),
(199, 4, 577.819, 54.7714, 93.2463, 0),
(200, 4, 670.474, 17.6064, 83.6462, 0),
(202, 4, 888.307, -125.747, 77.3559, 0),
(203, 4, 928.404, -174.544, 73.6986, 1),
(204, 4, 892.437, -232.71, 68.7, 0),
(205, 4, 945.039, -277.758, 66.194, 0),
(206, 4, 1078.36, -370.802, 66.3686, 0),
(207, 4, 1105.57, -373.395, 66.2856, 0),
(208, 4, 1141.24, -360.671, 66.2473, 0),
(209, 4, 1197.56, -375.634, 67.8546, 0),
(210, 4, 1187.15, -429.465, 66.398, 1),
(211, 4, 1177.03, -496.485, 64.7045, 0),
(212, 4, 1169.14, -568.835, 63.6624, 0),
(213, 4, 1196.48, -743.583, 57.7261, 0),
(221, 4, 1165.42, -847.338, 53.8921, 0),
(222, 4, 1152.76, -887.894, 52.2393, 0),
(223, 4, 1153.23, -1005.64, 44.1043, 0),
(224, 4, 1188.72, -1103.73, 38.6228, 0),
(225, 4, 1225.24, -1376.14, 34.4244, 0),
(226, 4, 1205.54, -1421.81, 34.2383, 0),
(227, 4, 1119.02, -1428.68, 35.0969, 0),
(228, 4, 818.471, -1428.22, 26.4378, 0),
(230, 4, 712.323, -1428.61, 30.6645, 0),
(231, 4, 547.334, -1428.17, 28.5949, 0),
(232, 4, 538.793, -1402.95, 28.4984, 0),
(233, 4, 535.819, -1347.58, 28.5075, 0),
(234, 4, 509.144, -1304.31, 28.4797, 0),
(235, 4, 503.786, -1147.08, 28.5558, 0),
(236, 4, 503.952, -876.794, 24.535, 0),
(237, 4, 510.525, -698.957, 24.3288, 0),
(238, 4, 471.107, -674.125, 26.0575, 1);

-- --------------------------------------------------------

--
-- Table structure for table `bus_route`
--

CREATE TABLE `bus_route` (
  `id` int(11) NOT NULL,
  `name` varchar(128) CHARACTER SET utf8 NOT NULL,
  `money` int(11) NOT NULL DEFAULT 100
) ENGINE=InnoDB DEFAULT CHARSET=latin1;

--
-- Dumping data for table `bus_route`
--

INSERT INTO `bus_route` (`id`, `name`, `money`) VALUES
(2, 'Centrul orasului', 100),
(3, 'Intra-urban_1', 100),
(4, 'Intra-urban_2', 100);

-- --------------------------------------------------------

--
-- Table structure for table `characters`
--

CREATE TABLE `characters` (
  `id` int(11) NOT NULL,
  `name` varchar(50) NOT NULL,
  `regIp` varchar(40) NOT NULL,
  `sex` int(1) NOT NULL,
  `health` int(11) NOT NULL DEFAULT 100,
  `phone` int(11) DEFAULT NULL,
  `satiety` int(11) NOT NULL DEFAULT 100,
  `thirst` int(11) NOT NULL DEFAULT 100,
  `armour` int(11) NOT NULL DEFAULT 0,
  `regDate` timestamp NOT NULL DEFAULT current_timestamp(),
  `minutes` int(11) NOT NULL DEFAULT 0,
  `admin` int(11) NOT NULL DEFAULT 0,
  `helper` int(11) NOT NULL DEFAULT 0,
  `ban` int(11) NOT NULL DEFAULT 0,
  `warn` int(11) NOT NULL DEFAULT 0,
  `mute` int(11) NOT NULL DEFAULT 0,
  `vmute` int(11) NOT NULL DEFAULT 0,
  `faction` int(11) NOT NULL DEFAULT 0,
  `rank` int(11) NOT NULL DEFAULT 0,
  `factionDate` int(11) NOT NULL DEFAULT 0,
  `job` int(11) NOT NULL DEFAULT 0,
  `jobDate` int(11) NOT NULL DEFAULT 0,
  `relationshipName` varchar(50) NOT NULL DEFAULT '',
  `relationshipDate` int(11) NOT NULL DEFAULT 0,
  `number` int(11) NOT NULL DEFAULT 0,
  `wanted` int(11) NOT NULL DEFAULT 0,
  `arrestTime` int(11) NOT NULL DEFAULT 0,
  `arrestCell` int(1) NOT NULL DEFAULT 0,
  `law` int(11) NOT NULL DEFAULT 0,
  `crimes` int(11) NOT NULL DEFAULT 0,
  `money` int(11) NOT NULL DEFAULT 0,
  `bank` int(11) NOT NULL DEFAULT 0,
  `pay` int(11) NOT NULL DEFAULT 0,
  `lastDate` int(11) NOT NULL DEFAULT 0,
  `lastIp` varchar(128) NOT NULL,
  `online` int(1) NOT NULL DEFAULT 0,
  `mother` int(11) NOT NULL,
  `father` int(11) NOT NULL,
  `shapeMix` float DEFAULT 0.5,
  `skinMix` float NOT NULL DEFAULT 0.5,
  `skinColor` int(11) DEFAULT NULL,
  `similarity` float DEFAULT NULL,
  `eyeColor` int(11) NOT NULL,
  `donateHouse` int(11) NOT NULL DEFAULT 1,
  `donateCars` int(11) NOT NULL DEFAULT 1,
  `donateBizes` int(11) NOT NULL DEFAULT 1,
  `hair` int(11) NOT NULL,
  `hairColor` int(11) NOT NULL,
  `hairHighlightColor` tinyint(4) NOT NULL DEFAULT 0,
  `faceFeatures` varchar(128) NOT NULL,
  `headOverlays` text DEFAULT NULL,
  `skills` varchar(128) NOT NULL,
  `donate` int(11) NOT NULL DEFAULT 0,
  `rp` int(11) NOT NULL DEFAULT 0,
  `accountId` int(11) NOT NULL,
  `lovedId` int(11) NOT NULL DEFAULT 0,
  `lovedDate` int(11) NOT NULL DEFAULT 0,
  `lovedCount` int(11) NOT NULL DEFAULT 0,
  `x` float NOT NULL,
  `y` float NOT NULL,
  `z` float NOT NULL,
  `h` float NOT NULL,
  `spawn` int(11) DEFAULT 3,
  `houseId` int(11) NOT NULL DEFAULT 0,
  `testDrive` int(11) DEFAULT 0,
  `demorgan` int(11) NOT NULL DEFAULT 0,
  `warntime` int(11) NOT NULL DEFAULT 0,
  `promoId` int(11) DEFAULT 0
) ENGINE=InnoDB DEFAULT CHARSET=utf8 ROW_FORMAT=COMPACT;


-- --------------------------------------------------------

--
-- Table structure for table `characters_headoverlays`
--

CREATE TABLE `characters_headoverlays` (
  `id` int(11) NOT NULL,
  `character_id` int(11) NOT NULL,
  `overlay_id` tinyint(4) NOT NULL,
  `overlay_index` smallint(6) NOT NULL,
  `opacity` float NOT NULL,
  `first_color` smallint(6) NOT NULL,
  `second_color` smallint(6) NOT NULL
) ENGINE=InnoDB DEFAULT CHARSET=utf8 ROW_FORMAT=COMPACT;


-- --------------------------------------------------------

--
-- Table structure for table `configvehicle`
--

CREATE TABLE `configvehicle` (
  `id` int(11) NOT NULL,
  `model` varchar(255) NOT NULL,
  `modelHash` int(10) UNSIGNED NOT NULL,
  `brend` varchar(50) NOT NULL,
  `title` text NOT NULL,
  `fuelTank` int(11) NOT NULL DEFAULT 50,
  `fuelRate` double NOT NULL DEFAULT 10,
  `price` int(11) NOT NULL DEFAULT 100000,
  `max` int(11) NOT NULL,
  `buyed` int(11) NOT NULL DEFAULT 0
) ENGINE=InnoDB DEFAULT CHARSET=utf8;

--
-- Dumping data for table `configvehicle`
--

INSERT INTO `configvehicle` (`id`, `model`, `modelHash`, `brend`, `title`, `fuelTank`, `fuelRate`, `price`, `max`, `buyed`) VALUES
(1, 'blista', 3950024287, '2', 'Blista', 50, 10, 36000, 99999, 2),
(2, 'brioso', 1549126457, '2', 'Brioso', 50, 10, 38000, 99999, 4),
(3, 'dilettante', 3164157193, '2', 'Dilettante', 50, 10, 15000, 99999, 8),
(4, 'panto', 3863274624, '2', 'Panto', 50, 10, 13000, 99999, 21),
(5, 'prairie', 2844316578, '2', 'Prairie', 50, 10, 28000, 99999, 9),
(6, 'rhapsody', 841808271, '2', 'Rhapsody', 50, 10, 16000, 99999, 17),
(7, 'cogcabrio', 330661258, '2', 'Cogcabrio', 50, 10, 440000, 99999, 1),
(8, 'exemplar', 4289813342, '2', 'Exemplar', 50, 10, 375000, 99999, 1),
(9, 'f620', 3703357000, '2', 'F620', 50, 10, 280000, 99999, 1),
(10, 'felon', 3903372712, '2', 'Felon', 50, 10, 180000, 99999, 1),
(11, 'felon2', 4205676014, '2', 'Felon2', 50, 10, 210000, 99999, 1),
(12, 'jackal', 3670438162, '2', 'Jackal', 50, 10, 90000, 99999, 3),
(13, 'oracle2', 3783366066, '2', 'Oracle2', 50, 10, 75000, 99999, 5),
(14, 'oracle', 1348744438, '2', 'Oracle', 50, 10, 105000, 99999, 2),
(15, 'sentinel', 1349725314, '2', 'Sentinel', 50, 10, 87000, 100, 1),
(16, 'sentinel2', 873639469, '2', 'Sentinel2', 50, 10, 95000, 100, 3),
(17, 'windsor', 1581459400, '2', 'Windsor', 50, 10, 640000, 99999, 1),
(18, 'windsor2', 2364918497, '2', 'Windsor2', 50, 10, 750000, 99999, 2),
(19, 'zion', 3172678083, '2', 'Zion', 50, 10, 67000, 100, 3),
(20, 'zion2', 3101863448, '2', 'Zion2', 50, 10, 78000, 100, 5),
(21, 'blade', 3089165662, '2', 'Blade', 50, 10, 18000, 99999, 11),
(22, 'buccaneer', 3612755468, '2', 'Buccaneer', 50, 10, 24000, 99999, 5),
(23, 'buccaneer2', 3281516360, '2', 'Buccaneer2', 50, 10, 25000, 99999, 4),
(24, 'chino', 349605904, '2', 'Chino', 50, 10, 24000, 99999, 2),
(25, 'chino2', 2933279331, '2', 'Chino2', 50, 10, 27000, 99999, 3),
(26, 'dominator', 80636076, '2', 'Dominator', 50, 10, 62000, 250, 26),
(27, 'dukes', 723973206, '2', 'Dukes', 50, 10, 23000, 99999, 40),
(28, 'faction', 2175389151, '2', 'Faction', 50, 10, 18000, 99999, 10),
(29, 'faction2', 2504420315, '2', 'Faction2', 50, 10, 23000, 99999, 15),
(30, 'gauntlet', 2494797253, '2', 'Gauntlet', 50, 10, 50000, 99999, 8),
(31, 'hermes', 15219735, '2', 'Hermes', 50, 10, 20500, 99999, 24),
(32, 'moonbeam', 525509695, '2', 'Moonbeam', 50, 10, 20000, 99999, 2),
(33, 'moonbeam2', 1896491931, '2', 'Moonbeam2', 50, 10, 24000, 99999, 4),
(34, 'nightshade', 2351681756, '2', 'Nightshade', 50, 10, 44000, 99999, 8),
(35, 'picador', 1507916787, '2', 'Picador', 50, 10, 29000, 99999, 6),
(36, 'ruiner', 4067225593, '2', 'Ruiner', 50, 10, 18000, 99999, 44),
(37, 'sabregt', 2609945748, '2', 'Sabregt', 50, 10, 29000, 99999, 19),
(38, 'sabregt2', 223258115, '2', 'Sabregt2', 50, 10, 35000, 99999, 6),
(39, 'slamvan', 729783779, '2', 'Slamvan', 50, 10, 19000, 99999, 2),
(40, 'slamvan3', 1119641113, '2', 'Slamvan3', 50, 10, 22000, 99999, 5),
(41, 'stalion', 1923400478, '2', 'Stalion', 50, 10, 26000, 99999, 4),
(42, 'vigero', 3469130167, '2', 'Vigero', 50, 10, 31000, 99999, 2),
(43, 'virgo', 3796912450, '2', 'Virgo', 50, 10, 30000, 99999, 1),
(44, 'virgo2', 3395457658, '2', 'Virgo2', 50, 10, 38000, 99999, 4),
(45, 'virgo3', 16646064, '2', 'Virgo3', 50, 10, 34000, 99999, 1),
(46, 'voodoo', 2006667053, '2', 'Voodoo', 50, 10, 30000, 99999, 1),
(47, 'yosemite', 1871995513, '2', 'Yosemite', 50, 10, 41000, 99999, 3),
(48, 'dubsta3', 3057713523, '2', 'Dubsta3', 50, 10, 2900000, 10, 2),
(49, 'rancherxl', 1645267888, '2', 'Rancherxl', 50, 10, 50000, 99999, 1),
(50, 'rebel2', 2249373259, '2', 'Rebel2', 50, 10, 47000, 99999, 1),
(51, 'riata', 2762269779, '2', 'Riata', 50, 10, 68000, 99999, 2),
(52, 'sandking', 3105951696, '2', 'Sandking', 50, 10, 310000, 99999, 2),
(53, 'sandking2', 989381445, '2', 'Sandking2', 50, 10, 500000, 99999, 1),
(54, 'baller', 3486135912, '2', 'Baller', 50, 10, 110000, 99999, 1),
(55, 'baller2', 142944341, '2', 'Baller2', 50, 10, 180000, 99999, 1),
(56, 'baller3', 1878062887, '2', 'Baller3', 50, 10, 210000, 99999, 1),
(57, 'baller4', 634118882, '2', 'Baller4', 50, 10, 240000, 99999, 3),
(58, 'bjxl', 850565707, '2', 'Bjxl', 50, 10, 65000, 99999, 1),
(59, 'cavalcade', 2006918058, '2', 'Cavalcade', 50, 10, 120000, 99999, 1),
(60, 'cavalcade2', 3505073125, '2', 'Cavalcade2', 50, 10, 150000, 99999, 1),
(61, 'contender', 683047626, '2', 'Contender', 50, 10, 140000, 99999, 5),
(62, 'dubsta', 1177543287, '2', 'Dubsta', 50, 10, 280000, 99999, 2),
(63, 'dubsta2', 3900892662, '2', 'Dubsta2', 50, 10, 350000, 99999, 5),
(64, 'fq2', 3157435195, '2', 'Fq2', 50, 10, 70000, 99999, 4),
(65, 'granger', 2519238556, '2', 'Granger', 50, 10, 133000, 99999, 3),
(66, 'gresley', 2751205197, '2', 'Gresley', 50, 10, 140000, 99999, 1),
(67, 'habanero', 884422927, '2', 'Habanero', 50, 10, 72000, 99999, 2),
(68, 'huntley', 486987393, '2', 'Huntley', 50, 10, 220000, 99999, 1),
(69, 'landstalker', 1269098716, '2', 'Landstalker', 50, 10, 95000, 99999, 2),
(70, 'mesa', 914654722, '2', 'Mesa', 50, 10, 55000, 99999, 3),
(71, 'radi', 2643899483, '2', 'Radi', 50, 10, 60000, 99999, 2),
(72, 'rocoto', 2136773105, '2', 'Rocoto', 50, 10, 230000, 99999, 1),
(73, 'seminole', 1221512915, '2', 'Seminole', 50, 10, 68000, 99999, 4),
(74, 'serrano', 1337041428, '2', 'Serrano', 50, 10, 105000, 99999, 1),
(75, 'toros', 3126015148, '2', 'Toros', 50, 10, 1000000, 10, 3),
(76, 'xls', 1203490606, '2', 'Xls', 50, 10, 280000, 99999, 1),
(77, 'asea', 2485144969, '2', 'Asea', 50, 10, 17000, 99999, 10),
(78, 'asterope', 2391954683, '2', 'Asterope', 50, 10, 37500, 99999, 1),
(79, 'cog55', 906642318, '2', 'Cog55', 50, 10, 400000, 99999, 1),
(80, 'cognoscenti', 2264796000, '2', 'Cognoscenti', 50, 10, 560000, 99999, 1),
(81, 'emperor', 3609690755, '2', 'Emperor', 50, 10, 21000, 99999, 4),
(82, 'fugitive', 1909141499, '2', 'Fugitive', 50, 10, 68000, 99999, 2),
(83, 'ingot', 3005245074, '2', 'Ingot', 50, 10, 25500, 99999, 1),
(84, 'intruder', 886934177, '2', 'Intruder', 50, 10, 31500, 99999, 2),
(85, 'premier', 2411098011, '2', 'Premier', 50, 10, 25000, 99999, 9),
(86, 'primo', 3144368207, '2', 'Primo', 50, 10, 28000, 99999, 7),
(87, 'primo2', 2254540506, '2', 'Primo2', 50, 10, 50000, 99999, 2),
(88, 'schafter2', 3039514899, '2', 'Schafter2', 50, 10, 99000, 99999, 2),
(89, 'stanier', 2817386317, '2', 'Stanier', 50, 10, 24000, 99999, 16),
(90, 'stratum', 1723137093, '2', 'Stratum', 50, 10, 26000, 99999, 2),
(91, 'superd', 1123216662, '2', 'Superd', 50, 10, 590000, 99999, 1),
(92, 'surge', 2400073108, '2', 'Surge', 50, 10, 38000, 99999, 2),
(93, 'warrener', 1373123368, '2', 'Warrener', 50, 10, 18000, 99999, 22),
(94, 'washington', 1777363799, '2', 'Washington', 50, 10, 48000, 99999, 2),
(95, 'alpha', 767087018, '2', 'Alpha', 50, 10, 132000, 99999, 2),
(96, 'banshee', 3253274834, '2', 'Banshee', 50, 10, 340000, 99999, 1),
(97, 'bestiagts', 1274868363, '2', 'Bestiagts', 50, 10, 375000, 99999, 2),
(98, 'blista2', 1039032026, '2', 'Blista2', 50, 10, 20000, 99999, 5),
(99, 'buffalo', 3990165190, '2', 'Buffalo', 50, 10, 44000, 99999, 20),
(100, 'carbonizzare', 2072687711, '2', 'Carbonizzare', 50, 10, 420000, 99999, 1),
(101, 'comet2', 3249425686, '2', 'Comet2', 50, 10, 230000, 99999, 3),
(102, 'comet3', 2272483501, '2', 'Comet3', 50, 10, 160000, 99999, 8),
(103, 'coquette', 108773431, '2', 'Coquette', 50, 10, 155000, 99999, 2),
(105, 'elegy2', 3728579874, '2', 'Elegy2', 50, 10, 225000, 99999, 5),
(106, 'feltzer2', 2299640309, '2', 'Feltzer2', 50, 10, 151000, 99999, 2),
(107, 'furoregt', 3205927392, '2', 'Furoregt', 50, 10, 285000, 99999, 2),
(108, 'fusilade', 499169875, '2', 'Fusilade', 50, 10, 130000, 99999, 1),
(109, 'futo', 2016857647, '2', 'Futo', 50, 10, 36000, 99999, 7),
(110, 'jester', 2997294755, '2', 'Jester', 50, 10, 1200000, 99999, 1),
(111, 'khamelion', 544021352, '2', 'Khamelion', 50, 10, 207000, 99999, 1),
(112, 'kuruma', 2922118804, '2', 'Kuruma', 50, 10, 100000, 99999, 10),
(113, 'lynx', 482197771, '2', 'Lynx', 50, 10, 189000, 99999, 2),
(114, 'massacro', 4152024626, '2', 'Massacro', 50, 10, 383000, 99999, 1),
(115, 'neon', 2445973230, '2', 'Neon', 50, 10, 278000, 99999, 8),
(116, 'ninef', 1032823388, '2', 'Ninef', 50, 10, 250000, 99999, 1),
(117, 'ninef2', 2833484545, '2', 'Ninef2', 50, 10, 265000, 99999, 3),
(118, 'omnis', 3517794615, '2', 'Omnis', 50, 10, 90000, 99999, 5),
(119, 'pariah', 867799010, '2', 'Pariah', 50, 10, 330000, 99999, 1),
(120, 'penumbra', 3917501776, '2', 'Penumbra', 50, 10, 107000, 99999, 2),
(121, 'raiden', 2765724541, '2', 'Raiden', 50, 10, 490000, 99999, 1),
(122, 'rapidgt', 2360515092, '2', 'Rapidgt', 50, 10, 290000, 99999, 1),
(123, 'rapidgt2', 1737773231, '2', 'Rapidgt2', 50, 10, 332000, 99999, 1),
(124, 'revolter', 3884762073, '2', 'Revolter', 50, 10, 280000, 99999, 6),
(125, 'ruston', 719660200, '2', 'Ruston', 50, 10, 650000, 99999, 1),
(126, 'schafter3', 2809443750, '2', 'Schafter3', 50, 10, 130000, 99999, 9),
(127, 'schafter4', 1489967196, '2', 'Schafter4', 50, 10, 145000, 99999, 3),
(128, 'schlagen', 3787471536, '2', 'Schlagen', 50, 10, 570000, 99999, 4),
(129, 'schwarzer', 3548084598, '2', 'Schwarzer', 50, 10, 150000, 99999, 1),
(130, 'sentinel3', 1104234922, '2', 'Sentinel3', 50, 10, 167000, 99999, 3),
(131, 'seven70', 2537130571, '2', 'Seven70', 50, 10, 790000, 99999, 1),
(132, 'specter', 1886268224, '2', 'Specter', 50, 10, 575000, 99999, 1),
(133, 'specter2', 1074745671, '2', 'Specter2', 50, 10, 448000, 99999, 2),
(134, 'streiter', 1741861769, '2', 'Streiter', 50, 10, 460000, 99999, 1),
(135, 'sultan', 970598228, '2', 'Sultan', 50, 10, 180000, 99999, 1),
(136, 'surano', 384071873, '2', 'Surano', 50, 10, 302000, 99999, 1),
(137, 'adder', 3078201489, '2', 'Adder', 50, 10, 2500000, 10, 1),
(138, 'autarch', 3981782132, '2', 'Autarch', 50, 10, 1700000, 10, 1),
(139, 'banshee2', 633712403, '2', 'Banshee2', 50, 10, 800000, 99999, 1),
(140, 'bullet', 2598821281, '2', 'Bullet', 50, 10, 600000, 99999, 1),
(141, 'cheetah', 2983812512, '2', 'Cheetah', 50, 10, 400000, 99999, 3),
(142, 'cyclone', 1392481335, '2', 'Cyclone', 50, 10, 640000, 99999, 1),
(143, 'entityxf', 3003014393, '2', 'Entityxf', 50, 10, 180000, 99999, 13),
(144, 'fmj', 1426219628, '2', 'Fmj', 50, 10, 1830000, 99999, 2),
(145, 'gp1', 1234311532, '2', 'Gp1', 50, 10, 890000, 99999, 1),
(146, 'infernus', 418536135, '2', 'Infernus', 50, 10, 1830000, 10, 1),
(147, 'italigtb', 2246633323, '2', 'Italigtb', 50, 10, 850000, 99999, 4),
(148, 'italigtb2', 3812247419, '2', 'Italigtb2', 50, 10, 1340000, 10, 1),
(149, 'nero', 1034187331, '2', 'Nero', 50, 10, 4300000, 10, 1),
(150, 'nero2', 1093792632, '2', 'Nero2', 50, 10, 6000000, 10, 3),
(151, 'osiris', 1987142870, '2', 'Osiris', 50, 10, 990000, 10, 1),
(152, 'penetrator', 2536829930, '2', 'Penetrator', 50, 10, 750000, 99999, 1),
(153, 'reaper', 234062309, '2', 'Reaper', 50, 10, 1600000, 10, 1),
(154, 'sc1', 1352136073, '2', 'Sc1', 50, 10, 1400000, 10, 1),
(155, 'sheava', 819197656, '2', 'Sheava', 50, 10, 1540000, 10, 1),
(156, 'sultanrs', 3999278268, '2', 'Sultanrs', 50, 10, 245000, 99999, 4),
(157, 't20', 1663218586, '2', 'T20', 50, 10, 1450000, 10, 1),
(158, 'tempesta', 272929391, '2', 'Tempesta', 50, 10, 1800000, 10, 2),
(159, 'turismor', 408192225, '2', 'Turismor', 50, 10, 1350000, 10, 1),
(160, 'tyrus', 2067820283, '2', 'Tyrus', 50, 10, 1300000, 10, 1),
(161, 'vacca', 338562499, '2', 'Vacca', 50, 10, 760000, 99999, 1),
(162, 'vagner', 1939284556, '2', 'Vagner', 50, 10, 2200000, 10, 1),
(163, 'visione', 3296789504, '2', 'Visione', 50, 10, 2400000, 10, 1),
(164, 'voltic', 2672523198, '2', 'Voltic', 50, 10, 270000, 99999, 1),
(165, 'xa21', 917809321, '2', 'Xa21', 50, 10, 1500000, 10, 2),
(166, 'zentorno', 2891838741, '2', 'Zentorno', 50, 10, 3500000, 10, 2),
(167, 'i8', 4294967295, '2', 'BMW i8', 50, 10, 100000, 99999, 0),
(168, 'i8', 0, '888', '2', 0, 50, 10, 150000, 0),
(169, 'x6m', 0, '888', '2', 0, 50, 10, 155000, 0);

-- --------------------------------------------------------

--
-- Table structure for table `configvehiclecolors`
--

CREATE TABLE `configvehiclecolors` (
  `id` int(11) NOT NULL,
  `color` varchar(255) NOT NULL
) ENGINE=InnoDB DEFAULT CHARSET=utf8;

--
-- Dumping data for table `configvehiclecolors`
--

INSERT INTO `configvehiclecolors` (`id`, `color`) VALUES
(1, '11151E'),
(2, '1A1D24'),
(3, '2E353D'),
(4, '3F4851'),
(5, '8C9197'),
(6, 'B7BBBE'),
(7, '8C9091'),
(8, '586A78'),
(9, '5A5A58'),
(10, '343D46'),
(11, '3C4952'),
(12, '202737'),
(13, '111822'),
(14, '1A1D22'),
(15, '424A4C'),
(16, '181F2F'),
(17, '20242F'),
(18, '323941'),
(19, '868A93'),
(20, '36434C'),
(21, '4D5E70'),
(22, '1A212B'),
(23, '313439'),
(24, '999A94'),
(25, 'CECED0'),
(26, 'B1B7C3'),
(27, '6D7F8D'),
(28, 'B7131E'),
(29, 'D41A1F'),
(30, 'B21422'),
(31, '9F2228'),
(32, '741E2B'),
(33, '881B20'),
(34, '6A1918'),
(35, '45111E'),
(36, 'B21027'),
(37, 'D04719'),
(38, 'BC8F4C'),
(39, 'F48117'),
(40, 'CA151A'),
(41, '6A151A'),
(42, 'ED7419'),
(43, 'FEC418'),
(44, '991018'),
(45, 'DA1119'),
(46, '8C1F1A'),
(47, 'A44241'),
(48, 'AB684E'),
(49, '361C25'),
(50, '122428'),
(51, '142E2B'),
(52, '13393C'),
(53, '303E3E'),
(54, '165B2F'),
(55, '1A676D'),
(56, '62B622'),
(57, '21393D'),
(58, '1F5940'),
(59, '2D413F'),
(60, '44564A'),
(61, '64847F'),
(62, '243046'),
(63, '293859'),
(64, '324D7C'),
(65, '4E5E92'),
(66, '637CA5'),
(67, '394761'),
(68, 'D6E7F1'),
(69, '77AFBE'),
(70, '335E71'),
(71, '099BF0'),
(72, '2F2D52'),
(73, '282B4C'),
(74, '2454A0'),
(75, '6EA3C5'),
(76, '132553'),
(77, '1C203D'),
(78, '275090'),
(79, '608490'),
(80, '2446A8'),
(81, '4277E1'),
(82, '3B37EC'),
(83, '1F2C56'),
(84, '2C3AA5'),
(85, '203459'),
(86, '4D5C7B'),
(87, '59698A'),
(88, '69A0B5'),
(89, 'A78637'),
(90, '897723'),
(91, '5E523C'),
(92, 'A19A4C'),
(93, '93C524'),
(94, '958875'),
(95, '533014'),
(96, '493C2C'),
(97, '231B19'),
(98, '653D23'),
(99, '795C3E'),
(100, 'AD9974'),
(101, '6C6B4C'),
(102, '42302E'),
(103, 'A49760'),
(104, '47251C'),
(105, '772C17'),
(106, 'BFAE78'),
(107, 'DFD5B1'),
(108, 'F5EED4'),
(109, '3B2B1B'),
(110, '786034'),
(111, 'B7A17C'),
(112, 'FEFEF6'),
(113, 'ECECEC'),
(114, 'B4AE94'),
(115, '4B3E36'),
(116, '2F2B2C'),
(117, '786D57'),
(118, '6C757E'),
(119, '364356'),
(120, '9DA5A8'),
(121, '566C9B'),
(122, 'EBE8DF'),
(123, 'E1DFD3'),
(124, 'F1B030'),
(125, 'FBA55A'),
(126, '86C666'),
(127, 'F3CE42'),
(128, '4EC5DD'),
(129, '788864'),
(130, 'CFBEA0'),
(131, 'FFD07D'),
(132, 'FEFBF4'),
(133, 'FFFFFF'),
(134, '9E9F66'),
(135, 'F9F9F7'),
(136, 'F5299C'),
(137, 'FFDCDC'),
(138, 'E2669C'),
(139, 'FEB41D'),
(140, 'BAEF61'),
(141, '0BF2FF'),
(142, '0C1019'),
(143, '0B0B17'),
(144, '120D14'),
(145, 'A4A38F'),
(146, '691573'),
(147, '121923'),
(148, '14171C'),
(149, '250F36'),
(150, '0D0D17'),
(151, '4E151C'),
(152, '141517'),
(153, '252324'),
(154, '2C2D27'),
(155, '43463B'),
(156, '383732'),
(157, 'D4D6CB'),
(158, '9D9C97'),
(159, 'B0B0A4'),
(160, '3F3F37');

-- --------------------------------------------------------

--
-- Table structure for table `cutscenes`
--

CREATE TABLE `cutscenes` (
  `id` int(11) NOT NULL,
  `name` varchar(30) NOT NULL,
  `finalText` varchar(128) NOT NULL
) ENGINE=InnoDB DEFAULT CHARSET=utf8;

--
-- Dumping data for table `cutscenes`
--

INSERT INTO `cutscenes` (`id`, `name`, `finalText`) VALUES
(1, 'farm1', 'Rather for the work!'),
(2, 'Test cutscene 1', 'Ending 1'),
(3, 'Test cutscene 2', 'Ending 2');

-- --------------------------------------------------------

--
-- Table structure for table `cutscenes_points`
--

CREATE TABLE `cutscenes_points` (
  `id` int(11) NOT NULL,
  `startPosition` varchar(128) NOT NULL DEFAULT '{"x":0,"y":0,"z":0}',
  `endPosition` varchar(128) NOT NULL DEFAULT '{"x":0,"y":0,"z":0}',
  `startRotation` varchar(128) NOT NULL DEFAULT '{"x":0,"y":0,"z":0}',
  `endRotation` varchar(128) NOT NULL DEFAULT '{"x":0,"y":0,"z":0}',
  `speed` int(11) NOT NULL,
  `text` varchar(128) NOT NULL,
  `cutsceneId` int(11) NOT NULL
) ENGINE=InnoDB DEFAULT CHARSET=utf8;

--
-- Dumping data for table `cutscenes_points`
--

INSERT INTO `cutscenes_points` (`id`, `startPosition`, `endPosition`, `startRotation`, `endRotation`, `speed`, `text`, `cutsceneId`) VALUES
(1, '{\"x\":2017.52,\"y\":4980.01,\"z\":41.31}', '{\"x\":2010.79,\"y\":4989.12,\"z\":41.31}', '{\"x\":0,\"y\":0,\"z\":90}', '{\"x\":0,\"y\":0,\"z\":30}', 3, 'Тут ферма', 1),
(2, '{\"x\":2035,\"y\":4943,\"z\":41}', '{\"x\":2036,\"y\":4896,\"z\":60}', '{\"x\":0,\"y\":0,\"z\":90}', '{\"x\":0,\"y\":0,\"z\":60}', 2, 'Здесь поре короче, игроки работают!', 1);

-- --------------------------------------------------------

--
-- Table structure for table `donate_list`
--

CREATE TABLE `donate_list` (
  `id` int(11) NOT NULL,
  `name` varchar(255) CHARACTER SET utf8mb4 NOT NULL DEFAULT '0',
  `data` text NOT NULL,
  `type` int(11) NOT NULL DEFAULT 0,
  `time` int(11) NOT NULL DEFAULT 0,
  `price` int(11) NOT NULL DEFAULT 0
) ENGINE=InnoDB DEFAULT CHARSET=latin1;

--
-- Dumping data for table `donate_list`
--

INSERT INTO `donate_list` (`id`, `name`, `data`, `type`, `time`, `price`) VALUES
(1, 'Premium Limited', '[{\"debil\":\"debil\"},{\"debil\":\"debil\"},{\"debil\":\"debil\"},{\"debil\":\"debil\"}]', 3, 3888000, 250),
(2, 'Premium Classic', '[{\"debil\":\"debil\"},{\"debil\":\"debil\"},{\"debil\":\"debil\"},{\"debil\":\"debil\"}]', 3, 3888000, 400),
(3, 'Premium Professional', '[{\"debil\":\"debil\"},{\"debil\":\"debil\"},{\"debil\":\"debil\"},{\"debil\":\"debil\"}]', 3, 3888000, 900),
(4, 'Premium Deluxe', '[{\"debil\":\"debil\"},{\"debil\":\"debil\"},{\"debil\":\"debil\"},{\"debil\":\"debil\"}]', 3, 2147483647, 15000),
(5, 'Увеличить слоты дома до 2-х', '2', 4, 0, 300),
(6, 'Увеличить слоты бизнеса до 2-х', '2', 4, 0, 800),
(7, 'Увеличить на один слот машины (Макс 10)', '2', 4, 0, 100),
(8, 'BUSSINESSMAN', '{\"money\":700000}', 1, 0, 6500),
(9, 'MILLIONAIRE', '{\"money\":2000000}', 1, 0, 18000),
(10, 'MAGNAT', '{\"money\":10000000}', 1, 0, 70000);

-- --------------------------------------------------------

--
-- Table structure for table `economy`
--

CREATE TABLE `economy` (
  `id` int(11) NOT NULL,
  `key` varchar(128) NOT NULL,
  `value` float NOT NULL,
  `description` varchar(128) NOT NULL
) ENGINE=InnoDB DEFAULT CHARSET=utf8;

--
-- Dumping data for table `economy`
--

INSERT INTO `economy` (`id`, `key`, `value`, `description`) VALUES
(1, 'product_price_biz_1', 5, 'Цена за 1 ед. товара при закупке владельцем бизнеса типа 1.'),
(2, 'product_price_biz_2', 5, 'Цена за 1 ед. товара при закупке владельцем бизнеса типа 2.'),
(3, 'product_price_biz_3', 5, 'Цена за 1 ед. товара при закупке владельцем бизнеса типа 3.'),
(4, 'product_price_biz_4', 5, 'Цена за 1 ед. товара при закупке владельцем бизнеса типа 4.'),
(5, 'product_price_biz_5', 5, 'Цена за 1 ед. товара при закупке владельцем бизнеса типа 5.'),
(6, 'product_price_biz_6', 5, 'Цена за 1 ед. товара при закупке владельцем бизнеса типа 6.'),
(7, 'product_price_biz_7', 5, 'Цена за 1 ед. товара при закупке владельцем бизнеса типа 7.'),
(8, 'product_price_biz_8', 5, 'Цена за 1 ед. товара при закупке владельцем бизнеса типа 8.'),
(9, 'product_price_biz_9', 5, 'Цена за 1 ед. товара при закупке владельцем бизнеса типа 9.'),
(10, 'product_price_biz_10', 5, 'Цена за 1 ед. товара при закупке владельцем бизнеса типа 10.'),
(11, 'product_price_biz_11', 5, 'Цена за 1 ед. товара при закупке владельцем бизнеса типа 11.'),
(12, 'product_price_biz_sell', 0.8, 'Коэффициент для вычисления цены за 1 ед. товара при списании владельцем бизнеса. (цена_списания = цена_закупки * коэффициент)'),
(13, 'biz_sell', 0.8, 'Коэффициент для вычисления цены бизнеса при его продаже в гос. (цена = гос_цена * коэффициент)'),
(14, 'max_fine_sum', 4500, 'Максимальная сумма штрафа, выписываемого сотрудником порядка.'),
(15, 'police_arrest_pay', 100, 'Премия за арест преступника сотрудником порядка.'),
(16, 'police_mainclothes_products', 0, 'Кол-во боеприпасов со склада за основную форму у ПД.'),
(17, 'police_armour_products', 350, 'Кол-во боеприпасов со склада за бронежилет у ПД.'),
(18, 'police_ammo_count', 3, 'Кол-во обойм выдаваемых на складе у ПД.'),
(19, 'army_mainclothes_products', 0, 'Кол-во боеприпасов со склада за основную форму у армии.'),
(20, 'army_armour_products', 350, 'Кол-во боеприпасов со склада за бронежилет у армии.'),
(21, 'army_ammo_count', 3, 'Кол-во обойм выдаваемых на складе у армии.'),
(22, 'hospital_mainclothes_products', 0, 'Кол-во боеприпасов со склада за основную форму у медиков.'),
(23, 'hospital_health_price', 1, 'Цена за лечение 1 ед. ХП у медиков.'),
(24, 'satiety_time', 90, 'Время, через которое будет убавляться сытость и жажда у игрока. (в минутах)'),
(25, 'satiety_satiety_value', 1, 'Кол-во ед. сытости, отнимаемых в таймере.'),
(26, 'satiety_thirst_value', 1, 'Кол-во ед. жажды, отнимаемых в таймере.'),
(27, 'satiety_satiety_health', 4, 'Кол-во ед. здоровья, отнимаемых при сытости = 0.'),
(28, 'satiety_thirst_health', 4, 'Кол-во ед. здоровья, отнимаемых при жажде = 0.'),
(29, 'ammo_0_products_price', 1, 'Цена одного патрона 9mm со склада (в боеприпасах).'),
(30, 'ammo_1_products_price', 1, 'Цена одного патрона 12mm со склада (в боеприпасах).'),
(31, 'ammo_2_products_price', 1, 'Цена одного патрона 7.62mm со склада (в боеприпасах).'),
(32, 'ammo_3_products_price', 1, 'Цена одного патрона 5.8mm со склада (в боеприпасах).'),
(33, 'player_streetcars_count', 10, 'Кол-во авто игрока, которые он может иметь на улице.'),
(34, 'band_dealer_ammo_price', 50, 'Цена 1 ед. патроны у дилера для банд.'),
(35, 'band_dealer_drugs_price', 50, 'Цена 1 г. наркотиков у дилера для банд.'),
(36, 'drugs_effect_time', 30000, 'Время действия 1 г. наркотика в мс.'),
(37, 'police_recovery_price', 0, 'Цена за услугу восстановления вещи у ПД.'),
(38, 'house_sell', 0.8, 'Коэффициент для вычисления цены дома при его продаже в гос. (цена = гос_цена * коэффициент)'),
(39, 'house_tax', 0.01, 'Процент от цены дома для налога за час. (налог = гос_цена / 100 * процент)'),
(40, 'biz_sell', 0.8, 'Коэффициент для вычисления цены бизнеса при его продаже в гос. (цена = гос_цена * коэффициент)'),
(41, 'biz_tax', 0, 'Процент от цены бизнеса для налога за час. (налог = гос_цена / 100 * процент)'),
(43, 'faction_products_count', 500, 'Кол-во ед. товара организации в одном ящике.'),
(44, 'faction_products_veh_maxcount', 5000, 'Макс. кол-во ед. товара организации в авто организации.'),
(45, 'markers_stream_dist', 10, 'Дистанция видимости маркеров на сервере.'),
(46, 'markers_alpha', 40, 'Прозрачность маркеров на сервере.'),
(47, 'markers_deltaz', 0, 'Смещенине по оси Z маркеров на сервере. (0 - обычное состояние)'),
(48, 'open_slot_achievements_count', 0, 'Кол-во выполненных достижений, требуемых для разблокировки второго слота.'),
(49, 'open_slot_donate_price', 1500, 'Цена открытия третьего слота за VC.'),
(50, 'open_slot_achievements_price', 1000, 'Цена открытия второго слота за VC.'),
(51, 'jobveh_count_fuel', 20, 'Мин. допустимое количество топлива в рабочем авто при запуске сервера. Если в авто больше мин. значения, то останется большее.'),
(52, 'markers_scale', 0.5, 'Scale маркеров на сервере. (1 - обычное состояние)'),
(53, 'world_time_speed', 1, 'Скорость изменения игрового времени.'),
(54, 'wait_farm_field_time', 10000, 'Время созревания урожая на поле фермы. (ms)'),
(55, 'wait_farm_crop_time', 8000, 'Время сбора урожая на поле фермы. (ms)'),
(56, 'farm_tractor_pay', 20, 'Зарплата тракториста за одно поле. ЗП = ЗП за куст * коэффициент.'),
(57, 'farm_farmer_pay', 20, 'Зарплата фермера за разгрузку урожая целого пикапа. ЗП = ЗП за куст * коэффициент.'),
(58, 'wanted_level', 1, 'Кол-во зв. розыска за убийство.'),
(59, 'clear_wanted_time', 1200000, 'Время на очищение одной звезды розыска. (мс)'),
(60, 'wanted_arrest_time', 720000, 'Время ареста за 1 ур. розыска. (мс)'),
(61, 'voice_range', 10, 'Дистанция войса. (метры)'),
(62, 'ground_items_count', 30, 'Количество предметов на земле для одного игрока.'),
(63, 'alive_ground_item', 60000, 'Время жизни предмета инвентаря на земле. (ms)'),
(64, 'donate_vccoin', 100, 'Донат за 1 коин'),
(65, 'build_salary', 8, 'Зарплата для работы Строителя ( 1 стадия работы )'),
(66, 'build_salary_sec', 180, 'Зарплата для работы Строителя ( 2 стадия работы - самосвал )'),
(67, 'build_salary_third', 190, 'Зарплата для работы Строителя ( 2 стадия работы - цемент )'),
(68, 'build_salary_box', 4, 'Зарплата для работы Строителя ( коробка для цементовоза/самосвала )'),
(69, 'waterfront_salary', 8, 'Зарплата для работы Портового ( 1 стадия работы )'),
(70, 'waterfront_salary_sec', 18, 'Зарплата для работы Портового ( 2 стадия работы на транспорте )'),
(71, 'pizza_salary', 0.03, 'Зарплата для работы Пиццерии за 1 метр ( до 60 скилла )'),
(72, 'pizza_salary_sec', 0.04, 'Зарплата для работы Пиццерии за 1 метр ( после 60 скилла )'),
(73, 'taxi_salary', 0.06, 'Зарплата для работы Такси за 1 метр'),
(74, 'trash_salary', 0.04, 'Зарплата для работы Мусорщика за 1 метр'),
(75, 'trash_salary_procent', 20, 'Работа Мусорщика - Процент, который водитель получает от зарплаты помощника'),
(76, 'postal_salary', 0.3, 'Зарплата для работы Почтовика за 1 метр'),
(77, 'postal_salary_procent', 20, 'Работа Почтовика - Процент, который водитель получает от зарплаты помощника'),
(78, 'car_spawn_time', 1200000, 'Автом. спавн пустого авто через N мс.');

-- --------------------------------------------------------

--
-- Table structure for table `factions`
--

CREATE TABLE `factions` (
  `id` int(11) NOT NULL,
  `name` varchar(128) NOT NULL,
  `leader` int(11) NOT NULL DEFAULT 0,
  `leaderName` varchar(50) NOT NULL DEFAULT '',
  `products` int(11) NOT NULL DEFAULT 0,
  `maxProducts` int(11) NOT NULL DEFAULT 1000,
  `blip` int(11) DEFAULT NULL,
  `blipColor` int(11) NOT NULL DEFAULT 1,
  `x` float NOT NULL,
  `y` float NOT NULL,
  `z` float NOT NULL,
  `h` float NOT NULL,
  `wX` float NOT NULL DEFAULT 0,
  `wY` float NOT NULL DEFAULT 0,
  `wZ` float NOT NULL DEFAULT 0,
  `sX` float NOT NULL,
  `sY` float NOT NULL,
  `sZ` float NOT NULL
) ENGINE=InnoDB DEFAULT CHARSET=utf8;

--
-- Dumping data for table `factions`
--

INSERT INTO `factions` (`id`, `name`, `leader`, `leaderName`, `products`, `maxProducts`, `blip`, `blipColor`, `x`, `y`, `z`, `h`, `wX`, `wY`, `wZ`, `sX`, `sY`, `sZ`) VALUES
(1, 'Goverment', 0, '', 30000, 30000, 419, 10, -543.471, -207.182, 37.6498, 29.3151, -576.438, -131.898, 35.4599, -127.388, -633.219, 168.82),
(2, 'Los Santos Police Department', 1680, 'Carlo Coster', 19388, 30000, 60, 3, 456.256, -990.228, 30.6896, 84.6572, 436.902, -1005.5, 27.1825, 452.071, -980.017, 30.6896),
(3, 'Los Santos County Sheriff', 1684, 'Carlo Ccoste', 11978, 30000, 60, 1, -448.042, 6008.41, 31.7164, 328.991, -449.584, 6016.6, 31.7164, -449.595, 6016.62, 31.7164),
(4, 'FIB', 0, '', 9026, 30000, 498, 58, 154.644, -739.88, 242.152, 68.85, 160.325, -701.892, 33.129, 149.338, -737.315, 242.152),
(5, 'Los Santos Medical Service', 0, '', 30000, 30000, 61, 1, 253.44, -1351.39, 24.5378, 56.3616, 339.972, -1399.13, 32.5092, 344.346, -1395.34, 32.5093),
(6, 'Army - Fort Zancundo', 0, '', 19486, 30000, 487, 5, -2348.78, 3267.35, 32.8108, 65.2398, -2372.32, 3371.33, 32.8329, -2357.95, 3255.03, 32.8107),
(7, 'United States Navy', 0, '', 27776, 30000, 487, 12, 2488.87, -383.925, 93.7355, 85.6766, 2497.09, -338.672, 92.9928, 2476.46, -379.663, 94.3965),
(8, 'Weazel News', 0, '', 30000, 30000, 590, 1, -1066.17, -242.868, 39.7331, 32.6122, 0, 0, 0, 0, 0, 0),
(9, 'The Families', 0, '', 30000, 30000, 480, 1, -140.112, -1598.92, 34.8326, 338.066, 0, 0, 0, 0, 0, 0),
(10, 'The Ballas Gang', 83, 'Miguel Agrest', 30000, 30000, 480, 1, 114.102, -1960.93, 21.3341, 219.137, 0, 0, 0, 0, 0, 0),
(11, 'Varios Los Aztecas Gang', 0, '', 30000, 30000, 480, 1, 0, 0, 0, 0, 0, 0, 0, 0, 0, 0),
(12, 'Los Santos Vagos', 0, '', 30000, 30000, 480, 1, 327.382, -2025.61, 21.1126, 233.336, 0, 0, 0, 0, 0, 0),
(13, 'Marabunta Grande', 473, 'Laka Killy', 30000, 30000, 480, 1, 1435.04, -1498.54, 63.2231, 159.629, 0, 0, 0, 0, 0, 0),
(14, 'Russian Mafia', 1018, 'Sergey Kruglov', 30000, 30000, 543, 1, -1520.87, 854.283, 181.595, 68.1863, 0, 0, 0, 0, 0, 0),
(15, 'Italian Mafia', 0, '', 30000, 30000, 543, 1, 1391.97, 1152.77, 114.443, 83.797, 0, 0, 0, 0, 0, 0),
(16, 'Триада', 0, '', 30000, 30000, 543, 1, -1040.58, -1470.7, 5.06098, 218.693, -1026.31, -1466.46, 5.57502, -1042.64, -1476.82, 5.57502),
(17, 'Mexican Mafia', 0, '', 30000, 30000, 543, 1, 2448.15, 4982.92, 46.8468, 40.095, 0, 0, 0, 0, 0, 0),
(18, 'Biker Brotherhood', 1158, 'Wei Shen', 30000, 30000, 488, 1, 1989.4, 3047.68, 47.2151, 53.8845, 1996.97, 3038.46, 47.0267, 1994.56, 3046.36, 47.2152),
(19, 'Biker The Lost MC', 0, '', 30000, 30000, 488, 1, 978.664, -96.6728, 74.8451, 215.699, 100.237, -1954.56, 20.7256, 972.798, -98.2432, 74.8702),
(20, 'Грузинская диаспора', 51, 'Jengo Guruli', 30000, 30000, 543, 1, 1395.28, 3615.4, 38.9419, 35.805, 1397.71, 3605.34, 38.9419, 1408.49, 3619.61, 34.8943);

-- --------------------------------------------------------

--
-- Table structure for table `faction_ranks`
--

CREATE TABLE `faction_ranks` (
  `id` int(11) NOT NULL,
  `factionId` int(11) NOT NULL,
  `rank` int(11) NOT NULL,
  `name` varchar(40) NOT NULL,
  `pay` int(11) NOT NULL DEFAULT 100
) ENGINE=InnoDB DEFAULT CHARSET=utf8;

--
-- Dumping data for table `faction_ranks`
--

INSERT INTO `faction_ranks` (`id`, `factionId`, `rank`, `name`, `pay`) VALUES
(1, 1, 1, 'Стажёр', 250),
(2, 1, 2, 'Юрист', 450),
(3, 1, 3, 'Секретарь', 450),
(4, 1, 4, 'Офицер USSS', 450),
(5, 1, 5, 'Мл. Адвокат', 550),
(6, 1, 6, 'Секретарь Референт', 550),
(7, 1, 7, 'Агент USSS', 550),
(8, 1, 8, 'Адвокат', 650),
(9, 1, 9, 'Менеджер Мероприятий', 650),
(10, 1, 10, 'Спец. Агент USSS', 650),
(11, 1, 11, 'Прокурор', 1000),
(12, 1, 12, 'HR Менеджер', 1000),
(13, 1, 13, 'Нач. Отдела USSS', 1000),
(14, 1, 14, 'Судья', 1300),
(15, 1, 15, 'Глава Аппарата', 1300),
(16, 1, 16, 'Директор USSS', 1300),
(17, 1, 17, 'Советник', 2200),
(18, 1, 18, 'Мэр LS', 2500),
(19, 1, 19, 'Мэр BC', 2500),
(20, 1, 20, 'Министр Обороны', 2500),
(21, 1, 21, 'Министр Культуры', 2500),
(22, 1, 22, 'Министр Юстиции', 2500),
(23, 1, 23, 'Министр Здравоохранения', 2500),
(24, 1, 24, 'Министр Безопасности', 2500),
(25, 1, 25, 'Губернатор', 3000),
(26, 2, 1, 'Кадет LSPD', 250),
(27, 2, 2, 'Офицер 1 ранга', 350),
(28, 2, 3, 'Офицер 2 ранга', 400),
(29, 2, 4, 'Офицер 3 ранга', 450),
(30, 2, 5, 'Офицер 4 ранга', 500),
(31, 2, 6, 'Детектив 1 ранга', 600),
(32, 2, 7, 'Детектив 2 ранга', 650),
(33, 2, 8, 'Сержант 1 ранга', 750),
(34, 2, 9, 'Сержант 2 ранга', 800),
(35, 2, 10, 'Лейтенант', 900),
(36, 2, 11, 'Капитан', 1000),
(37, 2, 12, 'Командор', 1250),
(38, 2, 13, 'Заместитель Шефа', 1400),
(39, 2, 14, 'Помощник Шефа', 1650),
(40, 2, 15, 'Шеф', 1900),
(41, 3, 1, 'Кадет', 300),
(42, 3, 2, 'Младший Помощник Шерифа', 400),
(43, 3, 3, 'Помощник Шерифа', 450),
(44, 3, 4, 'Помощник Шерифа I', 550),
(45, 3, 5, 'Помощник Шерифа II', 600),
(46, 3, 6, 'Детектив', 650),
(47, 3, 7, 'Сержант', 1000),
(48, 3, 8, 'Лейтенант', 1200),
(49, 3, 9, 'Капитан', 1300),
(50, 3, 10, 'Командер', 1750),
(51, 3, 11, 'Руководитель отдела', 1900),
(52, 3, 12, 'Шериф', 2000),
(53, 4, 1, 'Стажёр', 400),
(54, 4, 2, 'Мл. Агент', 550),
(55, 4, 3, 'Агент', 600),
(56, 4, 4, 'Старший агент', 800),
(57, 4, 5, 'Спец агент II', 1100),
(58, 4, 6, 'Спец агент I', 1200),
(59, 4, 7, 'Зам. начальника отдела', 1300),
(60, 4, 8, 'Начальни отдела', 1600),
(61, 4, 9, 'Младший зам. нач. FIB', 2000),
(62, 4, 10, 'Старший зам. нач FIB', 2200),
(63, 4, 11, 'Начальник  FIB', 2400),
(64, 4, 12, 'Ранг 12', 2900),
(65, 5, 1, 'Студент', 250),
(66, 5, 2, 'Интерн', 300),
(67, 5, 3, 'Парамедик', 350),
(68, 5, 4, 'Фельдшер', 450),
(69, 5, 5, 'Терапевт', 550),
(70, 5, 6, 'Хирург', 600),
(71, 5, 7, 'Специалист', 650),
(72, 5, 8, 'Зам. зав.отд', 800),
(73, 5, 9, 'Заведующий отдел', 1000),
(74, 5, 10, 'Зам.глав.врач', 1150),
(75, 5, 11, 'Главный врач', 1700),
(76, 6, 1, 'Рекрут', 150),
(77, 6, 2, 'Рядовой', 200),
(78, 6, 3, 'Специалист', 250),
(79, 6, 4, 'Капрал', 350),
(80, 6, 5, 'Сержант', 450),
(81, 6, 6, 'Штаб-сержант', 550),
(82, 6, 7, 'Мастер-сержант', 600),
(83, 6, 8, 'Сержант-майор', 650),
(84, 6, 9, 'Уорент-офицер', 700),
(85, 6, 10, 'Лейтенант', 800),
(86, 6, 11, 'Капитан', 900),
(87, 6, 12, 'Майор', 1000),
(88, 6, 13, 'Подполковник', 1300),
(89, 6, 14, 'Полковник', 1500),
(90, 6, 15, 'Генерал', 1800),
(91, 7, 1, 'Матрос-Рекрут', 150),
(92, 7, 2, 'Матрос', 200),
(93, 7, 3, 'Петти-офицер 2 класса', 250),
(94, 7, 4, 'Петти-офицер 1 класса', 350),
(95, 7, 5, 'Чиф-петти-офицер', 450),
(96, 7, 6, 'Мастер чиф-петти-офицер', 550),
(97, 7, 7, 'Уорент-офицер', 600),
(98, 7, 8, 'Старший Уорент-Офицер 2', 650),
(99, 7, 9, 'Лейтенант', 700),
(100, 7, 10, 'Лейтенант-Коммандер', 800),
(101, 7, 11, 'Адмирал', 1800),
(102, 8, 1, 'Стажер', 200),
(103, 8, 2, 'Промоутер', 220),
(104, 8, 3, 'Помощник Репортера', 270),
(105, 8, 4, 'Репортер', 350),
(106, 8, 5, 'Корреспондент', 450),
(107, 8, 6, 'Радио-Журналист', 600),
(108, 8, 7, 'Редактор', 700),
(109, 8, 8, 'Старший Редактор', 1000),
(110, 8, 9, 'Заместитель Директора', 1300),
(111, 8, 10, 'Генеральный Директор', 1600),
(112, 8, 11, 'Тех.Директор', 1600),
(113, 8, 12, 'Программный Директор', 1600),
(114, 8, 13, 'Генеральный Директор', 1600),
(115, 9, 1, 'New Blood', 130),
(116, 9, 2, 'Little Homie', 160),
(117, 9, 3, 'Big Homie', 190),
(118, 9, 4, 'Mobsta', 220),
(119, 9, 5, 'Playa', 260),
(120, 9, 6, 'Killa', 300),
(121, 9, 7, 'Enforcer', 450),
(122, 9, 8, 'Lieutenant', 700),
(123, 9, 9, 'OG', 800),
(124, 9, 10, 'Boss Nigga', 1000),
(125, 10, 1, 'Youngsta', 130),
(126, 10, 2, 'Gangsta', 160),
(127, 10, 3, 'Big Gangsta', 190),
(128, 10, 4, 'Hustla', 220),
(129, 10, 5, 'Folk', 260),
(130, 10, 6, 'Rich Nigga', 300),
(131, 10, 7, 'Block Nigga', 450),
(132, 10, 8, 'Lieutenant', 700),
(133, 10, 9, 'Original Gangsta', 800),
(134, 10, 10, 'Boss', 1000),
(135, 11, 1, 'Associato', 130),
(136, 11, 2, 'Novato', 160),
(137, 11, 3, 'Conectado', 190),
(138, 11, 4, 'Sureno', 220),
(139, 11, 5, 'Gran Sureno', 260),
(140, 11, 6, 'Viejo Sureno', 300),
(141, 11, 7, 'Mafioso Original', 450),
(142, 11, 8, 'Lugarteniente', 700),
(143, 11, 9, 'El Padrino', 800),
(144, 11, 10, 'El Jefe', 1000),
(145, 12, 1, 'Forastero', 130),
(146, 12, 2, 'Fusilero', 160),
(147, 12, 3, 'Combatiente', 190),
(148, 12, 4, 'Norteno', 220),
(149, 12, 5, 'Gran Norteno', 260),
(150, 12, 6, 'Viejo Norteno', 300),
(151, 12, 7, 'Asesino', 450),
(152, 12, 8, 'El Capitan', 700),
(153, 12, 9, 'Representate', 800),
(154, 12, 10, 'El Padrino', 1000),
(155, 13, 1, 'Informante', 130),
(156, 13, 2, 'Informante Primero', 160),
(157, 13, 3, 'Los Maton', 190),
(158, 13, 4, 'Maton Grande', 220),
(159, 13, 5, 'Contractado', 260),
(160, 13, 6, 'El Sicario', 300),
(161, 13, 7, 'Contable', 450),
(162, 13, 8, 'Clica Teniente', 700),
(163, 13, 9, 'Clica Comandante', 800),
(164, 13, 10, 'Cosejo', 1000),
(165, 14, 1, 'Фраер', 200),
(166, 14, 2, 'Жулик', 250),
(167, 14, 3, 'Босяк', 300),
(168, 14, 4, 'Свояк', 350),
(169, 14, 5, 'Браток', 400),
(170, 14, 6, 'Блатной', 500),
(171, 14, 7, 'Бродяга', 650),
(172, 14, 8, 'Смотрящий', 750),
(173, 14, 9, 'Положенец', 1000),
(174, 14, 10, 'Вор в законе', 1400),
(175, 15, 1, 'Outsider', 200),
(176, 15, 2, 'Associate', 250),
(177, 15, 3, 'Partner in crime', 300),
(178, 15, 4, 'Soldier', 350),
(179, 15, 5, 'Top soldier', 400),
(180, 15, 6, 'Capo', 500),
(181, 15, 7, 'Street-boss', 650),
(182, 15, 8, 'Consiglieri', 750),
(183, 15, 9, 'Underboss', 1000),
(184, 15, 10, 'Boss', 1400),
(185, 16, 1, 'Outsider', 200),
(186, 16, 2, 'Blue lantern', 250),
(187, 16, 3, '49ers', 300),
(188, 16, 4, 'Straw Sandal', 350),
(189, 16, 5, 'White Paper Fan', 400),
(190, 16, 6, 'Red Pole', 500),
(191, 16, 7, 'Vanguard', 650),
(192, 16, 8, 'Incense master', 750),
(193, 16, 9, 'Deputy Mountain Master', 1000),
(194, 16, 10, 'Dragon head', 1400),
(195, 17, 1, 'Forastero', 200),
(196, 17, 2, 'Associate', 250),
(197, 17, 3, 'Candidate', 300),
(198, 17, 4, 'Emero', 350),
(199, 17, 5, 'Carnales', 400),
(200, 17, 6, 'Sargento', 500),
(201, 17, 7, 'Teniente', 650),
(202, 17, 8, 'Capitán', 750),
(203, 17, 9, 'Generale', 1000),
(204, 17, 10, 'Presidente', 1400),
(205, 18, 1, 'Free Rider﻿', 150),
(206, 18, 2, 'Prospect', 200),
(207, 18, 3, 'Member', 230),
(208, 18, 4, 'Oficer', 270),
(209, 18, 5, 'Bar Manager', 400),
(210, 18, 6, 'Road Captain', 500),
(211, 18, 7, 'Sergeant at Arms', 600),
(212, 18, 8, 'Treasure', 700),
(213, 18, 9, 'Vice-President', 800),
(214, 18, 10, 'President', 1000),
(216, 19, 1, 'Free Rider﻿', 150),
(217, 19, 2, 'Prospect', 200),
(218, 19, 3, 'Member', 230),
(219, 19, 4, 'Oficer', 270),
(220, 19, 5, 'Bar Manager', 400),
(221, 19, 6, 'Road Captain', 500),
(222, 19, 7, 'Sergeant at Arms', 600),
(223, 19, 8, 'Treasure', 700),
(224, 19, 9, 'Vice-President', 800),
(225, 19, 10, 'Vice-President', 800),
(226, 19, 11, 'President', 1000),
(227, 20, 1, 'Стажер', 150),
(228, 20, 2, 'Бармен', 200),
(229, 20, 3, 'Водитель', 230),
(230, 20, 4, 'Охранник', 270),
(231, 20, 5, 'Водитель', 400),
(232, 20, 6, 'Сомелье', 500),
(233, 20, 7, 'Исполнитель', 600),
(234, 20, 8, 'Медвежатник', 700),
(235, 20, 9, 'Опытный', 800),
(236, 20, 10, 'Старик', 1000);

-- --------------------------------------------------------

--
-- Table structure for table `farms`
--

CREATE TABLE `farms` (
  `id` int(11) NOT NULL,
  `grains` int(11) NOT NULL DEFAULT 0,
  `pumpkins` int(11) NOT NULL DEFAULT 0,
  `cabbages` int(11) NOT NULL DEFAULT 0,
  `weeds` int(11) NOT NULL DEFAULT 0,
  `pumpkinPrice` int(11) NOT NULL DEFAULT 10,
  `cabbagePrice` int(11) NOT NULL DEFAULT 10,
  `weedPrice` int(11) NOT NULL DEFAULT 10,
  `grainPrice` int(11) NOT NULL DEFAULT 0,
  `price` int(11) NOT NULL DEFAULT 2000000,
  `owner` int(11) NOT NULL DEFAULT 0,
  `balance` int(11) NOT NULL DEFAULT 0,
  `taxBalance` int(11) NOT NULL DEFAULT 1000,
  `pay` int(11) NOT NULL DEFAULT 5,
  `x` float NOT NULL,
  `y` float NOT NULL,
  `z` float NOT NULL
) ENGINE=InnoDB DEFAULT CHARSET=utf8;

--
-- Dumping data for table `farms`
--

INSERT INTO `farms` (`id`, `grains`, `pumpkins`, `cabbages`, `weeds`, `pumpkinPrice`, `cabbagePrice`, `weedPrice`, `grainPrice`, `price`, `owner`, `balance`, `taxBalance`, `pay`, `x`, `y`, `z`) VALUES
(1, 800, 269, 88, 1287, 10, 10, 10, 0, 2000000, 1, 0, 1000, 5, 2016.44, 4987.26, 41.1),
(2, 0, 0, 0, 0, 10, 10, 10, 0, 2000000, 0, 0, 1000, 5, 0, 0, 0);

-- --------------------------------------------------------

--
-- Table structure for table `farms_fields`
--

CREATE TABLE `farms_fields` (
  `id` int(11) NOT NULL,
  `labelPos` varchar(128) NOT NULL,
  `p1` varchar(128) NOT NULL,
  `p2` varchar(128) NOT NULL,
  `p3` varchar(128) NOT NULL,
  `p4` varchar(128) NOT NULL,
  `type` int(11) NOT NULL DEFAULT 0,
  `count` int(11) NOT NULL DEFAULT 0,
  `farmId` int(11) NOT NULL DEFAULT 0
) ENGINE=InnoDB DEFAULT CHARSET=utf8;

--
-- Dumping data for table `farms_fields`
--

INSERT INTO `farms_fields` (`id`, `labelPos`, `p1`, `p2`, `p3`, `p4`, `type`, `count`, `farmId`) VALUES
(1, '{\"x\":2027.53,\"y\":4959.6,\"z\":41.47}', '{\"x\":2045.52,\"y\":4968.18,\"z\":40.57}', '{\"x\":2070.02,\"y\":4945.09,\"z\":40.97}', '{\"x\":2016.98,\"y\":4939.98,\"z\":40.97}', '{\"x\":2042.07,\"y\":4915.99,\"z\":41.04}', 2, 564, 1),
(2, '{\"x\":2047.68,\"y\":4906.95,\"z\":40.98}', '{\"x\":2072.84,\"y\":4941.55,\"z\":40.57}', '{\"x\":2096.4,\"y\":4917.53,\"z\":41.03}', '{\"x\":2044.64,\"y\":4913.72,\"z\":40.98}', '{\"x\":2068.42,\"y\":4889.3,\"z\":40.96}', 3, 420, 1),
(3, '{\"x\":1997.97,\"y\":4923.62,\"z\":42.75}', '{\"x\":2006.12,\"y\":4928.62,\"z\":42.34}', '{\"x\":2029.92,\"y\":4904.65,\"z\":42.86}', '{\"x\":1981.18,\"y\":4903.23,\"z\":42.8}', '{\"x\":2004.67,\"y\":4879.82,\"z\":42.91}', 2, 500, 1),
(4, '{\"x\":2037.47,\"y\":4899.48,\"z\":42.75}', '{\"x\":2033,\"y\":4902.18,\"z\":42.34}', '{\"x\":2056.51,\"y\":4878.34,\"z\":42.86}', '{\"x\":2007.94,\"y\":4876.49,\"z\":42.86}', '{\"x\":2031.46,\"y\":4853.16,\"z\":42.87}', 3, 594, 1);

-- --------------------------------------------------------

--
-- Table structure for table `fines`
--

CREATE TABLE `fines` (
  `id` int(11) NOT NULL,
  `cop` int(11) NOT NULL,
  `recipient` int(11) NOT NULL,
  `reason` varchar(128) NOT NULL,
  `price` int(11) NOT NULL,
  `date` int(11) NOT NULL
) ENGINE=InnoDB DEFAULT CHARSET=utf8;

--
-- Dumping data for table `fines`
--

INSERT INTO `fines` (`id`, `cop`, `recipient`, `reason`, `price`, `date`) VALUES
(1, 311, 292, 'test', 1, 1555793921),
(2, 292, 311, 'ТЕСТ', 1, 1555793937),
(3, 91, 292, 'проверка', 1, 1555793939),
(4, 885, 865, '0', 1, 1555796102),
(5, 885, 860, '0', 10, 1555796173),
(6, 871, 865, 'SHTRAF', 100, 1555796181),
(7, 865, 871, 'УК. 12.1', 4500, 1555796188),
(8, 860, 885, '16.6', 4500, 1555796216),
(9, 871, 865, 'D', 4500, 1555796216),
(10, 865, 826, '0', 1, 1555796227),
(11, 885, 860, '0', 4500, 1555796228),
(12, 871, 865, '1', 1, 1555796229),
(13, 808, 798, '', 4500, 1555796241),
(14, 865, 871, '0', 1, 1555796263),
(15, 885, 860, '0', 1, 1555796281),
(16, 860, 885, '1', 1, 1555796286),
(17, 292, 298, 'тест', 1, 1555797241),
(19, 817, 34, 'сбил сотрудника ', 1, 1555838881),
(20, 561, 900, 'тест', 1, 1555840142),
(21, 817, 374, 'Убийство ', 1500, 1555841390),
(23, 65, 228, '12', 150, 1555861321);

-- --------------------------------------------------------

--
-- Table structure for table `garages`
--

CREATE TABLE `garages` (
  `id` int(11) NOT NULL,
  `x` float NOT NULL,
  `y` float NOT NULL,
  `z` float NOT NULL,
  `h` float NOT NULL,
  `maxCars` int(11) NOT NULL,
  `slots` text NOT NULL
) ENGINE=InnoDB DEFAULT CHARSET=utf8;

--
-- Dumping data for table `garages`
--

INSERT INTO `garages` (`id`, `x`, `y`, `z`, `h`, `maxCars`, `slots`) VALUES
(1, 178.97, -1000.51, -99, 168.85, 2, '[\n{\n	\"x\": 171.65,\n	\"y\": -1003.75,\n	\"z\": -99.60,\n	\"h\": 180.54\n},\n{\n	\"x\": 174.85,\n	\"y\": -1003.54,\n	\"z\": -99.61,\n	\"h\": -180.54\n}\n]'),
(2, 205.15, -999.12, -99, 91.27, 6, '[\n{\n	\"x\": 193.27,\n	\"y\": -997.45,\n	\"z\": -99.61,\n	\"h\": 178.78\n},\n{\n	\"x\": 196.48,\n	\"y\": -997.58,\n	\"z\": -99.61,\n	\"h\": 178.78\n},\n{\n	\"x\": 199.84,\n	\"y\": -997.95,\n	\"z\": -99.61,\n	\"h\": 178.78\n},\n{\n	\"x\": 192.97,\n	\"y\": -1004.03,\n	\"z\": -99.61,\n	\"h\": 178.78\n},\n{\n	\"x\": 196.19,\n	\"y\": -1004.33,\n	\"z\": -99.61,\n	\"h\": 178.78\n},\n{\n	\"x\": 199.7,\n	\"y\": -1004.59,\n	\"z\": -99.61,\n	\"h\": 178.78\n}\n]'),
(3, 237.8, -1004.78, -99, 76.39, 10, '[{\"x\":223,\"y\":-981.02,\"z\":-99,\"h\":222.45},{\"x\":223.35,\"y\":-986.76,\"z\":-99,\"h\":222.45},{\"x\":223.22,\"y\":-992.25,\"z\":-99.15,\"h\":222.45},{\"x\":223.24,\"y\":-996.89,\"z\":-99.15,\"h\":222.45},{\"x\":223.19,\"y\":-1002.07,\"z\":-99.15,\"h\":222.45},{\"x\":233.79684448242188,\"y\":-982.1552734375,\"z\":-99.55685424804688,\"h\":135.87},{\"x\":232.66539001464844,\"y\":-986.880615234375,\"z\":-99.37773895263672,\"h\":135.87},{\"x\":233.08,\"y\":-990.79,\"z\":-99.15,\"h\":135.87},{\"x\":232.97,\"y\":-995.61,\"z\":-99.15,\"h\":135.87},{\"x\":232.93,\"y\":-1001.02,\"z\":-99.15,\"h\":135.87}]');

-- --------------------------------------------------------

--
-- Table structure for table `green_zones`
--

CREATE TABLE `green_zones` (
  `id` int(11) NOT NULL,
  `interior_id` int(11) NOT NULL
) ENGINE=InnoDB DEFAULT CHARSET=utf8;

--
-- Dumping data for table `green_zones`
--

INSERT INTO `green_zones` (`id`, `interior_id`) VALUES
(1, 7426),
(2, 10498),
(3, 62210),
(4, 137473);

-- --------------------------------------------------------

--
-- Table structure for table `houses`
--

CREATE TABLE `houses` (
  `id` int(11) NOT NULL,
  `interior` int(11) NOT NULL DEFAULT 1,
  `balance` int(11) NOT NULL DEFAULT 1000,
  `garage` int(11) NOT NULL DEFAULT 0,
  `cars` varchar(128) NOT NULL DEFAULT '[]',
  `x` float NOT NULL,
  `y` float NOT NULL,
  `z` float NOT NULL,
  `h` int(11) NOT NULL,
  `vehX` float NOT NULL DEFAULT 0,
  `vehY` float NOT NULL DEFAULT 0,
  `vehZ` float NOT NULL DEFAULT 0,
  `vehH` float NOT NULL DEFAULT 0,
  `garageX` float NOT NULL DEFAULT 0,
  `garageY` float NOT NULL DEFAULT 0,
  `garageZ` float NOT NULL DEFAULT 0,
  `garageH` float NOT NULL DEFAULT 0,
  `owner` int(11) NOT NULL DEFAULT 0,
  `ownerName` varchar(128) NOT NULL DEFAULT '',
  `closed` int(11) NOT NULL DEFAULT 0,
  `garageClosed` int(1) NOT NULL DEFAULT 0,
  `price` int(11) NOT NULL DEFAULT 20000,
  `class` int(1) NOT NULL DEFAULT 1
) ENGINE=InnoDB DEFAULT CHARSET=utf8;

--
-- Dumping data for table `houses`
--

INSERT INTO `houses` (`id`, `interior`, `balance`, `garage`, `cars`, `x`, `y`, `z`, `h`, `vehX`, `vehY`, `vehZ`, `vehH`, `garageX`, `garageY`, `garageZ`, `garageH`, `owner`, `ownerName`, `closed`, `garageClosed`, `price`, `class`) VALUES
(1, 1, 0, 0, '[]', -50.4467, -1783.48, 28.3008, 317, -56.5778, -1785.03, 27.5803, 137.095, 0, 0, 0, 0, 1501, 'Elwin Logan', 0, 0, 75000, 5),
(2, 2, 0, 0, '[]', -33.8026, -1847.25, 26.1935, 47, -30.1772, -1853.84, 25.473, 317.894, 0, 0, 0, 0, 878, 'Carti Choppa', 0, 0, 85000, 5),
(3, 2, 1000, 1, '[]', -20.8216, -1858.63, 25.4087, 229, -22.583, -1852.41, 24.8141, 319.57, 0, 0, 0, 0, 0, '', 0, 0, 150000, 5),
(4, 1, 0, 0, '[]', -5.07985, -1872.04, 24.151, 229, -3.53619, -1882.48, 23.3677, 320.388, 0, 0, 0, 0, 1532, 'Thomas Swift', 0, 0, 70000, 5),
(5, 2, 1000, 1, '[]', 20.9407, -1844.47, 24.6017, 228, 9.67542, -1845.75, 24.0644, 140.069, 12.9512, -1844.57, 24.5006, 137.659, 0, '', 0, 0, 180000, 5),
(6, 2, 0, 1, '[]', 46.0885, -1864.29, 23.2783, 314, 42.4424, -1852.69, 22.5618, 134.844, 0, 0, 0, 0, 588, 'Morpheus Freeman', 0, 0, 90000, 5),
(7, 2, 1000, 1, '[]', 5.10653, -1884.2, 23.6973, 230, 15.2245, -1882.86, 22.869, 318.95, 0, 0, 0, 0, 0, '', 0, 0, 98000, 5),
(8, 2, 0, 1, '[]', 23.1462, -1896.66, 22.9659, 139, 35.0667, -1892.79, 21.9086, 318.919, 0, 0, 0, 0, 73, 'Artem Armeicev', 0, 0, 120000, 5),
(9, 2, 0, 0, '[]', 54.3238, -1873.31, 22.8058, 313, 53.9302, -1878.1, 22.0143, 137.56, 0, 0, 0, 0, 1070, 'Bill Howly', 0, 0, 85000, 5),
(10, 2, 0, 1, '[]', 39.3418, -1911.75, 21.9535, 49, 40.8964, -1922.02, 21.3934, 319.225, 0, 0, 0, 0, 233, 'Lance Wilson', 0, 0, 83000, 5),
(11, 2, 1000, 1, '[]', 56.5978, -1922.63, 21.9111, 139, 68.812, -1921.26, 21.003, 317.772, 0, 0, 0, 0, 0, '', 0, 0, 110000, 5),
(12, 2, 0, 0, '[]', 72.2734, -1938.85, 21.3691, 134, 81.2356, -1932.63, 20.4665, 318.34, 0, 0, 0, 0, 575, 'Jackson Capelli', 0, 0, 100000, 5),
(13, 2, 0, 0, '[]', 101.07, -1912.3, 21.4074, 335, 89.6705, -1917.19, 20.4501, 139.033, 0, 0, 0, 0, 221, 'Ethane Hudson', 0, 0, 130000, 5),
(14, 2, 1000, 1, '[]', -42.1074, -1792.6, 27.8282, 324, 0, 0, 0, 0, 0, 0, 0, 0, 0, '', 0, 0, 100000, 5),
(15, 1, 1000, 0, '[]', 29.6072, -1854.54, 24.0688, 314, 0, 0, 0, 0, 0, 0, 0, 0, 0, '', 0, 0, 65000, 5),
(16, 2, 1000, 0, '[]', 76.5109, -1948.32, 21.1741, 219, 0, 0, 0, 0, 0, 0, 0, 0, 0, '', 0, 0, 100000, 5),
(17, 2, 1000, 1, '[]', 85.773, -1959.6, 21.1217, 42, 0, 0, 0, 0, 0, 0, 0, 0, 0, '', 0, 0, 200000, 5),
(18, 1, 0, 0, '[]', 104.141, -1885.18, 24.3188, 141, 105.574, -1879.6, 23.6805, 321.52, 0, 0, 0, 0, 83, 'Miguel Agrest', 0, 0, 60000, 5),
(19, 1, 1000, 0, '[]', 114.987, -1887.86, 23.9282, 246, 126.27, -1882.06, 23.3014, 335.279, 0, 0, 0, 0, 0, '', 0, 0, 65000, 5),
(20, 1, 1000, 1, '[]', 127.861, -1896.91, 23.6742, 246, 137.281, -1893.44, 23.0967, 335.313, 0, 0, 0, 0, 0, '', 0, 0, 65000, 5),
(21, 1, 0, 0, '[]', 130.659, -1853.37, 25.2348, 330, 126.028, -1857.35, 24.554, 140.629, 0, 0, 0, 0, 781, 'Terry Juice', 0, 0, 70000, 5),
(22, 2, 0, 1, '[]', 150.024, -1864.92, 24.5913, 336, 139.061, -1869.05, 23.878, 156.823, 0, 0, 0, 0, 1104, 'Oronsaku Takeda', 0, 0, 85000, 5),
(23, 2, 1000, 1, '[]', 171.363, -1871.47, 24.4002, 245, 176.749, -1885.15, 23.8331, 154.109, 0, 0, 0, 0, 0, '', 0, 0, 90000, 5),
(24, 1, 0, 1, '[]', 192.377, -1883.3, 25.0567, 334, 187.767, -1875.75, 24.2259, 154.156, 188.104, -1875.03, 24.6863, 227.657, 39, 'Leonid Shadrin', 0, 0, 60000, 5),
(25, 1, 1000, 1, '[]', 148.753, -1904.27, 23.5317, 155, 159.026, -1898.01, 22.7214, 333.244, 0, 0, 0, 0, 0, '', 0, 0, 78000, 5),
(26, 2, 4312, 1, '[]', 179.091, -1924.21, 21.371, 319, 165.175, -1929.1, 20.7422, 230.55, 0, 0, 0, 0, 0, '', 1, 0, 130000, 5),
(27, 2, 1000, 1, '[]', 165.397, -1945.07, 20.2354, 49, 165.551, -1957.76, 18.9202, 229.281, 0, 0, 0, 0, 0, '', 0, 0, 88000, 5),
(28, 1, 0, 1, '[]', 148.963, -1960.61, 19.4589, 46, 151.276, -1965.24, 18.6718, 229.518, 0, 0, 0, 0, 567, 'Kenny Compton', 0, 0, 60000, 5),
(29, 1, 0, 0, '[]', 144.066, -1969.32, 18.8576, 325, 152.907, -1979.3, 17.9742, 140.016, 0, 0, 0, 0, 816, 'Johny Dob', 0, 0, 50000, 5),
(30, 1, 0, 0, '[]', 288.85, -1792.32, 28.0891, 137, 301.137, -1802.8, 27.1139, 141.75, 0, 0, 0, 0, 705, 'Adam Tayller', 0, 0, 50000, 5),
(31, 1, 0, 0, '[]', 300.097, -1784.03, 28.4387, 318, 289.679, -1784.84, 27.7189, 229.113, 0, 0, 0, 0, 290, 'German Franklin', 0, 0, 50000, 5),
(32, 1, 0, 0, '[]', 304.465, -1775.43, 29.1012, 41, 313.842, -1787.64, 27.7706, 140.108, 0, 0, 0, 0, 229, 'Oliver Smith', 0, 0, 55000, 5),
(33, 1, 0, 1, '[]', 320.901, -1759.93, 29.6379, 48, 322.28, -1772.05, 28.4395, 229.761, 0, 0, 0, 0, 356, 'Korben Dallas', 1, 0, 48000, 5),
(34, 1, 0, 1, '[]', 332.906, -1741.15, 29.7305, 319, 315.145, -1738.61, 29.1903, 230.12, 0, 0, 0, 0, 69, 'Douglas Walker', 0, 0, 58000, 5),
(35, 1, 0, 1, '[]', 282.069, -1694.86, 29.6479, 226, 268.169, -1702.61, 29.016, 48.1404, 0, 0, 0, 0, 66, 'Dmitriy Mayer', 0, 0, 52000, 5),
(36, 1, 0, 0, '[]', 269.535, -1713.06, 29.6688, 319, 256.5, -1703.49, 28.742, 320.947, 0, 0, 0, 0, 186, 'Jeffrey Williams', 0, 0, 60000, 5),
(37, 1, 0, 0, '[]', 257.419, -1723.11, 29.6541, 318, 268.407, -1722.08, 29.0131, 49.1921, 0, 0, 0, 0, 109, 'Daniel Robinson', 0, 0, 45000, 5),
(38, 1, 0, 0, '[]', 249.877, -1730.64, 29.6688, 225, 238.721, -1724.66, 28.6336, 319.84, 0, 0, 0, 0, 224, 'Cesar Delgado', 0, 0, 60000, 5),
(39, 1, 0, 0, '[]', 252.774, -1670.99, 29.6632, 318, 253.67, -1681.9, 28.977, 230.079, 0, 0, 0, 0, 0, '', 0, 0, 75000, 5),
(40, 2, 0, 1, '[]', 240.912, -1687.89, 29.6996, 48, 242.129, -1699.79, 28.8467, 231.683, 0, 0, 0, 0, 456, 'Cole Cooper', 0, 0, 80000, 5),
(41, 2, 0, 0, '[]', 222.84, -1702.65, 29.6964, 37, 224.792, -1708.23, 29.0181, 215.257, 0, 0, 0, 0, 487, 'Hike Karry', 0, 0, 80000, 5),
(42, 1, 1000, 0, '[]', 216.532, -1717.25, 29.6752, 123, 221.739, -1728.1, 28.63, 132.282, 0, 0, 0, 0, 0, '', 0, 0, 70000, 5),
(43, 2, 0, 1, '[]', 197.868, -1725.53, 29.6637, 118, 210.919, -1731.18, 28.7492, 207.599, 0, 0, 0, 0, 362, 'Denis Sherman', 1, 0, 98000, 5),
(44, 1, 1000, 0, '[]', 320.055, -1853.89, 27.5109, 222, 308.57, -1846.7, 26.4433, 320.829, 0, 0, 0, 0, 0, '', 0, 0, 63000, 5),
(45, 1, 0, 0, '[]', 329.092, -1845.78, 27.7481, 227, 335.475, -1836.37, 27.0539, 45.1165, 0, 0, 0, 0, 742, 'Takeshi Kovach', 0, 0, 58000, 5),
(46, 2, 1000, 1, '[]', 348.77, -1820.68, 28.8941, 140, 346.735, -1808.64, 28.15, 51.1952, 0, 0, 0, 0, 0, '', 0, 0, 100000, 5),
(47, 1, 0, 0, '[]', 282.702, -1899.15, 27.2676, 229, 270.898, -1891.56, 26.3175, 321.073, 0, 0, 0, 0, 1218, 'Nate Jones', 0, 0, 70000, 5),
(48, 2, 0, 1, '[]', 270.237, -1917.35, 26.1803, 318, 269.438, -1907.28, 26.1772, 50.1044, 0, 0, 0, 0, 306, 'Alex Richer', 0, 0, 85000, 5),
(49, 1, 1000, 0, '[]', 258.184, -1927.38, 25.4448, 318, 247.728, -1919.35, 24.5408, 320.752, 0, 0, 0, 0, 0, '', 0, 0, 68000, 5),
(50, 1, 0, 0, '[]', 250.596, -1934.94, 24.6993, 227, 246.442, -1934.34, 24.1231, 49.4865, 0, 0, 0, 0, 622, 'Alexey Romanov', 0, 0, 60000, 5),
(51, 2, 0, 1, '[]', 236.138, -2045.93, 18.38, 140, 249.118, -2044.99, 17.6383, 228.532, 0, 0, 0, 0, 590, 'Agros Bravo', 1, 0, 85000, 5),
(52, 1, 0, 0, '[]', 256.529, -2023.6, 19.2663, 52, 260.489, -2023.67, 18.5457, 231.484, 0, 0, 0, 0, 0, '', 0, 0, 63000, 5),
(53, 2, 0, 0, '[]', 279.728, -1993.67, 20.8038, 137, 279.746, -1985.82, 20.1455, 229.28, 0, 0, 0, 0, 245, 'Carlos Vasco', 1, 0, 140000, 5),
(54, 2, 1000, 0, '[]', 291.425, -1980.36, 21.6005, 318, 279.995, -1980.47, 20.9049, 228.427, 0, 0, 0, 0, 0, '', 0, 0, 130000, 5),
(55, 2, 0, 0, '[]', 296.067, -1971.83, 22.9008, 48, 297.926, -1976.27, 22.0855, 228.524, 0, 0, 0, 0, 175, 'Stan Marsh', 0, 0, 80000, 5),
(56, 1, 1000, 1, '[]', 312.322, -1956.31, 24.6168, 53, 313.594, -1968.3, 23.2837, 228.831, 0, 0, 0, 0, 0, '', 0, 0, 70000, 5),
(57, 1, 0, 1, '[]', 324.207, -1937.69, 25.019, 323, 312.402, -1940.01, 24.3714, 230.169, 0, 0, 0, 0, 48, 'Christofer Lacoste', 0, 0, 65000, 5),
(58, 1, 1000, 1, '[]', 368.552, -1896.02, 25.1785, 312, 357.368, -1897.29, 24.5321, 227.953, 0, 0, 0, 0, 0, '', 0, 0, 75000, 5),
(59, 2, 1000, 1, '[]', 385.25, -1881.6, 26.0315, 51, 387.807, -1893.67, 24.7823, 225.173, 0, 0, 0, 0, 0, '', 0, 0, 100000, 5),
(60, 2, 1000, 1, '[]', 399.445, -1864.76, 26.7164, 132, 399.233, -1875.03, 25.914, 223.036, 0, 0, 0, 0, 0, '', 0, 0, 90000, 5),
(61, 2, 1000, 1, '[]', 412.461, -1856.1, 27.3231, 137, 396.676, -1847.49, 26.5835, 223.222, 0, 0, 0, 0, 0, '', 0, 0, 102000, 5),
(62, 2, 1000, 0, '[]', 427.359, -1841.97, 28.4635, 133, 434.723, -1841.29, 27.6785, 224.448, 0, 0, 0, 0, 0, '', 0, 0, 91000, 5),
(63, 1, 1000, 0, '[]', 440.371, -1829.9, 28.3619, 313, 432.738, -1832.63, 27.7104, 223.681, 0, 0, 0, 0, 0, '', 0, 0, 77000, 5),
(64, 2, 1000, 0, '[]', 405.668, -1751.42, 29.7103, 316, 399.349, -1753.11, 29.0176, 50.5315, 0, 0, 0, 0, 0, '', 0, 0, 110000, 5),
(65, 2, 1000, 1, '[]', 419.035, -1735.72, 29.6077, 323, 430.318, -1735.04, 28.9785, 49.9297, 0, 0, 0, 0, 0, '', 0, 0, 95000, 5),
(66, 2, 0, 1, '[]', 443.365, -1707.42, 29.7093, 228, 440.003, -1696.01, 28.9785, 51.0698, 0, 0, 0, 0, 0, '', 0, 0, 99000, 5),
(67, 1, 0, 0, '[]', 500.589, -1697.44, 29.7892, 322, 496.521, -1701.98, 29.1252, 235.023, 0, 0, 0, 0, 315, 'Lurk Wilson', 1, 0, 60000, 5),
(68, 2, 0, 1, '[]', 489.657, -1713.98, 29.7069, 71, 482.497, -1719.33, 29.1142, 247.946, 0, 0, 0, 0, 712, 'Joo Carter', 0, 0, 130000, 5),
(69, 2, 1000, 1, '[]', 479.627, -1735.99, 29.151, 340, 469.352, -1742.27, 28.6961, 250.581, 0, 0, 0, 0, 0, '', 0, 0, 105000, 5),
(70, 1, 1000, 0, '[]', 474.667, -1757.71, 29.0926, 69, 487.842, -1758.71, 28.1396, 165.539, 0, 0, 0, 0, 0, '', 0, 0, 57000, 5),
(71, 2, 0, 1, '[]', 472.084, -1775.16, 29.0709, 88, 481.657, -1794.39, 28.243, 230.828, 0, 0, 0, 0, 436, 'Adam Gao', 0, 0, 80000, 5),
(72, 2, 0, 1, '[]', 495.496, -1823.05, 28.8697, 137, 481.586, -1821.69, 27.6054, 49.3011, 0, 0, 0, 0, 880, 'Oliver Wood', 0, 0, 90000, 5),
(73, 1, 0, 1, '[]', 500.624, -1812.96, 28.8912, 137, 502.168, -1797.62, 28.168, 61.5888, 0, 0, 0, 0, 1068, 'Thug Gefferson', 1, 0, 67000, 5),
(74, 1, 1000, 0, '[]', 512.382, -1790.73, 28.9195, 269, 501.155, -1790.51, 28.0946, 345.978, 0, 0, 0, 0, 0, '', 0, 0, 70000, 5),
(75, 1, 0, 0, '[]', 514.154, -1780.95, 28.914, 271, 500.605, -1779.05, 28.0913, 19.8748, 0, 0, 0, 0, 296, 'Toni Stark', 0, 0, 75000, 5),
(76, 2, 0, 1, '[]', 16.7752, -1443.91, 30.9493, 333, 7.19518, -1453.35, 30.2254, 170.233, 0, 0, 0, 0, 1187, 'Jerry Henderson', 0, 0, 150000, 5),
(77, 4, 1000, 1, '[]', -14.034, -1442.1, 31.101, 355, -25.1786, -1436.6, 30.3831, 180.735, 0, 0, 0, 0, 0, '', 0, 0, 480000, 4),
(78, 2, 0, 0, '[]', -32.486, -1446.49, 31.8914, 264, -38.5876, -1447.33, 31.2307, 181.844, 0, 0, 0, 0, 0, '', 0, 0, 150000, 5),
(79, 2, 1000, 1, '[]', -45.7731, -1445.58, 32.4296, 273, -52.775, -1456.24, 31.7619, 185.784, 0, 0, 0, 0, 0, '', 0, 0, 180000, 5),
(80, 2, 1000, 0, '[]', -64.3712, -1449.39, 32.5249, 100, -65.881, -1463.52, 31.718, 114.486, 0, 0, 0, 0, 0, '', 0, 0, 200000, 5),
(81, 1, 0, 0, '[]', 1193.22, -1622.52, 45.2215, 305, 1198.73, -1631.01, 44.4701, 122.44, 0, 0, 0, 0, 189, 'Frank Costello', 0, 0, 59000, 5),
(82, 1, 1000, 0, '[]', 1193.32, -1656.36, 43.0264, 213, 1190.89, -1645.93, 41.4857, 307.917, 0, 0, 0, 0, 0, '', 0, 0, 73000, 3),
(83, 2, 1000, 0, '[]', 1214.13, -1643.95, 48.646, 207, 1211.66, -1632.68, 46.656, 300.094, 0, 0, 0, 0, 0, '', 0, 0, 90000, 3),
(84, 2, 1000, 0, '[]', 1210.65, -1606.91, 50.736, 32, 1222.38, -1616.84, 49.4819, 121.036, 0, 0, 0, 0, 0, '', 0, 0, 93000, 5),
(85, 2, 1000, 0, '[]', 1230.86, -1591.02, 53.7661, 35, 1227.32, -1603.77, 51.5988, 212.636, 0, 0, 0, 0, 0, '', 0, 0, 98000, 5),
(86, 1, 1000, 0, '[]', 1245.14, -1626.65, 53.2824, 211, 1235.16, -1629.09, 51.531, 32.7632, 0, 0, 0, 0, 0, '', 0, 0, 72000, 5),
(87, 2, 1000, 0, '[]', 1261.37, -1616.5, 54.7429, 204, 1252.17, -1618.95, 53.1561, 31.8056, 0, 0, 0, 0, 0, '', 0, 0, 120000, 3),
(88, 2, 1000, 0, '[]', 1286.62, -1604.45, 54.8249, 192, 1271.83, -1608.17, 53.7299, 31.9541, 0, 0, 0, 0, 0, '', 0, 0, 100000, 3),
(89, 2, 1000, 1, '[]', 1341.83, -1578.09, 54.4449, 39, 1352.2, -1575.25, 53.7434, 216.048, 0, 0, 0, 0, 0, '', 0, 0, 100000, 5),
(90, 2, 1000, 0, '[]', 126.65, -1929.7, 21.3824, 35, 0, 0, 0, 0, 0, 0, 0, 0, 0, '', 0, 0, 111000, 5),
(91, 2, 1000, 0, '[]', 1411.7, -1490.75, 60.6574, 315, 1416.85, -1500.39, 59.858, 155.449, 0, 0, 0, 0, 0, '', 0, 0, 110000, 6),
(92, 1, 0, 0, '[]', 1404.22, -1496.29, 59.9623, 106, 1405.57, -1508.87, 58.7778, 205.977, 0, 0, 0, 0, 74, 'Martin Sopilqa', 0, 0, 65000, 6),
(93, 2, 1000, 1, '[]', 1379.36, -1515.18, 58.4338, 30, 1372.83, -1521.41, 56.9746, 201.982, 0, 0, 0, 0, 0, '', 0, 0, 140000, 5),
(94, 2, 1000, 1, '[]', 1382.2, -1544.54, 57.1072, 122, 1395.49, -1533.39, 57.3051, 41.4219, 0, 0, 0, 0, 0, '', 0, 0, 90000, 5),
(95, 2, 1000, 0, '[]', 1360.55, -1556.07, 56.3419, 192, 1361.5, -1543.74, 54.7019, 284.63, 0, 0, 0, 0, 0, '', 0, 0, 90000, 5),
(96, 1, 1000, 0, '[]', 1342.25, -1527.05, 54.5827, 353, 1351.97, -1529.93, 54.036, 173.444, 0, 0, 0, 0, 0, '', 0, 0, 75000, 5),
(97, 1, 0, 1, '[]', 1327.29, -1552.93, 54.0516, 223, 1336.69, -1548.88, 52.5837, 43.1093, 0, 0, 0, 0, 955, 'David Zain', 0, 0, 75000, 5),
(98, 2, 1000, 0, '[]', 1259.09, -1761.79, 49.6582, 204, 1259.2, -1746.45, 48.5866, 299.72, 0, 0, 0, 0, 0, '', 0, 0, 90000, 5),
(99, 2, 1000, 0, '[]', 1250.91, -1734.51, 52.032, 341, 1257.37, -1741.86, 48.7138, 119.376, 0, 0, 0, 0, 0, '', 0, 0, 90000, 5),
(100, 1, 1000, 0, '[]', 1295.33, -1739.65, 54.2717, 107, 1302.97, -1742.03, 53.6088, 22.5509, 0, 0, 0, 0, 0, '', 0, 0, 75000, 5),
(101, 2, 1000, 1, '[]', 1289.27, -1710.72, 55.475, 18, 1302.24, -1705.14, 54.8507, 201.595, 0, 0, 0, 0, 0, '', 0, 0, 200000, 3),
(102, 1, 0, 1, '[]', 1314.65, -1732.93, 54.7001, 109, 1330.8, -1732.98, 55.7763, 18.8629, 0, 0, 0, 0, 1076, 'Angel Phillips', 0, 0, 75000, 5),
(103, 2, 1000, 0, '[]', 1316.81, -1698.83, 58.2268, 13, 1321.53, -1711.01, 54.9345, 109.517, 0, 0, 0, 0, 0, '', 0, 0, 83000, 5),
(104, 2, 1000, 0, '[]', 1354.95, -1690.53, 60.4912, 81, 1361.68, -1690.97, 60.5432, 179.58, 0, 0, 0, 0, 0, '', 0, 0, 130000, 5),
(105, 2, 1000, 1, '[]', 1365.49, -1721.66, 65.6341, 191, 1380.38, -1733.95, 65.3516, 194.43, 0, 0, 0, 0, 0, '', 0, 0, 120000, 3),
(106, 2, 1000, 0, '[]', 1350.84, -1747.55, 64.0776, 281, 1356.49, -1769.42, 60.8202, 107.747, 0, 0, 0, 0, 0, '', 0, 0, 100000, 5),
(107, 4, 1000, 1, '[]', -1754.42, -708.737, 10.3994, 225, -1742.41, -700.577, 9.85645, 321.047, 0, 0, 0, 0, 0, '', 0, 0, 650000, 3),
(108, 4, 1000, 1, '[]', -1764.12, -707.862, 10.6142, 319, -1751.83, -693.15, 9.83443, 319.53, 0, 0, 0, 0, 0, '', 0, 0, 750000, 3),
(109, 5, 1000, 1, '[]', -1777.17, -701.674, 10.5118, 316, -1756.96, -687.713, 9.81882, 319.568, 0, 0, 0, 0, 0, '', 0, 0, 1000000, 3),
(110, 5, 1000, 1, '[]', -1765.97, -681.409, 10.3296, 140, -1767.08, -677.714, 9.97441, 319.013, 0, 0, 0, 0, 0, '', 0, 0, 900000, 3),
(111, 5, 1000, 1, '[]', -1791.31, -683.172, 10.6413, 320, -1777.29, -667.333, 10.1088, 319.666, 0, 0, 0, 0, 0, '', 0, 0, 950000, 3),
(112, 4, 1000, 1, '[]', -1800.13, -667.235, 10.6046, 232, -1784.84, -660.929, 10.1735, 318.654, 0, 0, 0, 0, 0, '', 0, 0, 800000, 3),
(113, 4, 1000, 1, '[]', -1818.99, -655.773, 13.8118, 316, -1805.86, -641.949, 10.6398, 319.877, 0, 0, 0, 0, 0, '', 0, 0, 850000, 3),
(114, 4, 1000, 1, '[]', -1812.11, -640.462, 10.9453, 135, -1812.24, -636.088, 10.6709, 319.167, 0, 0, 0, 0, 0, '', 0, 0, 650000, 3),
(115, 4, 1000, 1, '[]', -1836.63, -631.596, 10.7511, 228, -1825.95, -624.269, 10.8304, 319.225, 0, 0, 0, 0, 0, '', 0, 0, 650000, 3),
(116, 4, 1000, 1, '[]', -1845.87, -634.035, 11.3504, 318, -1833.23, -615.974, 10.9721, 320.084, 0, 0, 0, 0, 0, '', 0, 0, 700000, 3),
(117, 5, 0, 0, '[]', -1873.18, -596.964, 11.8547, 139, -1865.17, -590.117, 11.4866, 319.881, 0, 0, 0, 0, 0, '', 0, 0, 980000, 3),
(118, 5, 1000, 1, '[]', -1884.97, -599.842, 11.8994, 318, -1871.95, -584.432, 11.5283, 319.539, 0, 0, 0, 0, 0, '', 0, 0, 950000, 3),
(119, 4, 1000, 1, '[]', -1883.19, -578.836, 11.8182, 139, -1878.79, -578.549, 11.4821, 320.422, 0, 0, 0, 0, 0, '', 0, 0, 800000, 3),
(120, 5, 1000, 1, '[]', -1901.4, -586.391, 11.8734, 318, -1888.36, -570.768, 11.5145, 321.391, 0, 0, 0, 0, 0, '', 0, 0, 1200000, 3),
(121, 6, 0, 1, '[]', -1913.62, -574.315, 11.4351, 315, -1900.38, -560.633, 11.523, 320.156, 0, 0, 0, 0, 297, 'Felisa Bailey', 0, 0, 1500000, 3),
(122, 4, 1000, 1, '[]', -1917.93, -558.734, 11.8461, 227, -1907.39, -551.33, 11.5268, 320.201, 0, 0, 0, 0, 0, '', 0, 0, 750000, 3),
(123, 4, 1000, 1, '[]', -1918.42, -542.448, 11.832, 137, -1912.89, -543.733, 11.5163, 322.112, 0, 0, 0, 0, 0, '', 0, 0, 750000, 3),
(124, 5, 1000, 1, '[]', -1945.14, -548.493, 14.7255, 317, -1932.94, -534.67, 11.5551, 319.6, 0, 0, 0, 0, 0, '', 0, 0, 900000, 3),
(125, 5, 1000, 1, '[]', -1951.97, -543.135, 14.7255, 320, -1939.1, -529.591, 11.5695, 319.693, 0, 0, 0, 0, 0, '', 0, 0, 900000, 3),
(126, 5, 1000, 1, '[]', -1967.76, -531.872, 12.1707, 319, -1953.67, -515.632, 11.6155, 320.927, 0, 0, 0, 0, 0, '', 0, 0, 1300000, 3),
(127, 5, 1000, 1, '[]', -1978.03, -508.995, 11.8499, 178, -1967.26, -501.454, 11.5935, 320.263, 0, 0, 0, 0, 0, '', 0, 0, 900000, 3),
(128, 4, 1000, 1, '[]', -3089.23, 221.291, 14.116, 140, -3083.26, 220.535, 13.728, 321.527, 0, 0, 0, 0, 0, '', 0, 0, 500000, 3),
(129, 3, 1000, 1, '[]', -3105.04, 246.786, 12.4963, 111, -3099.61, 243.685, 12.1226, 290.832, 0, 0, 0, 0, 0, '', 0, 0, 450000, 3),
(130, 3, 1000, 1, '[]', -3105.68, 286.739, 8.97212, 68, -3103.76, 280.186, 8.87472, 257.471, 0, 0, 0, 0, 0, '', 0, 0, 400000, 3),
(131, 4, 1000, 1, '[]', -3106.06, 312.1, 8.38103, 161, -3097.69, 306.83, 8.07814, 252.965, 0, 0, 0, 0, 0, '', 0, 0, 580000, 3),
(132, 4, 1000, 1, '[]', -3110.57, 335.354, 7.49335, 159, -3091.63, 320.204, 7.2611, 253.643, 0, 0, 0, 0, 0, '', 0, 0, 500000, 3),
(133, 4, 1000, 1, '[]', -3093.59, 349.242, 7.5413, 77, -3089.39, 340.687, 7.14457, 254.912, 0, 0, 0, 0, 0, '', 0, 0, 800000, 3),
(134, 3, 1000, 1, '[]', -3091.48, 379.27, 7.11185, 69, -3080.2, 370.963, 6.8556, 253.76, 0, 0, 0, 0, 0, '', 0, 0, 410000, 3),
(135, 4, 1000, 1, '[]', -3088.58, 392.196, 11.4479, 72, -3072.99, 395.202, 6.6986, 252.866, 0, 0, 0, 0, 0, '', 0, 0, 800000, 3),
(136, 3, 1000, 1, '[]', -3072.99, 452.724, 6.35776, 243, -3057.24, 440.992, 6.09289, 244.803, 0, 0, 0, 0, 0, '', 0, 0, 370000, 3),
(137, 3, 1000, 1, '[]', -3053.25, 486.748, 6.77965, 160, -3040.87, 474.942, 6.49635, 254.37, 0, 0, 0, 0, 0, '', 0, 0, 450000, 3),
(138, 4, 1000, 1, '[]', -3039.24, 492.689, 6.77269, 76, -3031.9, 498.181, 6.53568, 259.247, 0, 0, 0, 0, 0, '', 0, 0, 610000, 3),
(139, 3, 1000, 1, '[]', -3031.75, 525.042, 7.4217, 83, -3029.37, 520.365, 7.07657, 265.876, 0, 0, 0, 0, 0, '', 0, 0, 420000, 3),
(140, 3, 1000, 1, '[]', -3037.03, 559.141, 7.50769, 91, -3032.74, 555.495, 7.23545, 274.059, 0, 0, 0, 0, 0, '', 0, 0, 350000, 3),
(141, 3, 1000, 1, '[]', -3029.64, 568.654, 7.8236, 96, -3027.69, 573.319, 7.34959, 189.356, 0, 0, 0, 0, 0, '', 0, 0, 430000, 3),
(142, 4, 1000, 1, '[]', -3077.76, 658.968, 11.6673, 123, -3072.89, 657.16, 10.9121, 308.434, 0, 0, 0, 0, 0, '', 0, 0, 600000, 3),
(143, 3, 1000, 1, '[]', -3107.62, 718.827, 20.6503, 87, -3102.4, 716.304, 20.2095, 283.574, 0, 0, 0, 0, 0, '', 0, 0, 340000, 3),
(144, 3, 1000, 1, '[]', -3101.45, 743.712, 21.2848, 46, -3096.65, 745.515, 20.8648, 231.208, 0, 0, 0, 0, 0, '', 0, 0, 420000, 3),
(145, 5, 1000, 1, '[]', -3017.35, 746.747, 27.7774, 290, -3018.27, 739.758, 27.2967, 105.558, 0, 0, 0, 0, 0, '', 0, 0, 1000000, 2),
(146, 6, 1000, 1, '[]', -2992.77, 707.257, 28.4966, 17, -2996.22, 704.383, 28.1214, 112.622, 0, 0, 0, 0, 0, '', 0, 0, 1400000, 2),
(147, 5, 1000, 1, '[]', -2994.78, 682.506, 25.0427, 288, -3000.07, 687.293, 24.5834, 107.859, 0, 0, 0, 0, 0, '', 0, 0, 1100000, 2),
(148, 5, 1000, 1, '[]', -2972.68, 642.514, 25.9921, 285, -2981.39, 654.951, 25.0756, 105.06, 0, 0, 0, 0, 0, '', 0, 0, 1100000, 2),
(149, 2, 1000, 0, '[]', -3231.91, 1081.6, 10.8086, 258, 0, 0, 0, 0, 0, 0, 0, 0, 0, '', 0, 0, 100000, 5),
(150, 3, 1000, 1, '[]', -3225.17, 911.058, 13.9933, 228, -3211.68, 911.056, 13.7593, 319.838, 0, 0, 0, 0, 0, '', 0, 0, 350000, 4),
(151, 3, 1000, 1, '[]', -3228.9, 927.398, 13.9698, 119, -3224.16, 924.925, 13.6849, 300.54, 0, 0, 0, 0, 0, '', 0, 0, 350000, 4),
(152, 3, 1000, 1, '[]', -3232.52, 934.806, 13.7984, 103, -3231.44, 939.777, 13.4681, 288.913, 0, 0, 0, 0, 0, '', 0, 0, 320000, 4),
(153, 3, 1000, 1, '[]', -3237.97, 952.655, 13.2434, 100, -3234.17, 948.704, 12.9901, 283.26, 0, 0, 0, 0, 0, '', 0, 0, 400000, 4),
(154, 3, 1000, 1, '[]', -3251.2, 1027.28, 11.7577, 78, -3237.62, 1034.5, 11.424, 264.843, 0, 0, 0, 0, 0, '', 0, 0, 390000, 3),
(155, 3, 1000, 1, '[]', -3254.55, 1063.99, 11.1462, 167, -3233.74, 1055.04, 10.8948, 263.645, 0, 0, 0, 0, 0, '', 0, 0, 390000, 3),
(156, 3, 0, 1, '[]', -3232.49, 1067.94, 11.0284, 75, -3229.08, 1071.55, 10.693, 259.438, 0, 0, 0, 0, 185, 'Caterine Milton', 1, 0, 250000, 3),
(157, 2, 1000, 0, '[]', -3228.67, 1092.53, 10.7705, 65, -3226.78, 1087.36, 10.4214, 254.065, 0, 0, 0, 0, 0, '', 0, 0, 100000, 5),
(158, 3, 1000, 1, '[]', -3229.16, 1100.81, 10.5787, 331, -3220.24, 1105.55, 10.2073, 249.093, 0, 0, 0, 0, 0, '', 0, 0, 300000, 3),
(159, 3, 1000, 1, '[]', -3214.97, 1148.77, 9.89541, 146, -3205.07, 1135.42, 9.61254, 245.239, 0, 0, 0, 0, 0, '', 0, 0, 400000, 3),
(160, 3, 1000, 1, '[]', -3200.03, 1165.46, 9.65434, 63, -3197.86, 1160.45, 9.37912, 250.623, 0, 0, 0, 0, 0, '', 0, 0, 250000, 3),
(161, 3, 1000, 1, '[]', -3205.69, 1186.06, 9.66468, 161, -3190.9, 1182.5, 9.12782, 263.129, 0, 0, 0, 0, 0, '', 0, 0, 300000, 3),
(162, 3, 1000, 1, '[]', -3206.06, 1203.64, 9.54069, 260, -3188.28, 1197.63, 9.20912, 264.249, 0, 0, 0, 0, 0, '', 0, 0, 310000, 3),
(163, 3, 1000, 1, '[]', -3200.25, 1232.5, 10.0483, 159, -3186.11, 1226.35, 9.79963, 263.769, 0, 0, 0, 0, 0, '', 0, 0, 370000, 3),
(164, 3, 1000, 1, '[]', -3186.9, 1273.84, 12.6583, 73, -3183.17, 1277.3, 12.4206, 255.997, 0, 0, 0, 0, 0, '', 0, 0, 300000, 3),
(165, 3, 1000, 1, '[]', -3190.86, 1297.68, 19.0674, 57, -3177.16, 1296.31, 14.25, 247.741, 0, 0, 0, 0, 0, '', 0, 0, 450000, 3),
(166, 2, 1000, 0, '[]', -374.295, 6190.89, 31.7295, 82, -382.895, 6188.38, 31.2201, 225.241, 0, 0, 0, 0, 0, '', 0, 0, 100000, 5),
(167, 1, 0, 0, '[]', -356.708, 6207.25, 31.843, 42, -369.178, 6200.68, 31.2215, 225.052, 0, 0, 0, 0, 207, 'Robert Muller', 0, 0, 70000, 5),
(168, 2, 0, 1, '[]', -347.35, 6225.14, 31.8841, 37, -356.088, 6223.99, 31.2209, 225.424, 0, 0, 0, 0, 1044, 'Tenzin Zhao', 0, 0, 85000, 5),
(169, 2, 1000, 0, '[]', -360.266, 6260.67, 31.9001, 131, -357.27, 6270.42, 30.8764, 42.2802, 0, 0, 0, 0, 0, '', 0, 0, 150000, 5),
(170, 2, 1000, 0, '[]', -379.866, 6252.87, 31.8512, 132, -386.571, 6272.7, 29.9688, 43.679, 0, 0, 0, 0, 0, '', 0, 0, 150000, 5),
(171, 2, 0, 1, '[]', -467.945, 6206.5, 29.5528, 178, -439.364, 6204.52, 29.2885, 272.904, 0, 0, 0, 0, 1684, 'Carlo Ccoste', 0, 0, 200000, 3),
(172, 2, 1000, 1, '[]', -451.157, 6270.04, 30.0394, 242, -433.859, 6260.23, 29.9726, 251.703, 0, 0, 0, 0, 0, '', 0, 0, 190000, 3),
(173, 2, 1000, 0, '[]', -407.121, 6314.02, 28.9418, 34, -396.696, 6312.5, 28.6212, 220.238, 0, 0, 0, 0, 0, '', 0, 0, 150000, 3),
(174, 2, 1000, 1, '[]', -359.536, 6334.61, 29.8484, 33, -354.017, 6334.78, 29.5765, 219.388, 0, 0, 0, 0, 0, '', 0, 0, 190000, 3),
(175, 2, 1000, 1, '[]', -302.541, 6327.25, 32.8869, 213, -294.635, 6338.93, 31.9844, 46.2242, 0, 0, 0, 0, 0, '', 0, 0, 160000, 5),
(176, 1, 0, 0, '[]', -280.604, 6350.82, 32.6008, 220, -268.39, 6355.5, 32.2203, 41.2093, 0, 0, 0, 0, 1137, 'Kirill Zindermann', 0, 0, 60000, 5),
(177, 2, 1000, 1, '[]', -247.885, 6370.22, 31.8456, 225, -253.615, 6358.59, 31.2113, 39.2368, 0, 0, 0, 0, 0, '', 0, 0, 120000, 5),
(178, 2, 1000, 0, '[]', -227.422, 6377.59, 31.7592, 222, -217.715, 6381.08, 31.3343, 43.0576, 0, 0, 0, 0, 0, '', 0, 0, 85000, 5),
(179, 1, 1000, 0, '[]', -213.808, 6396.33, 33.0851, 225, -196.141, 6395.41, 31.5928, 44.4203, 0, 0, 0, 0, 0, '', 0, 0, 70000, 5),
(180, 1, 0, 0, '[]', -188.956, 6409.65, 32.2968, 220, -186.239, 6416.67, 31.5949, 44.3315, 0, 0, 0, 0, 1224, 'Dimitry Best', 0, 0, 55000, 5),
(181, 2, 1000, 0, '[]', -229.737, 6445.4, 31.1974, 316, -226.403, 6437.12, 30.9287, 228.303, 0, 0, 0, 0, 0, '', 0, 0, 200000, 5),
(182, 2, 1000, 0, '[]', -246.205, 6414.19, 31.4617, 308, -251.301, 6408.42, 30.8861, 219.455, 0, 0, 0, 0, 0, '', 0, 0, 150000, 5),
(183, 2, 0, 0, '[]', -272.307, 6400.69, 31.505, 28, -265.469, 6406.22, 30.683, 211.47, 0, 0, 0, 0, 0, '', 0, 0, 150000, 5),
(184, 2, 1000, 1, '[]', -130.732, 6551.91, 29.8725, 44, -120.293, 6559.43, 29.2399, 226.244, 0, 0, 0, 0, 0, '', 0, 0, 230000, 3),
(185, 2, 1000, 1, '[]', -105.449, 6528.85, 30.1669, 135, -104.743, 6534.31, 29.5379, 46.4905, 0, 0, 0, 0, 0, '', 0, 0, 85000, 5),
(186, 1, 1000, 0, '[]', -37.252, 6578.92, 32.2651, 135, -37.1168, 6589.55, 30.5333, 40.8697, 0, 0, 0, 0, 0, '', 0, 0, 50000, 5),
(187, 2, 1000, 0, '[]', -41.3395, 6637.04, 31.0875, 34, -51.8054, 6625.95, 29.7187, 219.895, 0, 0, 0, 0, 0, '', 0, 0, 80000, 5),
(188, 1, 1000, 0, '[]', -26.658, 6597.38, 31.8608, 217, -7.89541, 6597.5, 31.2005, 38.5146, 0, 0, 0, 0, 0, '', 0, 0, 75000, 5),
(189, 2, 0, 0, '[]', -9.44802, 6653.87, 31.4791, 17, -16.4139, 6646.17, 30.8503, 208.786, 0, 0, 0, 0, 1402, 'Rich Morozov', 0, 0, 120000, 5),
(190, 2, 1000, 0, '[]', 35.3248, 6662.94, 32.1904, 335, 21.4098, 6661.93, 31.259, 184.059, 0, 0, 0, 0, 0, '', 0, 0, 105000, 5),
(191, 1, 1000, 0, '[]', 31.219, 6596.58, 32.8222, 42, 34.1417, 6606.25, 32.1868, 226.139, 0, 0, 0, 0, 0, '', 0, 0, 60000, 5),
(192, 1, 1000, 0, '[]', 4.42362, 6568.27, 33.0759, 312, 13.4611, 6585.22, 32.1965, 224.631, 0, 0, 0, 0, 0, '', 0, 0, 70000, 5),
(193, 1, 0, 1, '[]', -15.2198, 6557.56, 33.2404, 131, -12.162, 6563.8, 31.6833, 225.201, 0, 0, 0, 0, 541, 'Dun Zhao', 0, 0, 75000, 5),
(194, 3, 0, 1, '[]', 1229.38, -725.453, 60.9544, 271, 1224.88, -726.324, 60.2837, 180.857, 0, 0, 0, 0, 1405, 'Edward May', 0, 0, 240000, 5),
(195, 2, 1000, 1, '[]', 1222.4, -697.13, 60.8077, 280, 1223.92, -704.252, 60.4296, 97.4453, 0, 0, 0, 0, 0, '', 0, 0, 140000, 5),
(196, 2, 1000, 1, '[]', 1221.35, -668.614, 63.4931, 193, 1217.36, -665.055, 62.6217, 103.31, 0, 0, 0, 0, 0, '', 0, 0, 180000, 5),
(197, 2, 1000, 1, '[]', 1207.18, -620.301, 66.4386, 259, 1203.66, -611.33, 65.6889, 96.429, 0, 0, 0, 0, 0, '', 0, 0, 160000, 5),
(198, 2, 1000, 1, '[]', 1203.6, -598.483, 68.0636, 355, 1188.74, -593.075, 63.7481, 99.2, 0, 0, 0, 0, 0, '', 0, 0, 200000, 5),
(199, 2, 0, 1, '[]', 1200.94, -575.739, 69.1391, 319, 1186.56, -570.158, 64.0381, 94.1081, 0, 0, 0, 0, 8, 'Andrey Krop', 1, 0, 200000, 5),
(200, 2, 1000, 1, '[]', 1204.5, -557.728, 69.6172, 265, 1188.3, -550.479, 64.3113, 88.1667, 0, 0, 0, 0, 0, '', 0, 0, 200000, 5),
(201, 2, 0, 0, '[]', 1251.07, -515.516, 69.3491, 65, 1247.02, -521.576, 68.7109, 256.331, 0, 0, 0, 0, 199, 'Diego Moraes', 0, 0, 110000, 5),
(202, 2, 0, 1, '[]', 1251.64, -494.165, 69.9069, 79, 1254.83, -491.135, 69.181, 257.368, 0, 0, 0, 0, 566, 'Vladimir Voronezhskiy', 0, 0, 130000, 5),
(203, 2, 0, 0, '[]', 1259.74, -480.011, 70.1888, 121, 1279.42, -473.774, 68.686, 169.843, 0, 0, 0, 0, 173, 'Anton Engemann', 0, 0, 95000, 5),
(204, 2, 0, 0, '[]', 1266, -458.05, 70.5169, 90, 1259.91, -444.285, 69.6605, 283.861, 0, 0, 0, 0, 44, 'Pavel Romanov', 0, 0, 100000, 5),
(205, 2, 0, 0, '[]', 1262.81, -429.686, 70.0149, 103, 1256.6, -421.176, 69.1653, 299.381, 0, 0, 0, 0, 1142, 'Michael Cain', 0, 0, 100000, 5),
(206, 3, 0, 1, '[]', 1301.16, -573.912, 71.7323, 153, 1291.4, -580.964, 71.4711, 343.453, 0, 0, 0, 0, 653, 'Mirzabek Ataev', 0, 0, 240000, 4),
(207, 3, 0, 1, '[]', 1323.48, -582.911, 73.2464, 153, 1312.87, -588.849, 72.6638, 335.198, 0, 0, 0, 0, 484, 'Jonathan Svinotavr', 0, 0, 240000, 4),
(208, 3, 0, 0, '[]', 1341.53, -597.446, 74.7009, 44, 1347.11, -606.295, 74.0892, 325.155, 0, 0, 0, 0, 377, 'Dmitriy Montana', 0, 0, 240000, 4),
(209, 3, 0, 1, '[]', 1367.25, -606.301, 74.711, 172, 1359.93, -616.077, 74.0679, 359.664, 0, 0, 0, 0, 188, 'Bernardo Rocca', 0, 0, 240000, 4),
(210, 3, 0, 1, '[]', 1386.02, -593.328, 74.4855, 226, 1389.33, -604.989, 74.0682, 52.067, 0, 0, 0, 0, 135, 'Kolyma Sibirskiy', 1, 0, 240000, 4),
(211, 3, 0, 1, '[]', 1388.87, -569.544, 74.4966, 286, 1401.07, -572.19, 74.0691, 113.09, 0, 0, 0, 0, 63, 'Clara Montana', 0, 0, 240000, 4),
(212, 3, 0, 0, '[]', 1373.07, -555.697, 74.6857, 239, 1364.59, -549.757, 74.0686, 158.303, 0, 0, 0, 0, 228, 'Will Glendale', 0, 0, 240000, 4),
(213, 3, 0, 1, '[]', 1348.29, -547.017, 73.8917, 15, 1358.83, -540.69, 73.5041, 157.207, 0, 0, 0, 0, 70, 'Jesse Balenciaga', 0, 0, 240000, 4),
(214, 3, 0, 0, '[]', 1328.51, -535.984, 72.4409, 245, 1320.05, -529.272, 71.8501, 160.661, 0, 0, 0, 0, 295, 'Vladimir Xaritonov', 0, 0, 240000, 4),
(215, 3, 0, 1, '[]', 1303.14, -527.58, 71.4607, 334, 1313.26, -520.707, 71.0423, 160.391, 0, 0, 0, 0, 345, 'Rodrigo Gonsales', 0, 0, 240000, 4),
(216, 2, 0, 0, '[]', 1241.55, -566.122, 69.6574, 129, 1243.5, -578.261, 69.0916, 270.769, 0, 0, 0, 0, 274, 'Cristian Wright', 0, 0, 180000, 5),
(217, 2, 0, 0, '[]', 1240.6, -601.673, 69.7828, 92, 1242.46, -585.989, 69.0218, 270.345, 0, 0, 0, 0, 460, 'Zhiming Zhao', 0, 0, 150000, 5),
(218, 2, 0, 1, '[]', 1251.09, -621.182, 69.4133, 22, 1254.36, -624.047, 69.0888, 295.877, 0, 0, 0, 0, 613, 'Xin Zhao', 0, 0, 190000, 5),
(219, 2, 0, 0, '[]', 1265.55, -648.387, 67.9215, 201, 1268.72, -659.942, 67.4808, 293.926, 0, 0, 0, 0, 176, 'William Pashtet', 0, 0, 140000, 5),
(220, 2, 0, 1, '[]', 1270.97, -683.578, 66.0316, 177, 1271.44, -672.999, 65.5553, 276.313, 0, 0, 0, 0, 518, 'Roni Hamdi', 0, 0, 180000, 5),
(221, 2, 1000, 0, '[]', 1265.29, -703.027, 64.5723, 61, 1262.27, -715.267, 64.2342, 239.112, 0, 0, 0, 0, 0, '', 0, 0, 120000, 5),
(222, 2, 0, 1, '[]', 997.014, -729.369, 57.8158, 125, 1006.6, -732.197, 57.3154, 311.577, 0, 0, 0, 0, 474, 'Quella Miller', 0, 0, 95000, 5),
(223, 2, 0, 1, '[]', 979.385, -716.11, 58.2207, 117, 978.834, -711.53, 57.4684, 312.3, 0, 0, 0, 0, 435, 'Mitchell Bennett', 0, 0, 110000, 5),
(224, 2, 0, 1, '[]', 970.79, -701.261, 58.482, 210, 972.392, -686.296, 57.4764, 307.964, 0, 0, 0, 0, 106, 'Baron Zaqaryan', 0, 0, 115000, 5),
(225, 2, 0, 1, '[]', 960.187, -669.723, 58.4498, 117, 943.514, -670.47, 57.7406, 298.559, 0, 0, 0, 0, 187, 'Anch Machkalyan', 0, 0, 200000, 4),
(226, 2, 0, 1, '[]', 943.397, -653.383, 58.4287, 36, 949.096, -655.048, 57.7337, 310.171, 0, 0, 0, 0, 103, 'Hustle Prtemtapem', 0, 0, 110000, 5),
(227, 2, 0, 1, '[]', 928.87, -639.695, 58.2425, 136, 916.787, -640.462, 57.5925, 319.107, 0, 0, 0, 0, 219, 'Anton Wzhoohowsky', 0, 0, 100000, 5),
(228, 2, 0, 1, '[]', 903.081, -615.587, 58.4533, 43, 914.561, -628.931, 57.7805, 320.02, 0, 0, 0, 0, 118, 'Stitch Cloud', 0, 0, 220000, 4),
(229, 2, 0, 1, '[]', 886.757, -608.177, 58.4451, 135, 873.753, -598.911, 57.9265, 317.892, 0, 0, 0, 0, 190, 'Max Alonso', 0, 0, 105000, 5),
(230, 2, 0, 1, '[]', 861.661, -583.442, 58.1565, 179, 871.19, -590.932, 57.8483, 316.268, 0, 0, 0, 0, 81, 'Boris Borisov', 0, 0, 100000, 5),
(231, 2, 0, 1, '[]', 844.174, -562.907, 57.8339, 10, 846.46, -566.885, 57.4378, 280.155, 0, 0, 0, 0, 513, 'Ivan Kovalevsky', 0, 0, 160000, 5),
(232, 2, 0, 0, '[]', 850.459, -532.624, 57.9254, 84, 840.277, -541.395, 57.055, 266.578, 0, 0, 0, 0, 165, 'Archie Moore', 0, 0, 130000, 5),
(233, 2, 0, 0, '[]', 862.116, -509.463, 57.3289, 40, 853.184, -516.814, 57.0604, 227.321, 0, 0, 0, 0, 167, 'Lorenzo Moore', 0, 0, 125000, 5),
(234, 1, 0, 0, '[]', 878.691, -498.111, 58.095, 43, 869.384, -501.906, 57.2269, 227.882, 0, 0, 0, 0, 318, 'Malina Rich', 0, 0, 75000, 3),
(235, 2, 0, 0, '[]', 906.46, -489.72, 59.4362, 21, 911.964, -484.309, 58.7691, 204.995, 0, 0, 0, 0, 466, 'Sharon Gufaka', 0, 0, 230000, 4),
(236, 2, 0, 0, '[]', 921.953, -477.941, 61.0837, 27, 932.159, -478.006, 60.4742, 204.418, 0, 0, 0, 0, 142, 'Nikita Kholodov', 0, 0, 140000, 5),
(237, 2, 0, 1, '[]', 944.27, -463.319, 61.5503, 301, 941.519, -467.068, 60.9826, 212.58, 0, 0, 0, 0, 127, 'Leonardo Cortez', 0, 0, 160000, 4),
(238, 2, 0, 0, '[]', 967.279, -451.8, 62.7896, 34, 974.58, -451.67, 62.1475, 215.001, 0, 0, 0, 0, 285, 'Max Snok', 0, 0, 90000, 5),
(239, 2, 0, 1, '[]', 987.759, -433.306, 63.8907, 33, 991.768, -436.319, 63.5126, 289.926, 0, 0, 0, 0, 164, 'Teron Woodley', 0, 0, 160000, 4),
(240, 2, 0, 0, '[]', 1010.42, -423.408, 65.3494, 124, 1015.03, -422.833, 64.7345, 217.557, 0, 0, 0, 0, 469, 'Matias Lafargo', 0, 0, 150000, 5),
(241, 2, 0, 0, '[]', 1029.16, -408.728, 65.9493, 36, 1020, -415.496, 65.6751, 218.551, 0, 0, 0, 0, 149, 'Mark Machiavelli', 0, 0, 80000, 5),
(242, 1, 0, 0, '[]', 1060.71, -378.352, 68.2312, 37, 1050, -379.176, 67.5849, 221.875, 0, 0, 0, 0, 46, 'Stepan Sokolov', 0, 0, 75000, 5),
(243, 2, 0, 0, '[]', 893.021, -540.709, 58.5066, 293, 893.015, -551.076, 57.9031, 116.245, 0, 0, 0, 0, 448, 'Billy Lee', 0, 0, 90000, 5),
(244, 1, 0, 0, '[]', 924.271, -525.81, 59.7893, 201, 918.448, -527.873, 58.9356, 25.8701, 0, 0, 0, 0, 171, 'Maxim Rosich', 0, 0, 70000, 5),
(245, 2, 0, 1, '[]', 946.022, -518.823, 60.6255, 117, 948.038, -512.851, 59.9596, 30.0826, 0, 0, 0, 0, 272, 'Logan Fletcher', 0, 0, 100000, 5),
(246, 1, 0, 0, '[]', 970.282, -502.346, 62.1409, 244, 961.654, -501.615, 61.2538, 30.606, 0, 0, 0, 0, 100, 'Mateo Carrasco', 0, 0, 70000, 5),
(247, 1, 0, 0, '[]', 1014.43, -469.163, 64.5029, 214, 1024.4, -467.261, 63.6344, 36.6961, 0, 0, 0, 0, 51, 'Romeo Maldini', 0, 0, 70000, 5),
(248, 1, 0, 0, '[]', 1114.11, -391.228, 68.9483, 238, 1103.55, -398.881, 67.429, 78.1043, 0, 0, 0, 0, 87, 'Tony Montana', 0, 0, 75000, 5),
(249, 2, 0, 0, '[]', 1100.92, -411.397, 67.5552, 260, 1103.35, -418.909, 66.8842, 84.2325, 0, 0, 0, 0, 326, 'Chris Wilson', 1, 0, 130000, 4),
(250, 2, 0, 1, '[]', 1099.44, -438.495, 67.7906, 178, 1099.37, -429.068, 67.0927, 81.2069, 0, 0, 0, 0, 195, 'Paco Navarro', 0, 0, 120000, 5),
(251, 2, 0, 0, '[]', 1098.62, -464.612, 67.3194, 340, 1102.23, -473.988, 66.6718, 78.2876, 0, 0, 0, 0, 921, 'Salat Normand', 0, 0, 90000, 5),
(252, 2, 0, 1, '[]', 1090.29, -484.373, 65.6604, 256, 1085.98, -494.803, 64.2266, 79.6795, 0, 0, 0, 0, 337, 'Des Records', 0, 0, 140000, 4),
(253, 2, 0, 0, '[]', 1056.19, -448.812, 66.2575, 164, 1061.22, -445.422, 65.6568, 258.849, 0, 0, 0, 0, 121, 'Adrian Gee', 0, 0, 85000, 5),
(254, 2, 0, 0, '[]', 1051.73, -470.558, 63.8989, 74, 1048.24, -481.475, 63.653, 258.414, 0, 0, 0, 0, 896, 'Maxim Sibirskiy', 0, 0, 85000, 5),
(255, 2, 0, 0, '[]', 1046.27, -497.782, 64.0794, 163, 1048.58, -487.016, 63.6561, 256.576, 0, 0, 0, 0, 226, 'Luco Demorte', 0, 0, 85000, 5),
(256, 2, 0, 1, '[]', 1006.22, -511.217, 60.834, 306, 1003.16, -513.989, 60.4259, 206.275, 0, 0, 0, 0, 98, 'Neito White', 0, 0, 110000, 5),
(257, 1, 0, 0, '[]', 988.055, -525.943, 60.6906, 27, 978.396, -527.525, 59.848, 210.962, 0, 0, 0, 0, 238, 'Geekman Hakobyan', 1, 0, 75000, 5),
(258, 2, 0, 0, '[]', 965.651, -542.542, 59.3591, 28, 954.903, -546.799, 59.0934, 211.219, 0, 0, 0, 0, 527, 'Jack Smith', 0, 0, 80000, 5),
(259, 2, 0, 0, '[]', 919.916, -569.878, 58.3664, 23, 924.945, -564.021, 57.6987, 205.849, 0, 0, 0, 0, 42, 'Allan Aldridge', 0, 0, 140000, 4),
(260, 2, 0, 0, '[]', 964.073, -596.081, 59.9027, 249, 958.285, -605.441, 59.11, 28.291, 0, 0, 0, 0, 724, 'Levi Ganceti', 0, 0, 120000, 5),
(261, 2, 0, 0, '[]', 976.46, -580.449, 59.8553, 208, 985.741, -578.009, 58.9999, 31.6582, 0, 0, 0, 0, 968, 'Maxim Kilov', 0, 0, 80000, 5),
(262, 2, 0, 0, '[]', 1010.06, -572.5, 60.5944, 78, 1008.01, -562.645, 59.9305, 262.384, 0, 0, 0, 0, 1354, 'Andrei Zaharov', 0, 0, 160000, 5),
(263, 2, 0, 1, '[]', 999.756, -593.98, 59.6386, 78, 1007.11, -588.862, 58.8395, 259.979, 0, 0, 0, 0, 1082, 'Cherry Berry', 0, 0, 180000, 5),
(264, 3, 0, 0, '[]', 980.185, -627.648, 59.2359, 260, 976.462, -618.108, 58.5729, 125.499, 0, 0, 0, 0, 206, 'Enrique Vargo', 0, 0, 250000, 4),
(265, 1, 1000, 0, '[]', 1385.05, 3659.83, 34.9259, 199, 1379.45, 3672.37, 33.2586, 290.512, 0, 0, 0, 0, 0, '', 0, 0, 30000, 6),
(266, 1, 0, 0, '[]', 1406.68, 3655.89, 34.2115, 289, 1406.08, 3668.65, 33.7416, 109.831, 0, 0, 0, 0, 198, 'Edmund Kemper', 0, 0, 25000, 5),
(267, 1, 1000, 0, '[]', 1430.66, 3671.6, 34.8293, 199, 1441.31, 3678.17, 33.6174, 200.125, 0, 0, 0, 0, 0, '', 0, 0, 30000, 6),
(268, 1, 1008, 0, '[]', 1435.5, 3657.16, 34.3877, 111, 1430.91, 3661.74, 33.9741, 289.493, 0, 0, 0, 0, 0, '', 0, 0, 30000, 5),
(269, 1, 0, 0, '[]', 1433.97, 3628.16, 35.746, 17, 1420.39, 3623.89, 34.5806, 198.837, 0, 0, 0, 0, 734, 'Roma Gruzinsky', 0, 0, 27000, 6),
(270, 1, 0, 0, '[]', 1532.68, 3722.49, 34.7907, 201, 1525.43, 3716.81, 34.2007, 26.1631, 0, 0, 0, 0, 381, 'Emili Vayne', 0, 0, 25000, 6),
(271, 1, 0, 0, '[]', 1541.33, 3721.33, 34.8427, 116, 1544, 3707.81, 34.3962, 290.563, 0, 0, 0, 0, 374, 'Colin Sullivan', 0, 0, 20000, 6),
(272, 1, 0, 0, '[]', 1639.45, 3731.52, 35.0671, 126, 1633.35, 3751.3, 34.4498, 306.476, 0, 0, 0, 0, 0, '', 0, 0, 27000, 6),
(273, 1, 0, 0, '[]', 1642.83, 3727.49, 35.0671, 131, 1652.08, 3712.27, 33.7228, 119.301, 0, 0, 0, 0, 942, 'Oleg Torikov', 0, 0, 27000, 6),
(274, 1, 0, 0, '[]', 1661.52, 3820.13, 35.4698, 127, 1671.27, 3821.5, 34.6434, 307.675, 0, 0, 0, 0, 1, 'Cubix Qbix', 0, 0, 30000, 5),
(275, 1, 1000, 0, '[]', 1700.19, 3867.01, 34.9004, 127, 1708.09, 3872.25, 34.5685, 37.9878, 0, 0, 0, 0, 0, '', 0, 0, 28000, 6),
(276, 1, 1000, 0, '[]', 1691.39, 3866.19, 34.907, 223, 1687.85, 3853.01, 34.6107, 133.42, 0, 0, 0, 0, 0, '', 0, 0, 29000, 6),
(277, 1, 0, 0, '[]', 1779.22, 3640.9, 34.5029, 208, 1765.91, 3650.07, 34.2143, 298.075, 0, 0, 0, 0, 77, 'Norman Horhe', 0, 0, 24000, 6),
(278, 1, 0, 0, '[]', 1774.47, 3742.71, 34.6553, 298, 1785.69, 3755.37, 33.4042, 34.567, 0, 0, 0, 0, 579, 'Samael Gigasi', 0, 0, 25000, 6),
(279, 1, 0, 0, '[]', 1746, 3788.08, 34.8349, 341, 1733.93, 3784.45, 34.0607, 32.7973, 0, 0, 0, 0, 53, 'Michael Carriage', 0, 0, 25000, 6),
(280, 1, 0, 0, '[]', 1742.82, 3804.27, 35.1181, 29, 1740.6, 3796.58, 34.049, 122.021, 0, 0, 0, 0, 517, 'Anthony Totti', 1, 0, 23000, 5),
(281, 1, 1000, 0, '[]', 1763.68, 3823.8, 34.7678, 205, 1757.89, 3829.59, 34.3212, 28.7005, 0, 0, 0, 0, 0, '', 0, 0, 25000, 6),
(282, 1, 1000, 0, '[]', 1728.76, 3851.44, 34.7827, 32, 1732.6, 3861.16, 34.4606, 213.794, 0, 0, 0, 0, 0, '', 0, 0, 35000, 5),
(283, 1, 1000, 0, '[]', 1737.98, 3898.24, 35.559, 206, 1733.91, 3909.7, 34.5806, 299.028, 0, 0, 0, 0, 0, '', 0, 0, 30000, 6),
(284, 1, 1000, 0, '[]', 1733.33, 3895.54, 35.559, 208, 1720.76, 3901.14, 34.5319, 304.656, 0, 0, 0, 0, 0, '', 0, 0, 30000, 6),
(285, 1, 1000, 0, '[]', 1809.14, 3907.7, 33.7511, 18, 1814.64, 3885.7, 33.5353, 111.226, 0, 0, 0, 0, 0, '', 0, 0, 50000, 3),
(286, 1, 1000, 0, '[]', 1813.37, 3854.38, 34.3544, 208, 1822.29, 3843.35, 32.92, 115.844, 0, 0, 0, 0, 0, '', 0, 0, 34000, 6),
(287, 1, 0, 0, '[]', 1832.25, 3868.33, 34.2975, 288, 1827.95, 3876.93, 33.3665, 290.559, 0, 0, 0, 0, 0, '', 1, 0, 26000, 6),
(288, 1, 0, 0, '[]', 1834.19, 3863.36, 34.2975, 287, 1843.25, 3843.71, 32.5884, 197.065, 0, 0, 0, 0, 357, 'Williams Brown', 1, 0, 26000, 6),
(289, 1, 0, 0, '[]', 1880.89, 3810.67, 32.7788, 117, 1896.52, 3811.42, 32.0421, 209.439, 0, 0, 0, 0, 125, 'Bruno Rossi', 0, 0, 45000, 5),
(290, 1, 777, 0, '[]', 1900.06, 3773.1, 32.8785, 20, 1883.54, 3769.66, 32.6002, 208.405, 0, 0, 0, 0, 0, '', 0, 0, 31000, 5),
(291, 1, 974, 0, '[]', 1831.14, 3738.2, 33.9619, 118, 1839.19, 3742.27, 32.8114, 209.833, 0, 0, 0, 0, 0, '', 0, 0, 29000, 5),
(292, 1, 0, 0, '[]', 1932.65, 3804.79, 32.9101, 298, 1922.33, 3791.65, 32.0022, 28.0224, 0, 0, 0, 0, 0, '', 0, 0, 25000, 6),
(293, 1, 0, 0, '[]', 1943.98, 3804.61, 32.0371, 117, 1957.62, 3793.36, 32.0346, 119.322, 0, 0, 0, 0, 85, 'Felix Jemison', 0, 0, 22000, 5),
(294, 1, 0, 0, '[]', 1973.84, 3815.02, 33.4241, 29, 1967.83, 3821.53, 32.1284, 300.965, 0, 0, 0, 0, 399, 'Salvador Folting', 0, 0, 20000, 6),
(295, 1, 500, 0, '[]', 1908.27, 3869.77, 32.8873, 27, 1907.74, 3859.59, 32.0664, 120.049, 0, 0, 0, 0, 0, '', 0, 0, 30000, 6),
(296, 1, 1000, 0, '[]', 1895.75, 3873.1, 32.4903, 27, 1882.66, 3867.5, 32.3807, 14.9589, 0, 0, 0, 0, 0, '', 0, 0, 26000, 6),
(297, 1, 0, 0, '[]', 1894.47, 3895.56, 33.1983, 16, 1885.12, 3886.56, 32.631, 97.0612, 0, 0, 0, 0, 170, 'Kanye Pogosyan', 0, 0, 27000, 6),
(298, 1, 0, 0, '[]', 1880.04, 3920.5, 33.2004, 282, 1870.26, 3913.19, 32.7102, 13.2658, 0, 0, 0, 0, 0, '', 0, 0, 29000, 5),
(299, 1, 0, 0, '[]', 1919.15, 3913.64, 33.4416, 53, 1923.29, 3908.11, 32.3009, 318.154, 0, 0, 0, 0, 616, 'Tor Adamson', 0, 0, 24000, 6),
(300, 1, 1000, 0, '[]', 1927.29, 3898.12, 32.5194, 209, 1933.13, 3904.46, 32.2483, 298.325, 0, 0, 0, 0, 0, '', 0, 0, 27000, 5),
(301, 1, 0, 0, '[]', 1936.71, 3891.36, 32.746, 25, 1932.94, 3882.56, 32.116, 206.668, 0, 0, 0, 0, 86, 'Anthony Pinochete', 0, 0, 24000, 6),
(302, 1, 1000, 0, '[]', 1889.22, 3927.97, 33.4142, 99, 1874.33, 3898.01, 32.6959, 14.4231, 0, 0, 0, 0, 0, '', 0, 0, 24000, 6),
(303, 2, 1000, 0, '[]', 1724.94, 4642.19, 43.8755, 298, 1733.5, 4634.99, 43.0437, 118.047, 0, 0, 0, 0, 0, '', 0, 0, 80000, 4),
(304, 1, 0, 0, '[]', 1718.8, 4677.2, 43.6558, 266, 1715.77, 4668.5, 42.8589, 90.1272, 0, 0, 0, 0, 243, 'Aladena Guerrera', 0, 0, 44000, 5),
(305, 1, 0, 1, '[]', 1674.04, 4658.29, 43.3711, 82, 1682.81, 4662.68, 43.099, 277.702, 0, 0, 0, 0, 79, 'Artem Moreau', 0, 0, 55000, 5),
(306, 1, 0, 0, '[]', 1683.22, 4689.57, 43.0659, 86, 1682.64, 4681.07, 42.7874, 267.287, 0, 0, 0, 0, 78, 'Ernesto Carrasco', 0, 0, 47000, 5),
(307, 1, 0, 0, '[]', 1664.11, 4739.75, 42.0078, 103, 1670.05, 4751.29, 41.6069, 289.747, 0, 0, 0, 0, 108, 'Angel Carrasco', 0, 0, 45000, 4),
(308, 1, 0, 0, '[]', 1662.67, 4776.29, 42.0076, 94, 1661.89, 4768.02, 41.7393, 276.378, 0, 0, 0, 0, 692, 'Manuel Carrasco', 0, 0, 50000, 4),
(309, 1, 0, 0, '[]', 2419, 4020.42, 36.834, 59, 2424.5, 4011.14, 36.4237, 243.387, 0, 0, 0, 0, 254, 'Luis Velton', 0, 0, 50000, 5),
(310, 1, 1000, 0, '[]', 2566.81, 4283.56, 41.9738, 145, 2572.82, 4270.91, 41.5091, 324.781, 0, 0, 0, 0, 0, '', 0, 0, 45000, 5),
(311, 1, 1000, 0, '[]', 2639.44, 4246.24, 44.7534, 228, 2647.07, 4250.18, 44.5083, 45.3741, 0, 0, 0, 0, 0, '', 0, 0, 35000, 5),
(312, 1, 1000, 0, '[]', 2641.92, 4235.17, 45.493, 30, 2648.55, 4262.25, 44.4283, 310.588, 0, 0, 0, 0, 0, '', 0, 0, 35000, 6),
(313, 1, 0, 0, '[]', 2728.47, 4287.09, 48.9614, 272, 2729.78, 4293.89, 48.0643, 94.5881, 0, 0, 0, 0, 1081, 'Stiv Shakula', 0, 0, 35000, 6),
(314, 1, 1000, 0, '[]', 2735.52, 4279, 48.4727, 273, 2724.03, 4273.47, 47.6406, 93.3207, 0, 0, 0, 0, 0, '', 0, 0, 35000, 5),
(315, 5, 1000, 0, '[]', 223.791, 513.904, 140.767, 219, 217.037, 512.685, 140.345, 315.239, 0, 0, 0, 0, 0, '', 0, 0, 1100000, 2),
(316, 6, 1000, 0, '[]', 167.143, 473.814, 142.513, 260, 174.861, 471.869, 141.636, 350.954, 0, 0, 0, 0, 0, '', 0, 0, 1700000, 2),
(317, 1, 0, 1, '[]', 2195.16, 3306.73, 46.3332, 293, 0, 0, 0, 0, 0, 0, 0, 0, 116, 'Martin Garrix', 0, 0, 17000, 6),
(318, 5, 1000, 1, '[]', 80.1248, 485.908, 148.202, 18, 90.1225, 486.373, 147.438, 206.24, 0, 0, 0, 0, 0, '', 0, 0, 1100000, 2),
(319, 6, 1000, 0, '[]', 107.024, 466.97, 147.562, 177, 95.6289, 475.262, 147.087, 295.974, 0, 0, 0, 0, 0, '', 0, 0, 1400000, 2),
(320, 7, 1000, 1, '[]', 57.8214, 449.956, 147.031, 140, 64.1727, 456.503, 146.533, 37.7756, 0, 0, 0, 0, 0, '', 0, 0, 2200000, 2),
(321, 1, 0, 1, '[]', 2164.25, 3395.67, 45.4489, 134, 0, 0, 0, 0, 0, 0, 0, 0, 182, 'Egor Bochkarev', 0, 0, 9000, 6),
(322, 6, 1000, 1, '[]', -7.94602, 468.168, 145.859, 159, 2.69083, 468.147, 145.598, 342.471, 0, 0, 0, 0, 0, '', 0, 0, 1600000, 2),
(323, 7, 1000, 1, '[]', -66.6131, 490.251, 144.69, 71, -78.6337, 497.063, 144.166, 340.847, 0, 0, 0, 0, 0, '', 0, 0, 2000000, 2),
(324, 7, 1000, 1, '[]', -110.049, 502.222, 143.479, 159, -123.085, 509.611, 142.653, 352.858, 0, 0, 0, 0, 0, '', 0, 0, 2400000, 2),
(325, 6, 1000, 1, '[]', -174.696, 502.461, 137.42, 276, -189.292, 502.451, 134.192, 15.5224, 0, 0, 0, 0, 0, '', 0, 0, 1700000, 2),
(326, 7, 1000, 1, '[]', -230.383, 488.238, 128.768, 189, -248.782, 492.524, 125.362, 24.5193, 0, 0, 0, 0, 0, '', 0, 0, 2800000, 2),
(327, 6, 1000, 1, '[]', -311.946, 474.837, 111.824, 295, -315.922, 481.243, 112.729, 121.748, 0, 0, 0, 0, 0, '', 0, 0, 1700000, 2),
(328, 7, 1000, 1, '[]', -72.9122, 428.216, 113.038, 343, -96.4147, 427.491, 112.783, 172.109, 0, 0, 0, 0, 0, '', 0, 0, 2300000, 2),
(329, 5, 1000, 1, '[]', -7.05386, 409.197, 120.127, 255, 15.1452, 375.523, 111.948, 160.432, 0, 0, 0, 0, 0, '', 0, 0, 1300000, 2),
(330, 7, 0, 1, '[]', -214.153, 399.648, 111.304, 192, -202.159, 409.31, 110.317, 15.1302, 0, 0, 0, 0, 0, '', 0, 0, 2000000, 2),
(331, 7, 1000, 1, '[]', -239.656, 381.404, 112.428, 286, -259.501, 396.884, 109.726, 12.741, 0, 0, 0, 0, 0, '', 0, 0, 2400000, 2),
(332, 5, 1000, 1, '[]', -297.85, 379.951, 112.095, 188, -305.638, 379.991, 110.066, 15.8801, 0, 0, 0, 0, 0, '', 0, 0, 1000000, 2),
(333, 6, 1000, 1, '[]', -328.252, 370.029, 110.011, 200, -347.88, 369.359, 109.728, 23.7311, 0, 0, 0, 0, 0, '', 0, 0, 1650000, 2),
(334, 5, 1000, 1, '[]', -371.877, 343.674, 109.943, 184, -380.986, 346.134, 108.94, 5.61307, 0, 0, 0, 0, 0, '', 0, 0, 1000000, 2),
(335, 1, 0, 1, '[]', 2156.85, 3385.55, 45.6225, 238, 0, 0, 0, 0, 0, 0, 0, 0, 68, 'Danil Semenov', 0, 0, 12000, 6),
(336, 5, 1000, 1, '[]', -444.206, 343.303, 105.555, 181, -432.574, 344.761, 105.644, 2.19739, 0, 0, 0, 0, 0, '', 0, 0, 1000000, 2),
(337, 6, 1000, 1, '[]', -468.048, 328.983, 104.146, 63, -472.901, 352.909, 103.706, 334.011, 0, 0, 0, 0, 0, '', 0, 0, 1400000, 2),
(338, 4, 1000, 0, '[]', -451.205, 395.48, 104.774, 259, -448.226, 373.904, 104.505, 91.3016, 0, 0, 0, 0, 0, '', 0, 0, 750000, 2),
(339, 5, 1000, 1, '[]', -343.867, 399.865, 110.593, 18, -352.792, 426.251, 110.297, 19.7969, 0, 0, 0, 0, 0, '', 0, 0, 900000, 2),
(340, 5, 1000, 1, '[]', -305.239, 431.7, 110.309, 189, -322.596, 432.167, 109.401, 10.5092, 0, 0, 0, 0, 0, '', 0, 0, 1200000, 2),
(341, 7, 1000, 1, '[]', -400.823, 427.428, 112.341, 68, -394.219, 431.085, 112.063, 245.814, 0, 0, 0, 0, 0, '', 0, 0, 2000000, 2),
(342, 4, 1000, 1, '[]', -477.144, 412.893, 103.122, 6, -490.732, 409.104, 98.8119, 156.426, 0, 0, 0, 0, 0, '', 0, 0, 800000, 2),
(343, 4, 1000, 1, '[]', -516.808, 433.215, 97.8079, 308, -517.554, 427.737, 96.567, 42.3611, 0, 0, 0, 0, 0, '', 0, 0, 850000, 2),
(344, 5, 1000, 1, '[]', -536.964, 477.502, 103.194, 228, -537.186, 484.82, 102.714, 59.0392, 0, 0, 0, 0, 0, '', 0, 0, 900000, 2),
(345, 5, 1000, 1, '[]', -527.088, 517.53, 112.942, 219, -526.436, 528.382, 111.73, 44.8063, 0, 0, 0, 0, 0, '', 0, 0, 1100000, 2),
(346, 4, 1000, 1, '[]', -500.706, 552.175, 120.598, 160, -481.805, 548.481, 119.656, 339.551, 0, 0, 0, 0, 0, '', 0, 0, 700000, 2),
(347, 5, 1000, 1, '[]', -459.021, 537.446, 121.457, 176, -470.106, 542.394, 120.561, 356.266, 0, 0, 0, 0, 0, '', 0, 0, 950000, 2),
(348, 5, 1000, 0, '[]', -386.685, 504.489, 120.413, 145, -401.913, 510.63, 119.931, 330.249, 0, 0, 0, 0, 0, '', 0, 0, 1000000, 2),
(349, 1, 0, 1, '[]', 2153.05, 3360.35, 45.4083, 22, 0, 0, 0, 0, 0, 0, 0, 0, 166, 'Dan Craig', 0, 0, 5000, 6),
(350, 4, 1000, 1, '[]', -349.284, 514.715, 120.646, 316, -359.999, 514.806, 119.456, 135.847, 0, 0, 0, 0, 0, '', 0, 0, 850000, 2),
(351, 5, 1000, 1, '[]', -378.032, 548.22, 123.851, 41, -379.533, 523.726, 120.894, 139.544, 0, 0, 0, 0, 0, '', 0, 0, 1100000, 2),
(352, 5, 1000, 0, '[]', -406.443, 567.268, 124.604, 326, -408.585, 560.001, 124.092, 151.5, 0, 0, 0, 0, 0, '', 0, 0, 1300000, 2),
(353, 6, 1000, 1, '[]', -474.611, 585.883, 128.683, 267, -478.027, 597.235, 127.347, 90.0363, 0, 0, 0, 0, 0, '', 0, 0, 1400000, 2),
(354, 6, 0, 1, '[]', -561.09, 402.757, 101.805, 198, -575.812, 399.172, 100.393, 20.187, 0, 0, 0, 0, 1166, 'Sergey Kozirev', 0, 0, 1400000, 2),
(355, 5, 0, 1, '[]', -595.688, 393.273, 101.882, 190, -604.357, 397.738, 101.459, 5.59052, 0, 0, 0, 0, 1166, 'Sergey Kozirev', 0, 0, 1200000, 2),
(356, 4, 1000, 1, '[]', -615.438, 398.579, 101.625, 159, -628.334, 400.755, 100.896, 4.24811, 0, 0, 0, 0, 0, '', 0, 0, 800000, 2),
(357, 1, 0, 1, '[]', 2190.4, 3493.1, 46.4809, 34, 0, 0, 0, 0, 0, 0, 0, 0, 688, 'Chao Mao', 1, 0, 16000, 6),
(358, 6, 1000, 1, '[]', -622.931, 489.348, 108.84, 191, -614.714, 493.489, 107.894, 8.7587, 0, 0, 0, 0, 0, '', 0, 0, 1800000, 2),
(359, 7, 1000, 1, '[]', -595.345, 530.037, 107.755, 16, -586.77, 528.454, 107.523, 215.33, 0, 0, 0, 0, 0, '', 0, 0, 2300000, 2),
(360, 6, 1000, 0, '[]', -640.832, 519.902, 109.688, 356, -628.604, 528.512, 109.417, 190.604, 0, 0, 0, 0, 0, '', 0, 0, 1900000, 2),
(361, 6, 1000, 0, '[]', -678.962, 511.92, 113.526, 14, -690.371, 511.081, 110.093, 198.136, 0, 0, 0, 0, 0, '', 0, 0, 1700000, 2),
(362, 6, 0, 1, '[]', -741.495, 506.73, 110.182, 200, -716.067, 497.082, 109.01, 203.046, 0, 0, 0, 0, 34, 'Carlo Coste', 0, 0, 1500000, 2),
(363, 6, 1000, 1, '[]', -718.004, 449.01, 106.909, 200, -738.247, 444.021, 106.565, 24.5474, 0, 0, 0, 0, 0, '', 0, 0, 1900000, 2),
(364, 6, 1000, 1, '[]', -762.227, 431.156, 100.197, 199, -755.983, 439.647, 99.5175, 23.7777, 0, 0, 0, 0, 0, '', 0, 0, 1400000, 2),
(365, 5, 1000, 1, '[]', -784.34, 459.262, 100.179, 31, -766.628, 466.615, 100.1, 219.084, 0, 0, 0, 0, 0, '', 0, 0, 1200000, 2),
(366, 6, 1000, 1, '[]', -824.776, 422.221, 92.1242, 174, -806.114, 425.057, 91.3148, 4.42017, 0, 0, 0, 0, 0, '', 0, 0, 1650000, 2),
(367, 6, 1000, 1, '[]', -843.264, 466.746, 87.5979, 268, -846.026, 460.258, 87.3694, 96.8138, 0, 0, 0, 0, 0, '', 0, 0, 1400000, 2),
(368, 5, 1000, 1, '[]', -866.664, 457.139, 88.2811, 7, -861.418, 463.999, 87.5044, 279.276, 0, 0, 0, 0, 0, '', 0, 0, 1200000, 2),
(369, 7, 1000, 1, '[]', -884.338, 517.912, 92.4429, 96, -872.452, 499.423, 90.0835, 285.546, 0, 0, 0, 0, 0, '', 0, 0, 2000000, 2),
(370, 1, 1000, 0, '[]', -208.855, -1600.53, 34.8693, 259, 0, 0, 0, 0, 0, 0, 0, 0, 0, '', 0, 0, 70000, 5),
(371, 5, 1000, 1, '[]', -873.474, 562.659, 96.6194, 297, -873.483, 540.932, 91.8328, 130.85, 0, 0, 0, 0, 0, '', 0, 0, 1300000, 2),
(372, 5, 1000, 1, '[]', -907.417, 545.185, 100.205, 119, -909.331, 554.839, 96.136, 314.738, 0, 0, 0, 0, 0, '', 0, 0, 1000000, 2),
(373, 1, 1000, 0, '[]', -210.266, -1607.12, 34.8693, 263, 0, 0, 0, 0, 0, 0, 0, 0, 0, '', 0, 0, 70000, 5),
(374, 5, 1000, 1, '[]', -924.671, 561.549, 99.9495, 150, -934.015, 570.773, 99.6317, 331.718, 0, 0, 0, 0, 0, '', 0, 0, 900000, 2),
(375, 8, 1000, 0, '[]', -958.071, 606.92, 106.299, 329, -946.354, 594.761, 100.735, 163.272, 0, 0, 0, 0, 0, '', 0, 0, 3000000, 2),
(376, 5, 1000, 1, '[]', -947.761, 568.203, 101.484, 149, -954.654, 580.439, 100.694, 308.515, 0, 0, 0, 0, 0, '', 0, 0, 930000, 2),
(377, 5, 1000, 1, '[]', -974.325, 582.112, 102.88, 167, -986.242, 587.056, 102.017, 348.202, 0, 0, 0, 0, 0, '', 0, 0, 980000, 2),
(378, 6, 1000, 1, '[]', -1022.71, 586.838, 103.429, 165, -1036.8, 591.073, 102.908, 1.08246, 0, 0, 0, 0, 0, '', 0, 0, 1400000, 2),
(379, 6, 1000, 1, '[]', -1107.45, 594.276, 104.455, 24, -1093.25, 600.56, 102.795, 211.234, 0, 0, 0, 0, 0, '', 0, 0, 1400000, 2);
INSERT INTO `houses` (`id`, `interior`, `balance`, `garage`, `cars`, `x`, `y`, `z`, `h`, `vehX`, `vehY`, `vehZ`, `vehH`, `garageX`, `garageY`, `garageZ`, `garageH`, `owner`, `ownerName`, `closed`, `garageClosed`, `price`, `class`) VALUES
(380, 6, 1000, 1, '[]', -1090.22, 548.408, 103.633, 297, -1106.33, 551.298, 102.33, 31.9753, 0, 0, 0, 0, 0, '', 0, 0, 1600000, 2),
(381, 5, 1000, 1, '[]', -1125.45, 548.651, 102.572, 193, -1134.69, 551.021, 101.747, 17.3129, 0, 0, 0, 0, 0, '', 0, 0, 1000000, 2),
(382, 1, 1000, 0, '[]', -212.115, -1617.59, 34.8693, 265, 0, 0, 0, 0, 0, 0, 0, 0, 0, '', 0, 0, 70000, 5),
(383, 4, 1000, 1, '[]', -1146.49, 545.881, 101.907, 186, -1157, 548.527, 100.663, 280.159, 0, 0, 0, 0, 0, '', 0, 0, 800000, 2),
(384, 4, 1000, 1, '[]', -1193.09, 563.924, 100.339, 354, -1208.72, 556.198, 98.6954, 184.306, 0, 0, 0, 0, 0, '', 0, 0, 850000, 2),
(385, 8, 1000, 1, '[]', -1217.54, 505.987, 95.6671, 358, -1236.57, 489.42, 93.039, 95.6351, 0, 0, 0, 0, 0, '', 0, 0, 3200000, 1),
(386, 7, 1000, 1, '[]', -1215.95, 458.094, 92.0638, 179, -1230.29, 462.344, 91.4887, 5.82706, 0, 0, 0, 0, 0, '', 0, 0, 2000000, 2),
(387, 6, 1000, 1, '[]', -1174.47, 440.179, 86.8498, 263, -1178.39, 455.763, 86.3822, 85.726, 0, 0, 0, 0, 0, '', 0, 0, 1600000, 2),
(388, 7, 1000, 1, '[]', -1094.48, 427.364, 75.8801, 79, -1096.54, 439.788, 75.0153, 266.518, 0, 0, 0, 0, 0, '', 0, 0, 2500000, 2),
(389, 6, 1000, 1, '[]', -1052.08, 432.42, 77.2536, 10, -1065.78, 437.313, 73.5933, 99.9357, 0, 0, 0, 0, 0, '', 0, 0, 1500000, 2),
(390, 6, 1000, 1, '[]', -1009.21, 479.796, 79.4146, 142, -1015.34, 488.924, 78.967, 0.256927, 0, 0, 0, 0, 0, '', 0, 0, 1600000, 2),
(391, 6, 1000, 1, '[]', -987.4, 487.222, 82.4612, 185, -993.847, 489.981, 81.9967, 0.829651, 0, 0, 0, 0, 0, '', 0, 0, 1700000, 2),
(392, 6, 1000, 0, '[]', -968.2, 436.608, 80.5715, 60, -966.9, 449.444, 79.5376, 200.234, 0, 0, 0, 0, 0, '', 0, 0, 1900000, 2),
(393, 7, 1000, 1, '[]', -950.112, 465.011, 80.8004, 285, -949.756, 442.062, 79.5584, 107.963, 0, 0, 0, 0, 0, '', 0, 0, 2500000, 1),
(394, 6, 1000, 0, '[]', -967.279, 510.409, 82.0664, 317, -976.159, 524.629, 81.2021, 146.544, 0, 0, 0, 0, 0, '', 0, 0, 1700000, 2),
(395, 1, 1000, 0, '[]', -213.022, -1618.18, 34.8693, 181, 0, 0, 0, 0, 0, 0, 0, 0, 0, '', 0, 0, 70000, 5),
(396, 6, 1000, 1, '[]', -1040.98, 507.198, 84.381, 35, -1043.85, 499.746, 83.7465, 222.849, 0, 0, 0, 0, 0, '', 0, 0, 1900000, 2),
(397, 6, 1000, 1, '[]', -1087.77, 479.391, 77.5743, 235, -1076.61, 465.393, 77.4117, 146.707, 0, 0, 0, 0, 0, '', 0, 0, 1900000, 2),
(398, 6, 1000, 0, '[]', -1122.65, 485.557, 82.1608, 345, -1108.13, 489.478, 81.921, 168.88, 0, 0, 0, 0, 0, '', 0, 0, 1600000, 2),
(399, 6, 1000, 0, '[]', -1158.83, 481.551, 86.0938, 359, -1164.84, 477.478, 85.6919, 185.483, 0, 0, 0, 0, 0, '', 0, 0, 1500000, 2),
(400, 7, 0, 1, '[]', -1277.7, 497.163, 97.8904, 82, -1270.64, 507.922, 96.9972, 180.831, 0, 0, 0, 0, 33, 'Riccardo Bianchi', 0, 0, 2800000, 2),
(401, 4, 0, 1, '[]', -1294.33, 454.532, 97.5408, 177, -1298.01, 457.33, 97.2033, 357.909, 0, 0, 0, 0, 214, 'Ruslan Richardson', 0, 0, 700000, 3),
(402, 5, 1000, 1, '[]', -1308.22, 449.185, 100.97, 182, -1323.01, 449.398, 99.457, 0.422943, 0, 0, 0, 0, 0, '', 0, 0, 1100000, 2),
(403, 5, 1000, 1, '[]', -1371.88, 443.937, 105.857, 258, -1375.58, 452.45, 104.687, 83.9175, 0, 0, 0, 0, 0, '', 0, 0, 950000, 2),
(404, 5, 1000, 1, '[]', -1413.57, 462.479, 109.208, 162, -1417.87, 467.413, 109.016, 333.307, 0, 0, 0, 0, 0, '', 0, 0, 1200000, 2),
(405, 5, 1000, 1, '[]', -1452.27, 545.476, 120.799, 66, -1453.26, 533.713, 118.944, 247.508, 0, 0, 0, 0, 0, '', 0, 0, 1000000, 2),
(406, 8, 1000, 1, '[]', -1453.96, 512.673, 117.795, 192, -1471.14, 512.296, 117.496, 13.2509, 0, 0, 0, 0, 0, '', 0, 0, 3000000, 2),
(407, 6, 1000, 1, '[]', -1500.39, 522.799, 118.272, 22, -1482.94, 530.638, 118.002, 210.25, 0, 0, 0, 0, 0, '', 0, 0, 1500000, 2),
(408, 6, 1000, 0, '[]', -1492.86, 421.492, 111.244, 308, -1494.7, 415.111, 110.84, 43.641, 0, 0, 0, 0, 0, '', 0, 0, 1600000, 2),
(409, 6, 1000, 1, '[]', -1540.07, 420.91, 110.014, 180, -1551.77, 426.952, 109.158, 273.469, 0, 0, 0, 0, 0, '', 0, 0, 1800000, 2),
(410, 6, 1000, 1, '[]', -1405.61, 526.842, 123.831, 263, -1409.02, 537.485, 122.6, 100.422, 0, 0, 0, 0, 0, '', 0, 0, 1400000, 2),
(411, 6, 1000, 1, '[]', -1405.12, 561.613, 125.406, 350, -1413.14, 558.241, 123.957, 160.544, 0, 0, 0, 0, 0, '', 0, 0, 1400000, 2),
(412, 5, 1000, 1, '[]', -1363.96, 569.933, 134.973, 63, -1357.64, 578.731, 131.139, 247.529, 0, 0, 0, 0, 0, '', 0, 0, 1000000, 2),
(413, 1, 1000, 0, '[]', -223.124, -1617.6, 34.8693, 88, 0, 0, 0, 0, 0, 0, 0, 0, 0, '', 0, 0, 70000, 5),
(414, 5, 1000, 1, '[]', -1337.43, 606.098, 134.38, 271, -1344.01, 611.714, 133.502, 100.21, 0, 0, 0, 0, 0, '', 0, 0, 1300000, 2),
(415, 7, 1000, 1, '[]', -1277.58, 629.885, 143.186, 307, -1287.92, 625.251, 138.588, 40.3077, 0, 0, 0, 0, 0, '', 0, 0, 2000000, 2),
(416, 6, 1000, 1, '[]', -1291.65, 650.005, 141.501, 10, -1282.97, 650.01, 139.551, 193.676, 0, 0, 0, 0, 0, '', 0, 0, 1500000, 2),
(417, 6, 1000, 1, '[]', -1248.66, 643.014, 142.706, 110, -1236.17, 654.776, 142.133, 33.0557, 0, 0, 0, 0, 0, '', 0, 0, 1900000, 2),
(418, 1, 1000, 0, '[]', -223.153, -1601.12, 34.8833, 93, 0, 0, 0, 0, 0, 0, 0, 0, 0, '', 0, 0, 70000, 5),
(419, 5, 1000, 1, '[]', -1218.84, 665.372, 144.534, 222, -1224.44, 663.101, 143.466, 64.6815, 0, 0, 0, 0, 0, '', 0, 0, 1000000, 2),
(420, 5, 1000, 1, '[]', -1197.09, 693.385, 147.42, 235, -1201.27, 690.411, 146.782, 66.408, 0, 0, 0, 0, 0, '', 0, 0, 1300000, 2),
(421, 5, 1000, 1, '[]', -1165.53, 727.001, 155.607, 135, -1155.29, 745.535, 155.194, 46.2618, 0, 0, 0, 0, 0, '', 0, 0, 1300000, 2),
(422, 5, 1000, 1, '[]', -1117.85, 761.614, 164.289, 197, -1115.33, 770.019, 162.981, 25.0461, 0, 0, 0, 0, 0, '', 0, 0, 1200000, 2),
(423, 6, 1000, 1, '[]', -1130.33, 784.179, 163.887, 49, -1122.72, 789.093, 162.941, 231.41, 0, 0, 0, 0, 0, '', 0, 0, 1800000, 2),
(424, 6, 1000, 1, '[]', -1100.62, 797.628, 167.256, 3, -1107.67, 795.654, 164.997, 185.858, 0, 0, 0, 0, 0, '', 0, 0, 1700000, 2),
(425, 5, 1000, 1, '[]', -1056.01, 761.531, 167.317, 84, -1053.01, 768.14, 167.353, 277.28, 0, 0, 0, 0, 0, '', 0, 0, 1300000, 2),
(426, 6, 1000, 1, '[]', -999.289, 816.624, 173.05, 37, -1020.27, 814.01, 171.942, 189.491, 0, 0, 0, 0, 0, '', 0, 0, 1700000, 2),
(427, 5, 1000, 1, '[]', -972.58, 752.512, 176.381, 221, -966.811, 763.129, 175.127, 44.355, 0, 0, 0, 0, 0, '', 0, 0, 1200000, 2),
(428, 6, 1000, 1, '[]', -1011.86, 773.58, 171.379, 8, -1000.37, 785.518, 171.371, 291.517, 0, 0, 0, 0, 0, '', 0, 0, 1400000, 2),
(429, 6, 1000, 1, '[]', -962.673, 813.857, 177.566, 2, -956.462, 800.64, 177.583, 182.907, 0, 0, 0, 0, 0, '', 0, 0, 1600000, 2),
(430, 6, 1000, 0, '[]', -921.161, 813.821, 184.336, 357, -918.642, 807.002, 184.044, 184.416, 0, 0, 0, 0, 0, '', 0, 0, 1400000, 2),
(431, 6, 1000, 1, '[]', -912.427, 777.54, 187.012, 186, -905.001, 782.977, 185.803, 7.15887, 0, 0, 0, 0, 0, '', 0, 0, 1500000, 2),
(432, 6, 1000, 1, '[]', -867.366, 785.063, 191.934, 177, -851.628, 791.989, 191.571, 2.45309, 0, 0, 0, 0, 0, '', 0, 0, 1900000, 2),
(433, 6, 1000, 1, '[]', -824.097, 806.152, 202.784, 199, -811.538, 807.112, 201.879, 23.6234, 0, 0, 0, 0, 0, '', 0, 0, 1400000, 2),
(434, 6, 1000, 1, '[]', -747.147, 808.303, 215.029, 105, -746.874, 819.293, 213.156, 288.635, 0, 0, 0, 0, 0, '', 0, 0, 1600000, 2),
(435, 6, 1000, 1, '[]', -655.259, 803.195, 198.991, 173, -661.765, 806.931, 199.049, 358.763, 0, 0, 0, 0, 0, '', 0, 0, 1600000, 2),
(436, 1, 1000, 0, '[]', -223.066, -1585.84, 34.8693, 89, 0, 0, 0, 0, 0, 0, 0, 0, 0, '', 0, 0, 70000, 5),
(437, 6, 1000, 1, '[]', -597.133, 763.666, 189.12, 26, -593.411, 753.698, 183.446, 256.303, 0, 0, 0, 0, 0, '', 0, 0, 1700000, 2),
(438, 4, 1000, 1, '[]', -566.014, 761.322, 185.425, 225, -573.491, 756.875, 184.452, 34.6563, 0, 0, 0, 0, 0, '', 0, 0, 750000, 2),
(439, 6, 1000, 1, '[]', -579.725, 733.3, 184.212, 178, -578.463, 741.638, 183.537, 87.3084, 0, 0, 0, 0, 0, '', 0, 0, 1400000, 2),
(440, 6, 1000, 1, '[]', -663.915, 742.213, 174.284, 81, -669.819, 751.748, 173.754, 359.875, 0, 0, 0, 0, 0, '', 0, 0, 1600000, 2),
(441, 6, 1000, 1, '[]', -699.172, 706.387, 157.984, 129, -695.464, 705.373, 156.97, 329.641, 0, 0, 0, 0, 0, '', 0, 0, 1600000, 2),
(442, 5, 1000, 1, '[]', -662.194, 679.012, 153.911, 251, -666.815, 669.32, 150.146, 72.448, 0, 0, 0, 0, 0, '', 0, 0, 1300000, 2),
(443, 6, 1000, 1, '[]', -700.866, 647.236, 155.37, 164, -709.714, 642.699, 154.905, 349.456, 0, 0, 0, 0, 0, '', 0, 0, 1800000, 2),
(444, 6, 1000, 1, '[]', -668.7, 638.787, 149.529, 264, -671.695, 645.372, 148.917, 81.1143, 0, 0, 0, 0, 0, '', 0, 0, 1400000, 2),
(445, 7, 1000, 1, '[]', -686.192, 596.434, 143.642, 218, -684.652, 603.809, 143.367, 43.3141, 0, 0, 0, 0, 0, '', 0, 0, 2500000, 2),
(446, 5, 1000, 1, '[]', -704.241, 588.855, 141.931, 181, -723.308, 592.823, 141.565, 3.0459, 0, 0, 0, 0, 0, '', 0, 0, 1200000, 2),
(447, 6, 1000, 1, '[]', -733.046, 593.932, 142.257, 149, -742.541, 603.189, 141.728, 331.906, 0, 0, 0, 0, 0, '', 0, 0, 1400000, 2),
(448, 5, 1000, 1, '[]', -753.142, 620.489, 142.733, 100, -752.618, 627.806, 142.231, 287.958, 0, 0, 0, 0, 0, '', 0, 0, 1000000, 2),
(449, 5, 1000, 1, '[]', -765.597, 650.69, 145.7, 113, -767.479, 665.584, 144.651, 293.791, 0, 0, 0, 0, 0, '', 0, 0, 1200000, 2),
(450, 5, 1000, 1, '[]', -819.492, 696.752, 148.11, 195, -806.247, 705.081, 146.721, 18.2607, 0, 0, 0, 0, 0, '', 0, 0, 1300000, 2),
(451, 6, 1000, 1, '[]', -1065.18, 727.083, 165.475, 197, -1057.38, 735.154, 165.18, 23.5298, 0, 0, 0, 0, 0, '', 0, 0, 1800000, 2),
(452, 7, 1000, 1, '[]', -1033.08, 685.958, 161.303, 264, -1022.16, 692.995, 160.954, 0.379089, 0, 0, 0, 0, 0, '', 0, 0, 2500000, 2),
(453, 5, 1000, 1, '[]', -1019.56, 718.712, 163.996, 346, -1006.36, 709.541, 162.146, 165.363, 0, 0, 0, 0, 0, '', 0, 0, 1200000, 2),
(454, 6, 1000, 0, '[]', -974.244, 684.705, 158.034, 163, -979.326, 694.109, 156.501, 279.333, 0, 0, 0, 0, 0, '', 0, 0, 1800000, 2),
(455, 6, 1000, 0, '[]', -931.558, 691.131, 153.467, 180, -950.644, 687.122, 153.31, 1.42972, 0, 0, 0, 0, 0, '', 0, 0, 1400000, 2),
(456, 5, 1000, 1, '[]', -908.721, 693.864, 151.435, 172, -913.839, 696.648, 151.179, 357.912, 0, 0, 0, 0, 0, '', 0, 0, 1000000, 2),
(457, 5, 1000, 0, '[]', -884.833, 699.349, 151.271, 256, -880.206, 704.886, 149.496, 266.075, 0, 0, 0, 0, 0, '', 0, 0, 900000, 2),
(458, 5, 1000, 1, '[]', -853.031, 695.406, 148.788, 178, -863.392, 699.618, 148.772, 328.395, 0, 0, 0, 0, 0, '', 0, 0, 1000000, 2),
(459, 7, 1000, 0, '[]', -658.512, 886.508, 229.249, 180, -676.861, 903.62, 230.308, 326.421, 0, 0, 0, 0, 0, '', 0, 0, 2200000, 2),
(460, 6, 1000, 1, '[]', -597.092, 851.583, 211.457, 218, -608.945, 866.244, 213.205, 340.521, 0, 0, 0, 0, 0, '', 0, 0, 1700000, 2),
(461, 5, 1000, 1, '[]', -494.296, 795.988, 184.343, 248, -484.134, 798.682, 180.644, 331.314, 0, 0, 0, 0, 0, '', 0, 0, 1100000, 2),
(462, 1, 1000, 0, '[]', -219.258, -1579.87, 34.8693, 54, 0, 0, 0, 0, 0, 0, 0, 0, 0, '', 0, 0, 70000, 5),
(463, 6, 1000, 1, '[]', -533.373, 709.297, 153.127, 350, -521.195, 708.802, 151.808, 191.212, 0, 0, 0, 0, 0, '', 0, 0, 1700000, 2),
(464, 6, 1000, 1, '[]', -551.784, 686.792, 146.075, 340, -559.518, 686.301, 145.145, 166.221, 0, 0, 0, 0, 0, '', 0, 0, 1700000, 2),
(465, 7, 1000, 1, '[]', -606.247, 672.252, 151.597, 170, -615.208, 677.612, 149.529, 347.655, 0, 0, 0, 0, 0, '', 0, 0, 2000000, 2),
(466, 4, 1000, 1, '[]', -559.583, 664.02, 145.463, 144, -555.199, 665.519, 144.712, 341.939, 0, 0, 0, 0, 0, '', 0, 0, 780000, 2),
(467, 7, 1000, 1, '[]', -523.052, 628.32, 137.974, 107, -513.057, 624.698, 132.412, 293.247, 0, 0, 0, 0, 0, '', 0, 0, 2000000, 2),
(468, 6, 1000, 0, '[]', -520.371, 594.302, 120.837, 100, -521.222, 574.889, 120.785, 278.609, 0, 0, 0, 0, 0, '', 0, 0, 1400000, 2),
(469, 6, 1000, 1, '[]', -476.79, 647.991, 144.387, 187, -461.559, 641.088, 143.92, 45.7723, 0, 0, 0, 0, 0, '', 0, 0, 1700000, 2),
(470, 5, 1000, 1, '[]', -445.684, 685.564, 152.951, 24, -466.343, 673.669, 147.567, 129.976, 0, 0, 0, 0, 0, '', 0, 0, 1200000, 2),
(471, 6, 1000, 1, '[]', -400.134, 665.052, 163.83, 171, -394.318, 671.401, 162.841, 2.8746, 0, 0, 0, 0, 0, '', 0, 0, 1400000, 2),
(472, 6, 1000, 1, '[]', -339.815, 668.7, 172.784, 79, -345.314, 663.609, 169.177, 168.58, 0, 0, 0, 0, 0, '', 0, 0, 1500000, 2),
(473, 6, 1000, 0, '[]', -298.993, 635.447, 175.692, 293, -300.992, 632.035, 175.43, 115.015, 0, 0, 0, 0, 0, '', 0, 0, 1800000, 2),
(474, 8, 1000, 1, '[]', -339.738, 625.629, 171.357, 226, -341.436, 632.654, 172.078, 53.7762, 0, 0, 0, 0, 0, '', 0, 0, 3500000, 1),
(475, 5, 1000, 0, '[]', -293.639, 600.976, 181.576, 164, -274.601, 598.648, 181.415, 356.228, 0, 0, 0, 0, 0, '', 0, 0, 1200000, 2),
(476, 6, 1000, 1, '[]', -256.919, 632.312, 187.805, 252, -241.891, 609.429, 186.942, 119.146, 0, 0, 0, 0, 0, '', 0, 0, 1800000, 2),
(477, 6, 1000, 1, '[]', -232.731, 588.282, 190.536, 169, -224.672, 592.403, 189.957, 0.296997, 0, 0, 0, 0, 0, '', 0, 0, 1600000, 2),
(478, 6, 0, 1, '[]', -189.343, 618.085, 199.661, 359, -196.601, 617.551, 197.372, 182.191, 0, 0, 0, 0, 0, '', 0, 0, 1700000, 2),
(479, 6, 1000, 0, '[]', -185.361, 591.264, 197.823, 171, -178.391, 584.998, 197.357, 1.52277, 0, 0, 0, 0, 0, '', 0, 0, 1800000, 2),
(480, 7, 1000, 1, '[]', -126.529, 588.421, 204.711, 176, -143.637, 596.583, 203.552, 1.12207, 0, 0, 0, 0, 0, '', 0, 0, 2000000, 2),
(481, 7, 1000, 1, '[]', -184.307, 967.465, 232.134, 175, -169.815, 969.306, 236.751, 318.236, 0, 0, 0, 0, 0, '', 0, 0, 2800000, 2),
(482, 9, 1000, 1, '[]', -113.06, 985.833, 235.754, 284, -130.253, 1004.86, 235.464, 199.495, 0, 0, 0, 0, 0, '', 0, 0, 7000000, 1),
(483, 8, 0, 1, '[]', -151.795, 910.609, 235.656, 224, -136.331, 901.596, 235.42, 288.226, 0, 0, 0, 0, 1676, 'Lucifer Morgenstar', 0, 0, 6000000, 1),
(484, 8, 1000, 1, '[]', -85.6162, 834.609, 235.92, 320, -104.949, 826.195, 235.454, 17.3162, 0, 0, 0, 0, 0, '', 0, 0, 6200000, 1),
(485, 6, 1000, 1, '[]', 228.708, 765.615, 204.977, 236, 217.677, 757.213, 204.429, 57.2885, 0, 0, 0, 0, 0, '', 0, 0, 1800000, 2),
(486, 8, 1000, 1, '[]', 231.995, 672.406, 189.946, 218, 227.222, 681.279, 189.259, 98.8065, 0, 0, 0, 0, 0, '', 0, 0, 3000000, 2),
(487, 5, 1000, 1, '[]', 216.156, 620.479, 187.636, 248, 209.292, 609.166, 186.529, 78.4266, 0, 0, 0, 0, 0, '', 0, 0, 1200000, 2),
(488, 6, 1000, 1, '[]', 119.325, 564.335, 183.959, 174, 131.517, 568.199, 183.268, 6.28964, 0, 0, 0, 0, 0, '', 0, 0, 1400000, 2),
(489, 6, 1000, 1, '[]', 84.9051, 561.911, 182.773, 178, 97.5773, 566.966, 182.209, 4.46716, 0, 0, 0, 0, 0, '', 0, 0, 1500000, 2),
(490, 6, 1000, 1, '[]', 45.6422, 556.218, 180.082, 196, 51.5992, 562.676, 180.028, 23.7635, 0, 0, 0, 0, 0, '', 0, 0, 1800000, 2),
(491, 6, 1000, 1, '[]', 325.223, 537.313, 153.868, 91, 315.255, 567.734, 154.176, 294.168, 0, 0, 0, 0, 0, '', 0, 0, 1600000, 2),
(492, 6, 1000, 1, '[]', 315.958, 501.666, 153.18, 5, 319.509, 494.734, 152.371, 283.809, 0, 0, 0, 0, 0, '', 0, 0, 1600000, 2),
(493, 6, 1000, 1, '[]', 331.35, 465.537, 151.226, 191, 330.344, 482.992, 150.535, 288.378, 0, 0, 0, 0, 0, '', 0, 0, 1400000, 2),
(494, 7, 1000, 1, '[]', 346.704, 440.693, 147.702, 109, 353.942, 437.677, 146.355, 297.011, 0, 0, 0, 0, 0, '', 0, 0, 2000000, 2),
(495, 7, 1000, 1, '[]', 373.903, 427.834, 145.684, 251, 391.737, 430.896, 143.165, 352.185, 0, 0, 0, 0, 0, '', 0, 0, 2000000, 2),
(496, 8, 0, 1, '[]', -842.113, -25.0546, 40.3984, 86, -872.531, -55.7754, 37.9723, 287.85, 0, 0, 0, 0, 0, '', 0, 0, 6000000, 1),
(497, 8, 1000, 1, '[]', -896.509, -4.98697, 43.7989, 121, -887.367, -15.0115, 42.8214, 304.541, 0, 0, 0, 0, 0, '', 0, 0, 5000000, 1),
(498, 8, 1000, 0, '[]', -888.154, 42.6199, 49.147, 53, -881.102, 15.4865, 44.1822, 61.0491, 0, 0, 0, 0, 0, '', 0, 0, 3500000, 2),
(499, 8, 0, 1, '[]', -930.037, 19.2053, 48.3273, 38, -925.331, 8.95122, 47.4753, 266.053, 0, 0, 0, 0, 577, 'Don Vardanyan', 0, 0, 4000000, 2),
(500, 8, 1000, 1, '[]', -830.759, 115.024, 55.8289, 270, -835.203, 115.436, 55.0684, 176.687, 0, 0, 0, 0, 0, '', 0, 0, 3500000, 2),
(501, 8, 1000, 1, '[]', -949.288, 196.56, 67.3903, 338, -930.665, 210.826, 67.1949, 141.946, 0, 0, 0, 0, 0, '', 0, 0, 6700000, 1),
(502, 8, 1000, 0, '[]', -902.713, 191.538, 69.446, 264, -913.124, 198.392, 69.2315, 180.735, 0, 0, 0, 0, 0, '', 0, 0, 4000000, 2),
(503, 8, 1000, 1, '[]', -998.119, 157.833, 62.3212, 13, -993.912, 143.68, 60.3972, 288.319, 0, 0, 0, 0, 0, '', 0, 0, 4500000, 2),
(504, 8, 1000, 1, '[]', -913.762, 108.319, 55.5147, 165, -919.932, 111.364, 55.0494, 173.487, 0, 0, 0, 0, 0, '', 0, 0, 3000000, 2),
(505, 7, 1000, 0, '[]', -971.567, 122.154, 57.0486, 108, -968.824, 103.518, 55.3951, 306.5, 0, 0, 0, 0, 0, '', 0, 0, 2900000, 2),
(506, 8, 1000, 1, '[]', -1038.1, 222.157, 64.3757, 267, -1045.21, 221.574, 63.4967, 181.659, 0, 0, 0, 0, 0, '', 0, 0, 3200000, 1),
(507, 7, 1000, 1, '[]', -819.455, 267.845, 86.396, 256, -827.59, 271.158, 85.9463, 346.441, 0, 0, 0, 0, 0, '', 0, 0, 2000000, 2),
(508, 6, 1000, 1, '[]', -877.2, 306.544, 84.1543, 51, -868.953, 319.488, 83.708, 189.04, 0, 0, 0, 0, 0, '', 0, 0, 1700000, 2),
(509, 6, 1000, 1, '[]', -881.55, 363.823, 85.3627, 222, -888.233, 364.266, 84.7627, 3.34564, 0, 0, 0, 0, 0, '', 0, 0, 1700000, 2),
(510, 8, 1000, 1, '[]', -1025.95, 360.493, 71.3615, 64, -1044.83, 385.45, 69.2417, 3.29681, 0, 0, 0, 0, 0, '', 0, 0, 3400000, 2),
(511, 9, 1000, 1, '[]', -1135.74, 376.038, 71.2998, 140, -1096.35, 357.999, 68.2312, 1.11313, 0, 0, 0, 0, 0, '', 0, 0, 7500000, 1),
(512, 8, 1000, 1, '[]', -1038.52, 312.258, 67.2744, 189, -1061.96, 302.069, 65.6688, 351.099, 0, 0, 0, 0, 0, '', 0, 0, 4000000, 2),
(513, 8, 1000, 1, '[]', -1189.83, 292.017, 69.8925, 15, -1206.15, 267.047, 69.2677, 285.34, 0, 0, 0, 0, 0, '', 0, 0, 5000000, 1),
(514, 9, 1000, 1, '[]', -1464.85, -34.2195, 55.0505, 121, -1454.13, -51.5889, 53.286, 249.272, 0, 0, 0, 0, 0, '', 0, 0, 9000000, 1),
(515, 9, 1000, 1, '[]', -1536.9, 130.491, 57.3713, 313, -1531.98, 83.102, 56.4689, 316.887, 0, 0, 0, 0, 0, '', 0, 0, 27000000, 1),
(516, 8, 1000, 1, '[]', -1629.83, 36.6584, 62.9361, 151, -1615.51, 16.7129, 61.9063, 334.12, 0, 0, 0, 0, 0, '', 0, 0, 4000000, 2),
(517, 9, 1000, 1, '[]', -1570.71, 22.6097, 59.5539, 164, -1553.33, 20.2906, 58.3689, 349.371, 0, 0, 0, 0, 0, '', 0, 0, 7300000, 2),
(518, 8, 1000, 1, '[]', -1515.47, 24.0939, 56.8207, 165, -1504.49, 22.845, 55.8424, 356.992, 0, 0, 0, 0, 0, '', 0, 0, 6100000, 2),
(519, 8, 1000, 1, '[]', -1467.49, 35.0937, 54.5449, 162, -1490.63, 21.1758, 54.2968, 1.61292, 0, 0, 0, 0, 0, '', 0, 0, 5700000, 2),
(520, 8, 1000, 0, '[]', -1580.18, -34.0438, 57.5652, 84, -1591.43, -58.8764, 56.0582, 269.901, 0, 0, 0, 0, 0, '', 0, 0, 4300000, 2),
(521, 9, 1000, 0, '[]', -1549.39, -90.7524, 54.9292, 176, -1587.31, -86.3737, 53.9119, 271.423, 0, 0, 0, 0, 0, '', 0, 0, 12000000, 1),
(522, 6, 1000, 1, '[]', -1898.99, 132.532, 81.9847, 119, -1888.88, 121.641, 81.2488, 307.2, 0, 0, 0, 0, 0, '', 0, 0, 1700000, 2),
(523, 7, 1000, 1, '[]', -1873.39, 201.9, 84.2945, 302, -1875.46, 186.637, 83.6628, 126.107, 0, 0, 0, 0, 0, '', 0, 0, 2700000, 2),
(524, 6, 1000, 1, '[]', -1931.67, 162.759, 84.6526, 119, -1936.42, 182.046, 84.1935, 308.308, 0, 0, 0, 0, 0, '', 0, 0, 1600000, 2),
(525, 6, 1000, 1, '[]', -1961.06, 212.074, 86.8029, 111, -1947.96, 200.557, 85.5979, 293.246, 0, 0, 0, 0, 0, '', 0, 0, 1600000, 2),
(526, 7, 1000, 1, '[]', -1895.62, 261.247, 86.4532, 113, -1902.78, 240.034, 85.8283, 117.732, 0, 0, 0, 0, 0, '', 0, 0, 2000000, 2),
(527, 6, 1000, 1, '[]', -1970.42, 246.103, 87.8122, 104, -1978.44, 259.83, 86.7949, 288.641, 0, 0, 0, 0, 0, '', 0, 0, 1500000, 2),
(528, 7, 1000, 1, '[]', -1922.62, 298.254, 89.2872, 286, -1922.14, 284.483, 88.6506, 102.598, 0, 0, 0, 0, 0, '', 0, 0, 2600000, 2),
(529, 7, 1000, 1, '[]', -1995.34, 300.85, 91.9647, 9, -1995.61, 293.72, 91.3422, 285.553, 0, 0, 0, 0, 0, '', 0, 0, 2800000, 2),
(530, 7, 1000, 1, '[]', -2008.86, 367.599, 94.8143, 87, -2000.66, 378.945, 94.0612, 182.851, 0, 0, 0, 0, 0, '', 0, 0, 2000000, 2),
(531, 7, 1000, 1, '[]', -1940.59, 387.289, 96.5071, 358, -1943.33, 385.153, 96.0476, 97.8151, 0, 0, 0, 0, 0, '', 0, 0, 2400000, 2),
(532, 6, 1000, 1, '[]', -1942.92, 449.526, 102.928, 267, -1941.67, 461.929, 101.784, 96.5814, 0, 0, 0, 0, 0, '', 0, 0, 1800000, 2),
(533, 7, 1000, 1, '[]', -2010.93, 445.25, 103.016, 107, -2009.55, 454.763, 102.236, 287.341, 0, 0, 0, 0, 0, '', 0, 0, 2000000, 2),
(534, 6, 1000, 1, '[]', -2014.51, 499.689, 107.172, 70, -2012.73, 484.608, 106.611, 254.545, 0, 0, 0, 0, 0, '', 0, 0, 1700000, 2),
(535, 6, 1000, 1, '[]', -1937.47, 550.987, 115.023, 247, -1940.33, 522.484, 108.818, 160.286, 0, 0, 0, 0, 0, '', 0, 0, 1500000, 2),
(536, 6, 1000, 1, '[]', -1995.92, 591.176, 118.101, 74, -1988.77, 604.711, 117.516, 257.532, 0, 0, 0, 0, 0, '', 0, 0, 1400000, 2),
(537, 5, 1000, 1, '[]', -1928.96, 595.34, 122.295, 250, -1939.34, 581.658, 118.743, 69.5941, 0, 0, 0, 0, 0, '', 0, 0, 1200000, 2),
(538, 6, 1000, 1, '[]', -1974.2, 630.81, 122.536, 61, -1972.64, 622.652, 121.847, 245.824, 0, 0, 0, 0, 0, '', 0, 0, 1600000, 2),
(539, 6, 1000, 1, '[]', -1896.21, 642.445, 130.209, 311, -1888.24, 627.514, 129.58, 136.385, 0, 0, 0, 0, 0, '', 0, 0, 1600000, 2),
(540, 8, 0, 1, '[]', -1805.02, 436.736, 128.835, 173, -1789.51, 456.668, 127.882, 89.7911, 0, 0, 0, 0, 2, 'Vali Zum', 0, 0, 6200000, 1),
(541, 8, 1000, 1, '[]', -1839.03, 314.347, 90.9171, 274, -1857.68, 326.776, 88.2498, 14.5599, 0, 0, 0, 0, 0, '', 0, 0, 3000000, 2),
(542, 7, 1000, 1, '[]', -1808.11, 333.385, 89.5701, 207, -1790.25, 353.67, 88.1465, 65.3769, 0, 0, 0, 0, 0, '', 0, 0, 2300000, 2),
(543, 7, 1000, 1, '[]', -1733.23, 379.292, 89.7251, 203, -1749.27, 366.409, 89.2935, 117.938, 0, 0, 0, 0, 0, '', 0, 0, 2550000, 2),
(544, 6, 1000, 1, '[]', -1673.16, 385.975, 89.3483, 162, -1665.61, 388.778, 88.8684, 5.60129, 0, 0, 0, 0, 0, '', 0, 0, 1400000, 2),
(545, 1, 1000, 0, '[]', 102.588, 3652.65, 39.7549, 91, 87.4892, 3652.98, 39.0321, 358.534, 0, 0, 0, 0, 0, '', 0, 0, 25000, 6),
(546, 1, 0, 0, '[]', 97.8066, 3682.4, 39.7345, 179, 97.7254, 3688.46, 39.2197, 89.5098, 0, 0, 0, 0, 652, 'Sing Mao', 0, 0, 25000, 6),
(547, 1, 1000, 0, '[]', 104.242, 3727.74, 39.7138, 298, 100.261, 3730.76, 39.2552, 33.6112, 0, 0, 0, 0, 0, '', 0, 0, 25000, 6),
(548, 1, 1000, 0, '[]', 76.412, 3757.36, 39.7547, 98, 80.3293, 3753.17, 39.3231, 182.938, 0, 0, 0, 0, 0, '', 0, 0, 28000, 6),
(549, 1, 1000, 0, '[]', 78.3523, 3732.8, 40.2791, 129, 85.0408, 3731.16, 39.165, 230.95, 0, 0, 0, 0, 0, '', 0, 0, 25000, 6),
(550, 1, 840, 0, '[]', 52.4324, 3740.94, 39.6026, 8, 45.2458, 3735.38, 39.1597, 111.631, 0, 0, 0, 0, 0, '', 0, 0, 25000, 6),
(551, 1, 0, 0, '[]', 15.667, 3687.8, 39.572, 13, 19.1203, 3683.67, 39.2981, 293.521, 0, 0, 0, 0, 1229, 'Alexander Moroz', 0, 0, 25000, 6),
(552, 1, 0, 0, '[]', 22.3418, 3672.02, 39.755, 241, 16.8686, 3668.05, 39.3543, 333.461, 0, 0, 0, 0, 1198, 'Andrey Trofimov', 0, 0, 25000, 6),
(553, 1, 1000, 0, '[]', 83.7829, 3718.68, 39.75, 232, 93.5671, 3713.04, 39.1572, 235.426, 0, 0, 0, 0, 0, '', 0, 0, 26000, 6),
(554, 1, 1000, 0, '[]', 66.8482, 3694.09, 39.755, 232, 78.142, 3690.76, 39.2436, 236.02, 0, 0, 0, 0, 0, '', 0, 0, 24000, 6),
(555, 1, 1000, 0, '[]', 247.14, 3169.43, 42.7974, 272, 240.019, 3165.4, 42.2488, 100.889, 0, 0, 0, 0, 0, '', 0, 0, 42000, 5),
(556, 1, 1478, 0, '[]', 241.252, 3107.82, 42.4872, 272, 236.066, 3113.11, 41.9706, 181.77, 0, 0, 0, 0, 0, '', 0, 0, 44000, 5),
(557, 1, 1000, 0, '[]', 191.311, 3082.15, 43.4728, 95, 177.849, 3091.96, 42.6519, 8.45871, 0, 0, 0, 0, 0, '', 0, 0, 44000, 5),
(558, 1, 0, 1, '[]', 195.359, 3031.11, 43.8867, 99, 192.469, 3038, 43.4458, 276.907, 0, 0, 0, 0, 650, 'Dio Contranegro', 0, 0, 48000, 5),
(559, 1, 1000, 0, '[]', 984.109, 2718.59, 39.5034, 94, 968.688, 2715.25, 39.0613, 176.653, 0, 0, 0, 0, 0, '', 0, 0, 53000, 5),
(560, 1, 1411, 0, '[]', 980.176, 2666.39, 40.0347, 176, 994.184, 2662.95, 39.7058, 2.77954, 0, 0, 0, 0, 0, '', 0, 0, 42000, 5),
(561, 1, 0, 0, '[]', 1258.22, 2739.65, 38.784, 323, 1264.19, 2731.74, 37.8705, 154.097, 0, 0, 0, 0, 388, 'Kirill Bodrov', 0, 0, 30000, 6),
(562, 1, 0, 0, '[]', 890.492, 2854.98, 57.0004, 226, 881.115, 2857.57, 56.2878, 138.141, 0, 0, 0, 0, 578, 'Robert Spuke', 0, 0, 22000, 6),
(563, 1, 0, 0, '[]', 859.093, 2877.2, 57.9827, 358, 871.011, 2871.64, 56.4742, 188.056, 0, 0, 0, 0, 134, 'Rehhi Ando', 0, 0, 22000, 6),
(564, 1, 0, 0, '[]', 847.991, 2863.89, 58.4856, 300, 857.891, 2849.61, 57.1627, 249.345, 0, 0, 0, 0, 919, 'Buddy Wilson', 0, 0, 23000, 6),
(565, 1, 0, 0, '[]', 524.386, 3079.69, 40.4849, 340, 527.487, 3074.19, 39.8122, 159.646, 0, 0, 0, 0, 420, 'Samuel Miller', 0, 0, 23000, 6),
(566, 1, 1000, 0, '[]', 508.815, 3099.76, 41.3079, 228, 494.489, 3081.68, 40.0819, 48.6801, 0, 0, 0, 0, 0, '', 0, 0, 23000, 6),
(567, 1, 0, 0, '[]', 412.325, 2965.29, 41.8881, 229, 404.155, 2957.89, 40.5822, 43.7577, 0, 0, 0, 0, 1283, 'Radik Molotov', 0, 0, 17000, 6),
(568, 1, 0, 0, '[]', 436.175, 2996.55, 41.2835, 199, 427.371, 2982.29, 40.1884, 105.124, 0, 0, 0, 0, 1279, 'Aidan Smith', 0, 0, 18000, 6),
(569, 1, 0, 0, '[]', 360.032, 2976.02, 40.9012, 301, 375.16, 2966.83, 40.6755, 205.827, 0, 0, 0, 0, 510, 'Jack Crawford', 0, 0, 20000, 6),
(570, 1, 0, 0, '[]', 2352.54, 2523.56, 47.6894, 131, 2359.95, 2510.59, 46.3983, 131.652, 0, 0, 0, 0, 236, 'Terry Flenory', 0, 0, 22000, 6),
(571, 1, 0, 0, '[]', 2333.26, 2524.11, 46.5439, 70, 2335.89, 2515.79, 46.3968, 163.56, 0, 0, 0, 0, 50, 'Sergo Cross', 0, 0, 21000, 6),
(572, 1, 1000, 0, '[]', 2320.87, 2535.78, 47.4, 77, 2308.2, 2529.82, 46.3164, 163.066, 0, 0, 0, 0, 0, '', 0, 0, 24000, 6),
(573, 1, 0, 0, '[]', 2318.97, 2553.49, 47.6905, 34, 2305.93, 2543.09, 46.4017, 131.893, 0, 0, 0, 0, 809, 'Tyler Moris', 1, 0, 23000, 6),
(574, 1, 0, 0, '[]', 2359.59, 2541.6, 47.6961, 6, 2361.92, 2532.26, 46.3974, 271.146, 0, 0, 0, 0, 52, 'Rafael Salvinski', 0, 0, 21000, 6),
(575, 1, 0, 0, '[]', 2355.45, 2565.49, 46.6677, 206, 2347.28, 2564.68, 46.3987, 309.084, 0, 0, 0, 0, 1454, 'Carter Kelly', 0, 0, 24000, 6),
(576, 1, 0, 0, '[]', 2338.47, 2570.55, 47.7237, 62, 2333.58, 2580.85, 46.3989, 334.486, 0, 0, 0, 0, 843, 'Johnny Givenchy', 0, 0, 33000, 6),
(577, 1, 1000, 0, '[]', 2334.15, 2587.33, 46.5176, 356, 2326.15, 2597.25, 46.2898, 89.1788, 0, 0, 0, 0, 0, '', 0, 0, 21000, 6),
(578, 1, 1000, 0, '[]', 2337.36, 2604.91, 46.9576, 317, 2326.33, 2616.07, 46.2734, 333.48, 0, 0, 0, 0, 0, '', 0, 0, 23000, 6),
(579, 1, 1000, 0, '[]', 2357.16, 2608.95, 46.7385, 320, 2371.8, 2610.17, 46.27, 237.465, 0, 0, 0, 0, 0, '', 0, 0, 21000, 6),
(580, 1, 0, 1, '[]', 2588.44, 3167.97, 51.3674, 133, 2589.7, 3177.13, 50.9917, 230.731, 0, 0, 0, 0, 169, 'Tihon Dodgelot', 0, 0, 50000, 4),
(581, 1, 0, 0, '[]', 2167.81, 3331.4, 46.4759, 199, 2173.68, 3357.3, 45.117, 300.541, 0, 0, 0, 0, 948, 'Romeo Crystal', 0, 0, 17000, 6),
(582, 1, 0, 0, '[]', 2201.3, 3318.36, 46.5664, 118, 2208.38, 3306.26, 45.9457, 294.957, 0, 0, 0, 0, 903, 'Dino Morett', 0, 0, 17000, 6),
(583, 1, 0, 0, '[]', 2175.54, 3321.82, 46.0253, 25, 2214.17, 3335.99, 45.2106, 208.583, 0, 0, 0, 0, 559, 'Danila Konovalenko', 0, 0, 17000, 6),
(584, 1, 0, 0, '[]', 2166.68, 3379.8, 46.4345, 49, 2177.75, 3401.32, 45.3675, 200.789, 0, 0, 0, 0, 1200, 'David Wayne', 1, 0, 18000, 6),
(585, 1, 0, 0, '[]', 2178.91, 3496.73, 45.8301, 218, 2175.36, 3507.13, 45.2032, 62.066, 0, 0, 0, 0, 895, 'Andre Soerezo', 0, 0, 18000, 6),
(586, 2, 0, 0, '[]', 118.204, -1920.83, 21.3234, 102, 0, 0, 0, 0, 0, 0, 0, 0, 738, 'Codi Agrest', 0, 0, 99000, 5),
(587, 1, 1000, 0, '[]', 208.521, -1895.03, 24.8141, 79, 0, 0, 0, 0, 0, 0, 0, 0, 0, '', 0, 0, 65000, 5),
(588, 1, 0, 0, '[]', 338.969, -1829.58, 28.3375, 7, 0, 0, 0, 0, 0, 0, 0, 0, 618, 'Bonnie Ruth', 0, 0, 50000, 5),
(589, 1, 1680, 1, '[]', 312.618, -2054.02, 20.9387, 21, 0, 0, 0, 0, 0, 0, 0, 0, 0, '', 0, 0, 50000, 5),
(590, 1, 1000, 1, '[]', 315.667, -2056.73, 20.9388, 322, 0, 0, 0, 0, 0, 0, 0, 0, 0, '', 0, 0, 50000, 5),
(591, 1, 1000, 1, '[]', 321.036, -2061.01, 20.9366, 327, 0, 0, 0, 0, 0, 0, 0, 0, 0, '', 0, 0, 50000, 5),
(592, 1, 1000, 1, '[]', 324.116, -2063.53, 20.9379, 315, 0, 0, 0, 0, 0, 0, 0, 0, 0, '', 0, 0, 50000, 5),
(593, 1, 1000, 1, '[]', 329.403, -2067.96, 20.9388, 320, 0, 0, 0, 0, 0, 0, 0, 0, 0, '', 0, 0, 50000, 5),
(594, 1, 1000, 1, '[]', 332.49, -2070.55, 20.9368, 318, 0, 0, 0, 0, 0, 0, 0, 0, 0, '', 0, 0, 50000, 5),
(595, 1, 1000, 1, '[]', 286.214, -2052.61, 19.6463, 48, 0, 0, 0, 0, 0, 0, 0, 0, 0, '', 0, 0, 50000, 5),
(596, 1, 0, 1, '[]', 290.699, -2047.26, 19.6466, 59, 0, 0, 0, 0, 0, 0, 0, 0, 1641, 'Jey Con', 0, 0, 50000, 5),
(597, 1, 0, 1, '[]', 293.249, -2044.21, 19.6463, 46, 0, 0, 0, 0, 0, 0, 0, 0, 606, 'Alberto Lacosta', 0, 0, 50000, 5),
(598, 1, 1000, 1, '[]', 301.599, -2076.26, 17.709, 109, 0, 0, 0, 0, 0, 0, 0, 0, 0, '', 0, 0, 50000, 5),
(599, 1, 1000, 1, '[]', 303.05, -2079.96, 17.7057, 110, 0, 0, 0, 0, 0, 0, 0, 0, 0, '', 0, 0, 50000, 5),
(600, 1, 1000, 0, '[]', 251.437, -2029.85, 18.5029, 136, 0, 0, 0, 0, 0, 0, 0, 0, 0, '', 0, 0, 75000, 5),
(601, 1, 1000, 1, '[]', 305.027, -2086.61, 17.709, 107, 0, 0, 0, 0, 0, 0, 0, 0, 0, '', 0, 0, 50000, 5),
(602, 1, 1000, 1, '[]', 321.691, -2099.91, 18.2441, 28, 0, 0, 0, 0, 0, 0, 0, 0, 0, '', 0, 0, 50000, 5),
(603, 1, 1000, 1, '[]', 319.931, -2100.63, 18.2441, 40, 0, 0, 0, 0, 0, 0, 0, 0, 0, '', 0, 0, 50000, 5),
(604, 1, 1000, 1, '[]', 334.684, -2058.09, 20.9364, 313, 0, 0, 0, 0, 0, 0, 0, 0, 0, '', 0, 0, 70000, 5),
(605, 1, 1000, 1, '[]', 333.232, -2056.62, 20.9364, 300, 0, 0, 0, 0, 0, 0, 0, 0, 0, '', 0, 0, 70000, 5),
(606, 1, 1000, 1, '[]', 342.059, -2064.22, 20.9364, 146, 0, 0, 0, 0, 0, 0, 0, 0, 0, '', 0, 0, 70000, 5),
(607, 1, 1000, 1, '[]', 345.686, -2067.14, 20.9364, 143, 0, 0, 0, 0, 0, 0, 0, 0, 0, '', 0, 0, 70000, 5),
(608, 1, 1000, 1, '[]', 357.684, -2073.28, 21.7445, 231, 0, 0, 0, 0, 0, 0, 0, 0, 0, '', 0, 0, 70000, 5),
(609, 1, 1000, 1, '[]', 356.573, -2074.65, 21.7445, 216, 0, 0, 0, 0, 0, 0, 0, 0, 0, '', 0, 0, 70000, 5),
(610, 1, 1000, 1, '[]', 365.045, -2064.64, 21.7445, 66, 0, 0, 0, 0, 0, 0, 0, 0, 0, '', 0, 0, 70000, 5),
(611, 1, 1000, 1, '[]', 371.081, -2057.12, 21.7444, 230, 0, 0, 0, 0, 0, 0, 0, 0, 0, '', 0, 0, 70000, 5),
(612, 1, 1000, 1, '[]', 372.276, -2055.8, 21.7445, 24, 0, 0, 0, 0, 0, 0, 0, 0, 0, '', 0, 0, 70000, 5),
(613, 1, 1000, 1, '[]', 325.999, -2050.63, 20.9364, 148, 0, 0, 0, 0, 0, 0, 0, 0, 0, '', 0, 0, 70000, 5),
(614, 1, 1000, 1, '[]', 324.474, -2049.34, 20.9364, 174, 0, 0, 0, 0, 0, 0, 0, 0, 0, '', 0, 0, 70000, 5),
(615, 1, 1000, 1, '[]', 317.341, -2043.24, 20.9364, 141, 0, 0, 0, 0, 0, 0, 0, 0, 0, '', 0, 0, 70000, 5),
(616, 1, 1000, 1, '[]', 313.732, -2040.4, 20.9364, 51, 0, 0, 0, 0, 0, 0, 0, 0, 0, '', 0, 0, 70000, 5),
(617, 1, 0, 1, '[]', 298.04, -2034.41, 19.8357, 293, 0, 0, 0, 0, 0, 0, 0, 0, 535, 'Pako Alvarez', 1, 0, 50000, 5),
(618, 1, 1000, 0, '[]', 431.166, -1725.57, 29.6014, 118, 0, 0, 0, 0, 0, 0, 0, 0, 0, '', 0, 0, 70000, 5),
(619, 2, 0, 0, '[]', -1.86447, -1442.46, 30.9631, 13, 0, 0, 0, 0, 0, 0, 0, 0, 447, 'Roman Marshall', 0, 0, 90000, 5),
(620, 3, 10000, 0, '[]', -1753.11, -724.019, 10.418, 149, 0, 0, 0, 0, 0, 0, 0, 0, 0, '', 0, 0, 300000, 5),
(621, 4, 1000, 0, '[]', -1813.98, -664.099, 10.7835, 149, 0, 0, 0, 0, 0, 0, 0, 0, 0, '', 0, 0, 750000, 3),
(622, 3, 1000, 0, '[]', -1833.99, -641.843, 11.4781, 43, 0, 0, 0, 0, 0, 0, 0, 0, 0, '', 0, 0, 400000, 4),
(623, 3, 1000, 0, '[]', -1918.96, -555.392, 11.7609, 136, 0, 0, 0, 0, 0, 0, 0, 0, 0, '', 0, 0, 450000, 4),
(624, 4, 1000, 0, '[]', -1958.34, -538.672, 11.8994, 312, 0, 0, 0, 0, 0, 0, 0, 0, 0, '', 0, 0, 720000, 3),
(625, 4, 1000, 0, '[]', -1977.18, -525.945, 12.0137, 160, 0, 0, 0, 0, 0, 0, 0, 0, 0, '', 0, 0, 770000, 3),
(626, 9, 1000, 0, '[]', -2588.11, 1910.99, 167.499, 352, 0, 0, 0, 0, 0, 0, 0, 0, 0, '', 0, 0, 15000000, 1),
(627, 8, 1000, 0, '[]', -2797.74, 1431.61, 100.928, 320, 0, 0, 0, 0, 0, 0, 0, 0, 0, '', 0, 0, 3500000, 2),
(628, 3, 1000, 0, '[]', -3036.65, 544.995, 7.50768, 108, 0, 0, 0, 0, 0, 0, 0, 0, 0, '', 0, 0, 400000, 3),
(629, 3, 1000, 0, '[]', -3205.49, 1152.19, 9.66227, 234, 0, 0, 0, 0, 0, 0, 0, 0, 0, '', 0, 0, 250000, 3),
(630, 1, 1000, 0, '[]', -480.903, 6266.05, 13.6347, 66, 0, 0, 0, 0, 0, 0, 0, 0, 0, '', 0, 0, 40000, 5),
(631, 1, 1000, 0, '[]', -453.488, 6337.17, 12.8952, 223, 0, 0, 0, 0, 0, 0, 0, 0, 0, '', 0, 0, 40000, 5),
(632, 2, 1000, 0, '[]', -332.778, 6302.53, 33.0882, 46, 0, 0, 0, 0, 0, 0, 0, 0, 0, '', 0, 0, 220000, 3),
(633, 1, 0, 0, '[]', 1.58806, 6612.95, 32.0796, 117, 0, 0, 0, 0, 0, 0, 0, 0, 1272, 'Joshua Dipaggio', 0, 0, 60000, 5),
(634, 1, 1000, 0, '[]', 1425.41, 3670.07, 34.8293, 198, 0, 0, 0, 0, 0, 0, 0, 0, 0, '', 0, 0, 30000, 6),
(635, 1, 1000, 0, '[]', 1390.14, 3661.68, 34.9249, 29, 0, 0, 0, 0, 0, 0, 0, 0, 0, '', 0, 0, 27000, 6),
(636, 1, 1000, 0, '[]', -215.71, -1576.36, 34.8693, 320, 0, 0, 0, 0, 0, 0, 0, 0, 0, '', 0, 0, 70000, 5),
(637, 1, 1000, 0, '[]', -205.7, -1585.41, 34.8693, 253, 0, 0, 0, 0, 0, 0, 0, 0, 0, '', 0, 0, 70000, 5),
(638, 1, 1000, 0, '[]', -205.651, -1585.64, 38.0546, 256, 0, 0, 0, 0, 0, 0, 0, 0, 0, '', 0, 0, 70000, 5),
(639, 1, 1000, 0, '[]', -219.339, -1579.9, 38.0545, 60, 0, 0, 0, 0, 0, 0, 0, 0, 0, '', 0, 0, 70000, 5),
(640, 1, 1000, 0, '[]', -223.153, -1585.84, 38.0545, 92, 0, 0, 0, 0, 0, 0, 0, 0, 0, '', 0, 0, 70000, 5),
(641, 1, 1000, 0, '[]', -223.134, -1601.15, 38.0545, 89, 0, 0, 0, 0, 0, 0, 0, 0, 0, '', 0, 0, 70000, 5),
(642, 1, 1000, 0, '[]', -223.071, -1617.55, 38.0566, 91, 0, 0, 0, 0, 0, 0, 0, 0, 0, '', 0, 0, 70000, 5),
(643, 1, 1000, 0, '[]', -212.962, -1618.13, 38.0545, 183, 0, 0, 0, 0, 0, 0, 0, 0, 0, '', 0, 0, 70000, 5),
(644, 1, 1000, 0, '[]', -212.074, -1617.53, 38.0545, 257, 0, 0, 0, 0, 0, 0, 0, 0, 0, '', 0, 0, 70000, 5),
(645, 1, 1000, 0, '[]', -210.029, -1607.08, 38.0493, 256, 0, 0, 0, 0, 0, 0, 0, 0, 0, '', 0, 0, 70000, 5),
(646, 1, 1000, 0, '[]', -208.72, -1600.54, 38.0493, 256, 0, 0, 0, 0, 0, 0, 0, 0, 0, '', 0, 0, 70000, 5),
(647, 1, 0, 0, '[]', 1501.53, 3695.06, 35.2135, 288, 0, 0, 0, 0, 0, 0, 0, 0, 1193, 'Danie Garcia', 0, 0, 20000, 5),
(648, 1, 1000, 0, '[]', 1480.4, 3678.86, 34.2823, 23, 0, 0, 0, 0, 0, 0, 0, 0, 0, '', 0, 0, 25000, 5),
(649, 1, 0, 0, '[]', 348.127, 2565.79, 43.5195, 305, 0, 0, 0, 0, 0, 0, 0, 0, 1585, 'Veniamin Roxrite', 0, 0, 22000, 5),
(650, 1, 1000, 0, '[]', 367.094, 2571.55, 44.5293, 299, 0, 0, 0, 0, 0, 0, 0, 0, 0, '', 0, 0, 23000, 5),
(651, 2, 1000, 0, '[]', 471.178, 2607.49, 44.4772, 190, 0, 0, 0, 0, 0, 0, 0, 0, 0, '', 0, 0, 60000, 5),
(652, 1, 0, 0, '[]', 506.556, 2610.16, 43.9824, 186, 0, 0, 0, 0, 0, 0, 0, 0, 122, 'Armen Dadjidayan', 0, 0, 40000, 5),
(653, 1, 0, 0, '[]', 564.401, 2598.83, 43.867, 287, 0, 0, 0, 0, 0, 0, 0, 0, 1258, 'William Clark', 0, 0, 26000, 5),
(654, 1, 1000, 0, '[]', 382.737, 2576.53, 44.4858, 287, 0, 0, 0, 0, 0, 0, 0, 0, 0, '', 0, 0, 23000, 5),
(655, 1, 0, 0, '[]', 404.438, 2584.55, 43.5195, 286, 0, 0, 0, 0, 0, 0, 0, 0, 1171, 'Andreas Fox', 0, 0, 21000, 5),
(656, 1, 1000, 0, '[]', -83.6485, -1623.03, 31.4768, 229, 0, 0, 0, 0, 0, 0, 0, 0, 0, '', 0, 0, 70000, 5),
(657, 1, 1000, 0, '[]', -89.5073, -1630.07, 31.5062, 227, 0, 0, 0, 0, 0, 0, 0, 0, 0, '', 0, 0, 70000, 5),
(658, 1, 1000, 0, '[]', -97.1541, -1639.13, 32.1033, 227, 0, 0, 0, 0, 0, 0, 0, 0, 0, '', 0, 0, 70000, 5),
(659, 1, 1000, 0, '[]', -105.633, -1632.63, 32.9064, 141, 0, 0, 0, 0, 0, 0, 0, 0, 0, '', 0, 0, 70000, 5),
(660, 1, 1000, 0, '[]', -109.648, -1628.52, 32.9077, 49, 0, 0, 0, 0, 0, 0, 0, 0, 0, '', 0, 0, 70000, 5),
(661, 1, 1000, 0, '[]', -97.7759, -1612.29, 32.312, 50, 0, 0, 0, 0, 0, 0, 0, 0, 0, '', 0, 0, 70000, 5),
(662, 1, 1000, 0, '[]', -93.5215, -1607.16, 32.3123, 49, 0, 0, 0, 0, 0, 0, 0, 0, 0, '', 0, 0, 70000, 5),
(663, 1, 1000, 0, '[]', -87.8398, -1601.47, 32.3113, 318, 0, 0, 0, 0, 0, 0, 0, 0, 0, '', 0, 0, 70000, 5),
(664, 1, 1000, 0, '[]', -80.181, -1607.92, 31.4812, 325, 0, 0, 0, 0, 0, 0, 0, 0, 0, '', 0, 0, 70000, 5),
(665, 1, 1000, 0, '[]', -83.5998, -1623.1, 34.6891, 234, 0, 0, 0, 0, 0, 0, 0, 0, 0, '', 0, 0, 70000, 5),
(666, 1, 1000, 0, '[]', -89.5033, -1630.09, 34.6891, 229, 0, 0, 0, 0, 0, 0, 0, 0, 0, '', 0, 0, 70000, 5),
(667, 1, 1000, 0, '[]', -97.0637, -1639.13, 35.489, 231, 0, 0, 0, 0, 0, 0, 0, 0, 0, '', 0, 0, 70000, 5),
(668, 1, 1000, 0, '[]', -98.1142, -1638.91, 35.4842, 136, 0, 0, 0, 0, 0, 0, 0, 0, 0, '', 0, 0, 70000, 5),
(669, 1, 1000, 0, '[]', -105.512, -1632.64, 36.2891, 139, 0, 0, 0, 0, 0, 0, 0, 0, 0, '', 0, 0, 70000, 5),
(670, 1, 1000, 0, '[]', -109.55, -1628.45, 36.289, 52, 0, 0, 0, 0, 0, 0, 0, 0, 0, '', 0, 0, 70000, 5),
(671, 1, 1000, 0, '[]', -97.8135, -1612.34, 35.4892, 52, 0, 0, 0, 0, 0, 0, 0, 0, 0, '', 0, 0, 70000, 5),
(672, 1, 1000, 0, '[]', -93.5627, -1607.16, 35.4892, 56, 0, 0, 0, 0, 0, 0, 0, 0, 0, '', 0, 0, 70000, 5),
(673, 1, 1000, 0, '[]', -87.8504, -1601.37, 35.4892, 320, 0, 0, 0, 0, 0, 0, 0, 0, 0, '', 0, 0, 70000, 5),
(674, 1, 1000, 0, '[]', -80.244, -1607.85, 34.6892, 320, 0, 0, 0, 0, 0, 0, 0, 0, 0, '', 0, 0, 70000, 5),
(675, 2, 1000, 0, '[]', 3725.35, 4525.68, 22.4705, 350, 0, 0, 0, 0, 0, 0, 0, 0, 0, '', 0, 0, 120000, 5),
(676, 2, 4000, 0, '[]', 3688.02, 4562.87, 25.1831, 88, 0, 0, 0, 0, 0, 0, 0, 0, 0, '', 1, 0, 140000, 5),
(677, 2, 0, 0, '[]', 711.22, 4185.35, 41.0827, 270, 0, 0, 0, 0, 0, 0, 0, 0, 123, 'Haims Smit', 0, 0, 110000, 5),
(678, 2, 0, 0, '[]', 741.756, 4170.86, 41.0879, 340, 0, 0, 0, 0, 0, 0, 0, 0, 41, 'Urban Green', 1, 0, 80000, 5),
(679, 2, 1000, 0, '[]', 790.033, 4183.98, 41.5635, 86, 0, 0, 0, 0, 0, 0, 0, 0, 0, '', 0, 0, 70000, 5),
(680, 2, 0, 0, '[]', 729.121, 2312.85, 51.755, 357, 0, 0, 0, 0, 0, 0, 0, 0, 138, 'Thomas Walter', 0, 0, 68000, 5),
(681, 2, 0, 0, '[]', -35.5378, 2871.65, 59.6102, 335, 0, 0, 0, 0, 0, 0, 0, 0, 889, 'Sandro Qartveli', 0, 0, 85000, 5),
(682, 2, 1000, 0, '[]', -287.638, 2535.65, 75.6922, 85, 0, 0, 0, 0, 0, 0, 0, 0, 0, '', 0, 0, 120000, 5),
(683, 2, 1000, 0, '[]', -264.065, 2196.55, 130.399, 61, 0, 0, 0, 0, 0, 0, 0, 0, 0, '', 0, 0, 130000, 5),
(684, 2, 0, 0, '[]', 1966.99, 4634.13, 41.1016, 216, 0, 0, 0, 0, 0, 0, 0, 0, 1222, 'Tony Aligeri', 0, 0, 75000, 5);

-- --------------------------------------------------------

--
-- Table structure for table `interiors`
--

CREATE TABLE `interiors` (
  `id` int(11) NOT NULL,
  `x` float NOT NULL,
  `y` float NOT NULL,
  `z` float NOT NULL,
  `h` float NOT NULL,
  `spawnX` float NOT NULL,
  `spawnY` float NOT NULL,
  `spawnZ` float NOT NULL,
  `spawnH` float NOT NULL,
  `garageX` float NOT NULL,
  `garageY` float NOT NULL,
  `garageZ` float NOT NULL,
  `garageH` float NOT NULL,
  `rooms` int(11) NOT NULL,
  `square` int(11) NOT NULL
) ENGINE=InnoDB DEFAULT CHARSET=utf8;

--
-- Dumping data for table `interiors`
--

INSERT INTO `interiors` (`id`, `x`, `y`, `z`, `h`, `spawnX`, `spawnY`, `spawnZ`, `spawnH`, `garageX`, `garageY`, `garageZ`, `garageH`, `rooms`, `square`) VALUES
(1, 151.325, -1007.76, -99, 0.584632, 151.325, -1007.76, -99, 0.584632, 264.823, -996.02, -99.0086, 173.509, 1, 45),
(2, 266.132, -1007.52, -101.009, 358.641, 266.132, -1007.52, -101.009, 358.641, 152, -1003, -99, 0, 2, 132),
(3, -14.0505, -1440.04, 31.101, 4.94601, -14.0505, -1440.04, 31.101, 4.94601, -14.4074, -1427.78, 31.1015, 179.046, 4, 195),
(4, 346.39, -1002.62, -99.198, 4.94601, 346.39, -1002.62, -99.198, 4.94601, 0, 0, 0, 0, 2, 221),
(5, -781.751, 318.156, 217.639, 8.08144, -781.751, 318.156, 217.639, 8.08144, 0, 0, 0, 0, 3, 540),
(6, -24.2128, -597.39, 80.0312, 248.191, -24.205, -597.411, 80.0312, 248.191, 0, 0, 0, 0, 3, 525),
(7, 373.788, 423.928, 145.906, 172.55, 373.788, 423.928, 145.906, 172.55, 0, 0, 0, 0, 3, 623),
(8, -174.439, 497.798, 137.654, 196.386, -174.439, 497.798, 137.654, 196.386, 0, 0, 0, 0, 0, 0),
(9, -815.681, 178.414, 72.1531, 292.212, -815.681, 178.414, 72.1531, 292.212, 0, 0, 0, 0, 5, 912),
(10, -815.67, 178.72, 72.25, 289.33, -807.02, 171.42, 76.75, 108.29, 0, 0, 0, 0, 0, 0),
(11, -815.67, 178.72, 72.25, 289.33, -807.02, 171.42, 76.75, 108.29, 0, 0, 0, 0, 0, 0),
(12, -815.67, 178.72, 72.25, 289.33, -807.02, 171.42, 76.75, 108.29, 0, 0, 0, 0, 0, 0),
(13, -815.67, 178.72, 72.25, 289.33, -807.02, 171.42, 76.75, 108.29, 0, 0, 0, 0, 0, 0);

-- --------------------------------------------------------

--
-- Table structure for table `inventory_items`
--

CREATE TABLE `inventory_items` (
  `id` int(11) NOT NULL,
  `name` varchar(128) NOT NULL,
  `description` text NOT NULL,
  `height` int(11) NOT NULL DEFAULT 1,
  `width` int(11) NOT NULL DEFAULT 1,
  `weight` float NOT NULL DEFAULT 1,
  `model` varchar(128) NOT NULL DEFAULT 'hei_prop_heist_deposit_box',
  `deltaZ` float NOT NULL DEFAULT 0,
  `rX` float NOT NULL DEFAULT 0,
  `rY` float NOT NULL DEFAULT 0
) ENGINE=InnoDB DEFAULT CHARSET=utf8;

--
-- Dumping data for table `inventory_items`
--

INSERT INTO `inventory_items` (`id`, `name`, `description`, `height`, `width`, `weight`, `model`, `deltaZ`, `rX`, `rY`) VALUES
(1, 'Glasses', 'These glasses will help you protect yourself from exposure to sunlight on your eyes.', 1, 2, 0.1, 'prop_cs_sol_glasses', 0.04, 0, 0),
(2, 'Accessory', 'An item with which you can highlight your beauty and prosperity.', 1, 1, 0.15, 'p_jewel_necklace_02', 0.01, -18, 0),
(3, 'Body armor', 'The best bullet defense is attack!', 4, 4, 9, 'prop_armour_pickup', 0.1, -90, 0),
(4, 'Cash', 'Cash - not all the same money to keep on the card!', 1, 2, 0.01, 'prop_anim_cash_pile_01', 0.01, 0, 0),
(5, 'Card', 'Bank card - do not forget your pin code!', 1, 1, 0.01, 'prop_cs_credit_card', 0.04, 0, 0),
(6, 'Headgear', 'Saves from a sunstroke.', 2, 2, 0.5, 'prop_proxy_hat_01', 0.07, 0, 0),
(7, 'Outerwear', 'A product or a set of products worn by a person.', 3, 2, 0.8, 'prop_ld_tshirt_02', 0.05, 0, 0),
(8, 'Pants', 'An item of outer wear covering the lower part of the torso and both legs.', 3, 2, 0.5, 'prop_ld_jeans_01', 0, 0, 0),
(9, 'Shoes', 'We do not advise you to walk around the city without shoes.', 1, 2, 0.95, 'prop_ld_shoe_01', 0.05, 0, 0),
(10, 'Earrings', 'Earrings are the main accessories of female beauty.', 1, 1, 0.05, 'p_tmom_earrings_s', 0.05, 0, 0),
(11, 'Watch', 'Ordinary wristwatches that are sold in any store.', 1, 1, 0.345, 'p_watch_01', 0, 0, 0),
(12, 'Bracelet', 'Put this item on your hand and you will look irresistible.', 1, 1, 0.1, 'p_watch_02', 0.01, 180, 0),
(13, 'Bag', 'Bag with a handle for storing and transferring in it anything you want.', 4, 4, 0.45, 'prop_cs_heist_bag_02', 0.2, 0, 0),
(14, 'Mask', 'Good decoration for macarad.', 2, 2, 0.14, 'p_trev_ski_mask_s', 0.03, -30, 0),
(15, 'uPhone', 'Without a mobile phone in the 21st century as without hands.', 2, 1, 0.14, 'prop_npc_phone', 0.01, -90, 0),
(16, 'Documents', 'Identity card. A useful thing, always need to have with you.', 1, 1, 0.05, 'prop_passport_01', 0, 0, 0),
(17, 'Police baton', 'An item for self-defense of a policeman, or for subdueing bullies.', 2, 3, 1, 'w_me_nightstick', 0.02, -90, 0),
(18, 'Flashlight', 'A ray of light in the dark.', 1, 2, 1, 'p_cs_police_torch_s', 0.03, 0, 0),
(19, 'Stun Gun', 'A shocker whose strong discharge will stop anyone!', 2, 3, 0.6, 'w_pi_stungun', 0.02, 90, 0),
(20, 'Combat Pistol', 'A small compact pistol. Ideal for concealed carry.', 2, 3, 1, 'w_pi_combatpistol', 0.015, 90, 0),
(21, 'Pump Shotgun', 'Pump shotgun, very powerful and effective.', 3, 4, 3.3, 'w_sg_pumpshotgun', 0.02, 90, 0),
(22, 'Carbine Rifle', 'Rapid-fire automatic rifle.', 3, 4, 3.56, 'w_ar_carbinerifle', 0.02, 90, 0),
(23, 'Sniper Rifle', 'Sniper rifle with a powerful optical sight.', 3, 5, 6.3, 'w_sr_sniperrifle', 0.02, 90, 0),
(24, 'First aid kit', 'First aid kit.', 2, 2, 1, 'prop_ld_health_pack', 0.094, 0, 0),
(25, 'Plaster', 'If you cut yourself, you will definitely need it!', 1, 2, 0.1, 'prop_stat_pack_01', 0.094, 0, 0),
(26, 'Syringe', 'A syringe with a sticky needle. Do not get shot!', 1, 2, 0.05, 'prop_syringe_01', 0.01, 90, 0),
(27, 'Radio', 'For long-distance conversations, the very best!', 2, 1, 0.9, 'prop_cs_hand_radio', 0.03, -90, 0),
(28, 'Handcuffs', 'Metal handcuffs. It is almost impossible to get out of them!', 1, 2, 0.345, 'p_cs_cuffs_02_s', 0, 0, 0),
(29, 'Identity PD', 'Police department officers ID.', 1, 1, 0.1, 'prop_casey_sec_id', 0.03, 0, 0),
(30, 'eCola', 'Refreshing drink! It will quench your thirst and you feel like a human being.', 2, 1, 1, 'prop_ecola_can', 0.07, 0, 0),
(31, 'EgoChaser', 'A little delicious chocolate bar.', 1, 1, 0.3, 'prop_choc_ego', 0.01, 0, 0),
(32, 'Meteorite', 'A big delicious chocolate bar. It is nutritious!', 1, 1, 0.5, 'prop_choc_meto', 0.015, 0, 0),
(33, 'Ps And Qs', 'Packing with caramel candies. Very tasty!', 1, 1, 0.2, 'prop_candy_pqs', 0.015, 0, 0),
(34, 'Redwood package', 'A pack of cigarettes. But remember - it is harmful to buy!', 1, 1, 0.05, 'prop_fag_packet_01', 0.05, 267, 0),
(35, 'Pisswasser', 'A low-alcohol drink is somewhat like a beer.', 2, 1, 1, 'prop_amb_beer_bottle', 0.16, 0, 0),
(36, 'Canister', 'A gas canister. It will help if you are left in the middle of the road without fuel.', 4, 4, 2, 'prop_ld_jerrycan_01', 0.47, 0, 0),
(37, 'Ammo 9mm', '9 mm cartridges, suitable for pistols.', 1, 2, 1, 'prop_ld_ammo_pack_01', 0.05, 0, 0),
(38, 'Ammo 12mm', '12 mm cartridges used in shotguns.', 1, 2, 1.5, 'prop_ld_ammo_pack_02', 0.05, 0, 0),
(39, 'Ammo 7.62mm', '7.62 caliber cartridges. Used in a sniper rifle.', 1, 2, 2, 'prop_box_ammo07b', 0.01, 0, 0),
(40, 'Ammo 5.56mm', '5.56 caliber cartridges. Made especially for assault rifles!', 1, 2, 1.2, 'prop_ld_ammo_pack_03', 0.05, 0, 0),
(41, 'Baseball bat', 'Sports equipment for baseball. It is not worth hitting people.', 2, 4, 1.2, 'w_me_bat', 0.04, -90, 0),
(42, 'Knuckles', 'Cold weapons. Metallic and therefore cold.', 1, 1, 0.9, 'hei_prop_heist_deposit_box', 0, 0, 0),
(43, 'Knife', 'A big, strong knife. It shows that it is not made for cutting vegetables.', 1, 3, 0.7, 'w_me_knife_01', 0.01, 90, 0),
(44, 'Pistol', 'A 9 mm pistol. Good and reliable, comfortably in the hand.', 2, 2, 1.1, 'w_pi_pistol', 0.011, 90, 0),
(45, 'AP Pistol', 'Powerful and rapid-fire pistol.', 2, 2, 1.4, 'w_pi_appistol', 0.013, 90, 0),
(46, 'Heavy Revolver', 'Heavy and powerful revolver. He got a lot of recoil!', 2, 2, 1.7, 'w_pi_pistol50', 0.015, 90, 0),
(47, 'Micro SMG', 'A small one-handed machine gun. Very rapid-fire.', 2, 3, 2.75, 'w_sb_microsmg', 0.02, 90, 0),
(48, 'SMG', 'A two-handed machine gun.', 2, 3, 2.77, 'w_sb_smg', 0.02, 90, 0),
(49, 'Sawed-Off Shotgun', 'Shortened pump shotgun.', 3, 4, 2.1, 'w_sg_sawnoff', 0.02, 90, 0),
(50, 'Assault Rifle', 'Powerful, rapid-fire automatic rifle.', 3, 4, 4, 'w_ar_assaultrifle', 0.01, -90, 0),
(51, 'Bullpup Rifle', 'Automatic rifle design bullpen.', 3, 4, 2.9, 'w_ar_bullpuprifle', 0.015, 90, 0),
(52, 'Compact Rifle', 'Compact automatic rifle. Very easy to carry.', 2, 3, 2.5, 'w_ar_assaultrifle', 0.02, 0, 0),
(53, 'MG', 'Heavy hand machine gun. Very heavy and very powerful!', 4, 5, 8.8, 'w_mg_mg', 0.02, -90, 0),
(54, 'Car keys', 'The keys to the vehicle with a beautiful keychain.', 1, 1, 0.1, 'p_car_keys_01', 0.005, 0, 0),
(55, 'Marijuana', 'Drug grass. It iss a light drug.', 1, 1, 0.03, 'prop_weed_bottle', 0.065, 0, 0),
(56, 'MDMA', 'Psychotropic drug connection. Popular among young people.', 1, 1, 0.03, 'hei_prop_pill_bag_01', 0.05, 90, 0),
(57, 'Cocaine', 'Strong narcotic powder.', 1, 1, 0.03, 'hei_prop_hei_drug_pack_01a', 0.046, 0, 0),
(58, 'Methamphetamine', 'A strong, dangerous drug in the form of crystals.', 1, 1, 0.03, 'prop_meth_bag_01', 0.01, 90, 0),
(59, 'Property keys', 'Keys to the door of a house or apartment.', 1, 1, 0.1, 'prop_cuff_keys_01', 0.015, 0, 0),
(60, 'Identity Army', 'Soldiers ID.', 1, 1, 0.05, 'prop_ld_wallet_02', 0.02, 84, 0),
(61, 'Identity FIB', 'Federal Investigation Bureau ID.', 1, 1, 0.05, 'prop_fib_badge', 0.01, -70, 0),
(62, 'Cigarette', 'A cigarette from a pack of Redwood.', 1, 2, 0.01, 'ng_proc_cigarette01a', 0, 0, 0),
(63, 'Identity Hospital', 'Los Santos Medical Center Employee ID.', 1, 1, 0.05, 'prop_ld_wallet_02', 0.02, 84, 0);

-- --------------------------------------------------------

--
-- Table structure for table `inventory_players`
--

CREATE TABLE `inventory_players` (
  `id` int(11) NOT NULL,
  `playerId` int(11) NOT NULL,
  `itemId` int(11) NOT NULL,
  `index` int(11) NOT NULL,
  `parentId` int(11) NOT NULL DEFAULT -1,
  `params` text NOT NULL
) ENGINE=InnoDB DEFAULT CHARSET=utf8 ROW_FORMAT=COMPACT;

--
-- Dumping data for table `inventory_players`
--

INSERT INTO `inventory_players` (`id`, `playerId`, `itemId`, `index`, `parentId`, `params`) VALUES
(5, 4, 8, 7, -1, '{\"owner\":4,\"sex\":1,\"variation\":1,\"texture\":1,\"rows\":3,\"cols\":5}'),
(6, 4, 9, 8, -1, '{\"owner\":4,\"sex\":1,\"variation\":1,\"texture\":2}'),
(7, 4, 7, 6, -1, '{\"owner\":4,\"sex\":1,\"variation\":1,\"texture\":1,\"torso\":0,\"rows\":4,\"cols\":4}'),
(8, 4, 16, 0, 7, '{\"owner\":4,\"licenses\":[],\"weapon\":[0,0,0,0,0,0,0],\"work\":[]}'),
(10, 1, 8, 7, -1, '{\"owner\":1,\"sex\":1,\"variation\":1,\"texture\":1,\"rows\":3,\"cols\":5}'),
(11, 1, 9, 8, -1, '{\"owner\":1,\"sex\":1,\"variation\":1,\"texture\":2}'),
(12, 1, 7, 6, -1, '{\"owner\":1,\"sex\":1,\"variation\":1,\"texture\":1,\"torso\":0,\"rows\":4,\"cols\":4}'),
(13, 1, 16, 0, 12, '{\"owner\":1,\"licenses\":[],\"weapon\":[0,0,0,0,0,0,0],\"work\":[]}'),
(14, 2, 8, 7, -1, '{\"owner\":2,\"sex\":1,\"variation\":1,\"texture\":1,\"rows\":3,\"cols\":5}'),
(15, 2, 9, 8, -1, '{\"owner\":2,\"sex\":1,\"variation\":1,\"texture\":2}'),
(16, 2, 7, 6, -1, '{\"owner\":2,\"sex\":1,\"variation\":1,\"texture\":1,\"torso\":0,\"rows\":4,\"cols\":4}'),
(17, 2, 16, 0, 16, '{\"owner\":2,\"licenses\":[1,2,3,4,5,6,7,8,9,10,11,12,13,14,15,16,17],\"weapon\":[0,0,0,0,0,0,0],\"work\":[]}'),
(23, 2, 54, 1, 16, '{\"owner\":2,\"car\":1551,\"model\":\"revolter\"}'),
(28, 1, 4, 3, -1, '{\"count\":99850009}'),
(30, 1, 54, 1, 12, '{\"owner\":1,\"car\":1552,\"model\":\"i8\"}'),
(32, 3, 8, 7, -1, '{\"owner\":3,\"sex\":1,\"variation\":1,\"texture\":1,\"rows\":3,\"cols\":5}'),
(33, 3, 9, 8, -1, '{\"owner\":3,\"sex\":1,\"variation\":1,\"texture\":2}'),
(34, 3, 7, 6, -1, '{\"owner\":3,\"sex\":1,\"variation\":1,\"texture\":1,\"torso\":0,\"rows\":4,\"cols\":4}'),
(35, 3, 16, 0, 34, '{\"owner\":3,\"licenses\":[],\"weapon\":[0,0,0,0,0,0,0],\"work\":[]}'),
(37, 2, 49, 6, 45, '{\"weaponHash\":2017895192,\"owner\":2,\"ammo\":0}'),
(45, 2, 13, 12, -1, '{\"sex\":1,\"variation\":45,\"texture\":0,\"rows\":5,\"cols\":10}'),
(46, 2, 36, 0, 45, '{\"count\":0,\"maxCount\":20}'),
(47, 2, 15, 14, 45, '{\"owner\":2}'),
(55, 2, 4, 3, -1, '{\"count\":184175}');

-- --------------------------------------------------------

--
-- Table structure for table `inventory_vehicles`
--

CREATE TABLE `inventory_vehicles` (
  `id` int(11) NOT NULL,
  `vehicleId` int(11) NOT NULL,
  `itemId` int(11) NOT NULL,
  `index` int(11) NOT NULL,
  `parentId` int(11) NOT NULL DEFAULT -1,
  `params` text NOT NULL
) ENGINE=InnoDB DEFAULT CHARSET=latin1;

-- --------------------------------------------------------

--
-- Table structure for table `ipls`
--

CREATE TABLE `ipls` (
  `id` int(11) NOT NULL,
  `name` varchar(128) CHARACTER SET utf8 NOT NULL,
  `request` int(11) NOT NULL
) ENGINE=InnoDB DEFAULT CHARSET=latin1;

--
-- Dumping data for table `ipls`
--

INSERT INTO `ipls` (`id`, `name`, `request`) VALUES
(1, 'apa_v_mp_h_01_a', 1),
(2, 'apa_v_mp_h_02_a', 1),
(3, 'ex_dt1_02_office_01a', 1),
(4, 'ex_dt1_11_office_02a', 1),
(5, 'ex_sm_13_office_02a', 1),
(6, 'ex_sm_15_office_02a', 1),
(7, 'bkr_bi_hw1_13_int', 1),
(8, 'hei_bi_hw1_13_door', 0);

-- --------------------------------------------------------

--
-- Table structure for table `ip_ban`
--

CREATE TABLE `ip_ban` (
  `id` int(64) NOT NULL,
  `ip` varchar(50) NOT NULL
) ENGINE=InnoDB DEFAULT CHARSET=utf8;

-- --------------------------------------------------------

--
-- Table structure for table `jobs`
--

CREATE TABLE `jobs` (
  `id` int(11) NOT NULL,
  `name` varchar(30) NOT NULL,
  `level` int(11) NOT NULL DEFAULT 1
) ENGINE=InnoDB DEFAULT CHARSET=utf8;

--
-- Dumping data for table `jobs`
--

INSERT INTO `jobs` (`id`, `name`, `level`) VALUES
(1, 'Taxi driver', 1),
(2, 'Bus driver', 1),
(3, 'Mechanical', 1),
(4, 'Pizza deliveryman', 1),
(5, 'Truck driver', 1),
(6, 'Food dealer', 1),
(7, 'Maintenance Worker', 1),
(8, 'Port worker', 1),
(9, 'Garbage truck driver', 1),
(10, 'Postman', 1);

-- --------------------------------------------------------

--
-- Table structure for table `jobs_skills`
--

CREATE TABLE `jobs_skills` (
  `id` int(11) NOT NULL,
  `playerId` int(11) NOT NULL,
  `jobId` int(11) NOT NULL,
  `exp` int(11) NOT NULL DEFAULT 0
) ENGINE=InnoDB DEFAULT CHARSET=latin1;

--
-- Dumping data for table `jobs_skills`
--

INSERT INTO `jobs_skills` (`id`, `playerId`, `jobId`, `exp`) VALUES
(1, 10, 4, 6),
(2, 8, 8, 5),
(3, 10, 7, 5),
(4, 24, 8, 2),
(5, 12, 4, 62),
(6, 15, 8, 334),
(7, 20, 8, 49),
(8, 17, 8, 63),
(9, 11, 8, 38),
(10, 13, 8, 10),
(11, 20, 7, 9),
(12, 17, 4, 32),
(13, 29, 4, 5),
(14, 22, 7, 13),
(15, 22, 4, 21),
(16, 13, 4, 28),
(17, 37, 4, 8),
(18, 31, 4, 1),
(19, 43, 7, 257),
(20, 76, 4, 6),
(21, 52, 8, 78),
(22, 50, 4, 36),
(23, 64, 4, 7),
(24, 102, 8, 15),
(25, 152, 7, 4),
(26, 91, 7, 3),
(27, 88, 4, 14),
(28, 113, 4, 59),
(29, 89, 4, 38),
(30, 58, 4, 4),
(31, 84, 7, 86),
(32, 116, 4, 3),
(33, 67, 4, 42),
(34, 122, 4, 17),
(35, 151, 4, 1),
(36, 136, 7, 50),
(37, 161, 4, 21),
(38, 248, 8, 8),
(39, 104, 4, 16),
(40, 172, 4, 32),
(41, 181, 4, 9),
(42, 239, 4, 2),
(43, 240, 4, 27),
(44, 115, 8, 37),
(45, 184, 4, 60),
(46, 148, 4, 4),
(47, 196, 4, 6),
(48, 220, 4, 25),
(49, 242, 4, 3),
(50, 95, 7, 52),
(51, 261, 4, 5),
(52, 269, 4, 10),
(53, 275, 4, 118),
(54, 45, 7, 27),
(55, 303, 7, 2),
(56, 206, 7, 4),
(57, 111, 7, 77),
(58, 278, 4, 14),
(59, 279, 7, 10),
(60, 168, 4, 27),
(61, 127, 8, 60),
(62, 372, 4, 159),
(63, 319, 7, 192),
(64, 82, 7, 41),
(65, 163, 4, 3),
(66, 332, 7, 47),
(67, 203, 7, 5),
(68, 286, 7, 37),
(69, 183, 4, 7),
(70, 298, 4, 11),
(71, 120, 4, 7),
(72, 107, 4, 5),
(73, 129, 4, 8),
(74, 271, 4, 14),
(75, 305, 4, 8),
(76, 205, 4, 10),
(77, 236, 7, 5),
(78, 133, 4, 26),
(79, 301, 4, 53),
(80, 218, 7, 2),
(81, 91, 4, 3),
(82, 257, 7, 4),
(83, 249, 7, 1),
(84, 292, 4, 2),
(85, 264, 7, 10),
(86, 194, 4, 8),
(87, 143, 4, 14),
(88, 146, 4, 4),
(89, 311, 4, 3),
(90, 105, 4, 3),
(91, 299, 4, 28),
(92, 116, 7, 50),
(93, 202, 4, 2),
(94, 117, 4, 37),
(95, 394, 7, 4),
(96, 260, 8, 9),
(97, 90, 8, 80),
(98, 373, 4, 55),
(99, 294, 7, 12),
(100, 213, 8, 9),
(101, 331, 4, 5),
(102, 363, 7, 47),
(103, 159, 8, 70),
(104, 322, 8, 75),
(105, 302, 4, 41),
(106, 372, 7, 50),
(107, 262, 8, 50),
(108, 316, 4, 4),
(109, 389, 4, 32),
(110, 111, 4, 2),
(111, 156, 4, 36),
(112, 402, 7, 1),
(113, 419, 8, 1),
(114, 124, 4, 6),
(115, 411, 7, 127),
(116, 431, 7, 127),
(117, 216, 4, 5),
(118, 360, 7, 149),
(119, 152, 4, 18),
(120, 348, 8, 72),
(121, 425, 8, 75),
(122, 198, 4, 40),
(123, 339, 4, 12),
(124, 408, 4, 11),
(125, 321, 4, 4),
(126, 361, 7, 81),
(127, 385, 7, 1),
(128, 325, 8, 50),
(129, 344, 4, 18),
(130, 400, 4, 1),
(131, 210, 4, 1),
(132, 268, 4, 23),
(133, 347, 4, 32),
(134, 248, 4, 14),
(135, 429, 4, 6),
(136, 452, 8, 23),
(137, 306, 4, 15),
(138, 251, 7, 50),
(139, 386, 8, 50),
(140, 392, 4, 44),
(141, 266, 4, 22),
(142, 442, 7, 18),
(143, 155, 4, 76),
(144, 402, 4, 3),
(145, 463, 4, 29),
(146, 264, 4, 28),
(147, 76, 7, 51),
(148, 191, 4, 18),
(149, 358, 4, 9),
(150, 449, 4, 60),
(151, 230, 4, 19),
(152, 236, 8, 2),
(153, 403, 7, 3),
(154, 289, 7, 50),
(155, 343, 4, 27),
(156, 446, 7, 50),
(157, 317, 4, 27),
(158, 476, 7, 126),
(159, 252, 4, 18),
(160, 144, 8, 135),
(161, 278, 7, 50),
(162, 346, 7, 57),
(163, 370, 7, 6),
(164, 398, 4, 18),
(165, 276, 4, 15),
(166, 99, 4, 18),
(167, 351, 4, 8),
(168, 279, 4, 9),
(169, 296, 7, 51),
(170, 102, 4, 21),
(171, 201, 4, 3),
(172, 161, 7, 51),
(173, 259, 4, 9),
(174, 454, 4, 4),
(175, 132, 4, 1),
(176, 365, 8, 50),
(177, 404, 4, 26),
(178, 433, 4, 10),
(179, 438, 7, 9),
(180, 96, 4, 7),
(181, 451, 7, 10),
(182, 480, 7, 2),
(183, 250, 4, 20),
(184, 383, 4, 17),
(185, 430, 4, 30),
(186, 478, 4, 90),
(187, 158, 8, 34),
(188, 444, 4, 22),
(189, 475, 4, 15),
(190, 474, 7, 50),
(191, 170, 8, 18),
(192, 203, 4, 9),
(193, 232, 7, 4),
(194, 481, 7, 172),
(195, 149, 7, 4),
(196, 516, 7, 50),
(197, 506, 4, 16),
(198, 281, 4, 32),
(199, 163, 8, 42),
(200, 501, 4, 21),
(201, 434, 4, 15),
(202, 110, 4, 3),
(203, 280, 7, 52),
(204, 412, 4, 3),
(205, 499, 4, 4),
(206, 333, 4, 12),
(207, 472, 4, 1),
(208, 283, 7, 54),
(209, 418, 4, 12),
(210, 485, 4, 6),
(211, 495, 7, 4),
(212, 205, 7, 61),
(213, 402, 8, 50),
(214, 536, 4, 40),
(215, 346, 8, 50),
(216, 534, 4, 3),
(217, 459, 4, 6),
(218, 457, 7, 53),
(219, 462, 4, 3),
(220, 520, 4, 3),
(221, 314, 4, 3),
(222, 461, 7, 80),
(223, 374, 7, 266),
(224, 154, 4, 5),
(225, 540, 7, 51),
(226, 445, 4, 7),
(227, 330, 7, 11),
(228, 446, 4, 39),
(229, 503, 4, 13),
(230, 194, 7, 2),
(231, 492, 8, 25),
(232, 553, 7, 15),
(233, 88, 7, 50),
(234, 547, 7, 165),
(235, 419, 4, 24),
(236, 423, 4, 6),
(237, 564, 4, 32),
(238, 531, 4, 30),
(239, 236, 4, 10),
(240, 447, 4, 3),
(241, 498, 7, 77),
(242, 104, 7, 51),
(243, 522, 4, 36),
(244, 289, 4, 43),
(245, 551, 4, 18),
(246, 523, 7, 11),
(247, 480, 4, 8),
(248, 405, 7, 6),
(249, 512, 8, 13),
(250, 149, 4, 3),
(251, 453, 4, 5),
(252, 204, 7, 7),
(253, 439, 4, 26),
(254, 352, 7, 79),
(255, 273, 4, 2),
(256, 510, 7, 50),
(257, 565, 8, 9),
(258, 163, 7, 24),
(259, 574, 4, 6),
(260, 556, 4, 2),
(261, 562, 7, 6),
(262, 371, 7, 82),
(263, 589, 4, 48),
(264, 370, 4, 23),
(265, 541, 7, 4),
(266, 490, 4, 15),
(267, 548, 4, 15),
(268, 56, 4, 3),
(269, 304, 7, 8),
(270, 454, 7, 3),
(271, 92, 8, 50),
(272, 584, 7, 1),
(273, 569, 4, 6),
(274, 590, 4, 10),
(275, 607, 7, 164),
(276, 500, 8, 50),
(277, 600, 7, 127),
(278, 550, 7, 10),
(279, 119, 4, 122),
(280, 246, 8, 50),
(281, 414, 8, 51),
(282, 608, 7, 7),
(283, 61, 4, 1),
(284, 507, 4, 9),
(285, 614, 4, 14),
(286, 310, 4, 38),
(287, 582, 7, 51),
(288, 87, 4, 85),
(289, 340, 4, 7),
(290, 586, 4, 9),
(291, 190, 4, 12),
(292, 576, 4, 8),
(293, 621, 8, 50),
(294, 348, 7, 2),
(295, 494, 4, 2),
(296, 609, 7, 1),
(297, 361, 8, 73),
(298, 515, 4, 96),
(299, 593, 4, 33),
(300, 415, 4, 10),
(301, 581, 4, 18),
(302, 544, 7, 29),
(303, 560, 7, 5),
(304, 152, 8, 26),
(305, 587, 4, 16),
(306, 128, 4, 3),
(307, 449, 7, 61),
(308, 505, 4, 5),
(309, 212, 8, 50),
(310, 284, 4, 11),
(311, 54, 7, 37),
(312, 472, 7, 268),
(313, 632, 4, 16),
(314, 216, 7, 72),
(315, 521, 4, 6),
(316, 610, 7, 191),
(317, 546, 4, 9),
(318, 465, 4, 27),
(319, 619, 8, 50),
(320, 112, 7, 51),
(321, 303, 4, 9),
(322, 630, 4, 17),
(323, 634, 8, 18),
(324, 620, 8, 11),
(325, 603, 8, 51),
(326, 343, 7, 32),
(327, 310, 8, 4),
(328, 631, 4, 7),
(329, 403, 8, 13),
(330, 422, 4, 4),
(331, 669, 4, 6),
(332, 484, 4, 21),
(333, 526, 8, 8),
(334, 638, 4, 20),
(335, 583, 4, 3),
(336, 417, 7, 1),
(337, 665, 4, 3),
(338, 479, 4, 3),
(339, 258, 8, 36),
(340, 519, 4, 3),
(341, 499, 7, 6),
(342, 670, 8, 62),
(343, 677, 7, 16),
(344, 612, 7, 6),
(345, 410, 4, 12),
(346, 100, 8, 3),
(347, 672, 4, 3),
(348, 174, 8, 4),
(349, 618, 4, 6),
(350, 667, 4, 4),
(351, 467, 4, 3),
(352, 681, 4, 15),
(353, 656, 7, 76),
(354, 655, 8, 12),
(355, 294, 8, 50),
(356, 141, 7, 50),
(357, 320, 4, 74),
(358, 241, 7, 1),
(359, 217, 7, 58),
(360, 452, 4, 3),
(361, 95, 8, 1),
(362, 251, 8, 6),
(363, 628, 8, 65),
(364, 341, 4, 3),
(365, 701, 7, 12),
(366, 570, 7, 96),
(367, 646, 7, 36),
(368, 171, 4, 7),
(369, 426, 4, 30),
(370, 557, 4, 14),
(371, 491, 7, 6),
(372, 469, 7, 9),
(373, 553, 4, 15),
(374, 140, 8, 15),
(375, 674, 8, 43),
(376, 606, 8, 9),
(377, 34, 8, 50),
(378, 675, 4, 28),
(379, 605, 8, 50),
(380, 496, 7, 6),
(381, 417, 4, 2),
(382, 440, 7, 6),
(383, 730, 7, 128),
(384, 330, 4, 21),
(385, 415, 7, 14),
(386, 555, 7, 52),
(387, 464, 4, 3),
(388, 625, 8, 1),
(389, 716, 4, 2),
(390, 629, 8, 6),
(391, 182, 7, 48),
(392, 644, 7, 1),
(393, 533, 4, 8),
(394, 149, 8, 28),
(395, 154, 8, 6),
(396, 277, 4, 11),
(397, 421, 8, 52),
(398, 623, 7, 8),
(399, 110, 8, 50),
(400, 523, 8, 6),
(401, 554, 4, 1),
(402, 43, 4, 3),
(403, 137, 7, 34),
(404, 607, 8, 12),
(405, 381, 7, 111),
(406, 711, 4, 8),
(407, 726, 8, 50),
(408, 517, 4, 1),
(409, 334, 8, 50),
(410, 649, 7, 71),
(411, 195, 8, 50),
(412, 625, 7, 16),
(413, 461, 8, 38),
(414, 647, 8, 10),
(415, 432, 7, 27),
(416, 512, 7, 1),
(417, 683, 7, 18),
(418, 442, 4, 33),
(419, 424, 7, 23),
(420, 663, 4, 3),
(421, 244, 4, 3),
(422, 241, 4, 8),
(423, 676, 7, 50),
(424, 659, 4, 3),
(425, 714, 7, 29),
(426, 130, 7, 3),
(427, 736, 8, 14),
(428, 528, 4, 15),
(429, 700, 4, 18),
(430, 304, 4, 12),
(431, 598, 4, 44),
(432, 689, 4, 6),
(433, 644, 4, 23),
(434, 611, 4, 22),
(435, 331, 7, 64),
(436, 728, 7, 3),
(437, 694, 4, 19),
(438, 186, 8, 50),
(439, 70, 8, 50),
(440, 637, 7, 5),
(441, 597, 4, 11),
(442, 366, 7, 50),
(443, 752, 7, 15),
(444, 141, 4, 3),
(445, 57, 8, 50),
(446, 563, 7, 14),
(447, 777, 4, 10),
(448, 439, 7, 9),
(449, 62, 8, 51),
(450, 639, 8, 32),
(451, 513, 7, 6),
(452, 720, 7, 2),
(453, 169, 4, 1),
(454, 729, 7, 60),
(455, 178, 4, 5),
(456, 651, 7, 1),
(457, 535, 4, 26),
(458, 719, 4, 8),
(459, 802, 7, 137),
(460, 353, 4, 31),
(461, 594, 8, 1),
(462, 319, 8, 1),
(463, 452, 7, 75),
(464, 519, 8, 19),
(465, 642, 7, 80),
(466, 767, 8, 50),
(467, 421, 4, 27),
(468, 697, 4, 1),
(469, 590, 7, 9),
(470, 772, 4, 5),
(471, 298, 7, 94),
(472, 606, 7, 1),
(473, 137, 4, 3),
(474, 441, 7, 53),
(475, 784, 7, 57),
(476, 309, 4, 46),
(477, 130, 4, 92),
(478, 496, 8, 19),
(479, 545, 4, 12),
(480, 770, 8, 50),
(481, 594, 7, 50),
(482, 558, 4, 1),
(483, 703, 7, 26),
(484, 612, 8, 33),
(485, 773, 4, 15),
(486, 318, 8, 50),
(487, 702, 4, 18),
(488, 541, 4, 13),
(489, 805, 7, 65),
(490, 818, 4, 125),
(491, 793, 8, 50),
(492, 126, 7, 91),
(493, 746, 7, 11),
(494, 230, 8, 50),
(495, 492, 4, 8),
(496, 790, 7, 15),
(497, 530, 7, 5),
(498, 475, 8, 3),
(499, 625, 4, 16),
(500, 340, 7, 1),
(501, 680, 4, 8),
(502, 794, 4, 8),
(503, 499, 8, 59),
(504, 245, 4, 26),
(505, 756, 4, 14),
(506, 745, 7, 1),
(507, 807, 7, 51),
(508, 753, 7, 50),
(509, 502, 7, 60),
(510, 425, 7, 1),
(511, 800, 4, 9),
(512, 796, 7, 34),
(513, 837, 7, 17),
(514, 262, 4, 7),
(515, 734, 4, 6),
(516, 128, 7, 19),
(517, 808, 7, 1),
(518, 769, 8, 50),
(519, 328, 7, 50),
(520, 394, 4, 12),
(521, 359, 4, 3),
(522, 440, 8, 13),
(523, 751, 7, 86),
(524, 812, 4, 3),
(525, 623, 8, 50),
(526, 697, 8, 79),
(527, 424, 8, 14),
(528, 571, 4, 36),
(529, 219, 4, 7),
(530, 803, 8, 50),
(531, 611, 8, 18),
(532, 835, 8, 5),
(533, 832, 7, 25),
(534, 581, 7, 50),
(535, 54, 8, 12),
(536, 671, 7, 50),
(537, 761, 7, 80),
(538, 795, 4, 2),
(539, 199, 4, 25),
(540, 829, 7, 4),
(541, 765, 7, 52),
(542, 157, 7, 34),
(543, 745, 4, 4),
(544, 813, 7, 7),
(545, 167, 7, 21),
(546, 552, 7, 40),
(547, 788, 7, 100),
(548, 852, 7, 3),
(549, 811, 4, 20),
(550, 75, 8, 11),
(551, 399, 8, 7),
(552, 854, 8, 10),
(553, 707, 7, 1),
(554, 771, 7, 68),
(555, 754, 4, 6),
(556, 580, 8, 51),
(557, 808, 4, 5),
(558, 622, 7, 51),
(559, 826, 7, 51),
(560, 177, 7, 17),
(561, 634, 7, 15),
(562, 516, 4, 6),
(563, 789, 4, 94),
(564, 857, 4, 2),
(565, 740, 7, 1),
(566, 445, 8, 50),
(567, 517, 7, 52),
(568, 736, 4, 20),
(569, 82, 8, 51),
(570, 775, 4, 3),
(571, 831, 4, 2),
(572, 804, 8, 29),
(573, 755, 7, 1),
(574, 300, 8, 10),
(575, 692, 8, 1),
(576, 443, 8, 50),
(577, 267, 4, 3),
(578, 868, 7, 6),
(579, 780, 7, 10),
(580, 838, 7, 10),
(581, 759, 7, 50),
(582, 701, 4, 18),
(583, 581, 8, 38),
(584, 757, 7, 2),
(585, 89, 8, 50),
(586, 506, 8, 50),
(587, 749, 4, 4),
(588, 98, 4, 3),
(589, 713, 8, 5),
(590, 881, 7, 11),
(591, 836, 4, 2),
(592, 746, 4, 1),
(593, 798, 4, 1),
(594, 823, 4, 3),
(595, 339, 8, 50),
(596, 185, 8, 41),
(597, 882, 8, 5),
(598, 887, 7, 10),
(599, 175, 7, 50),
(600, 819, 7, 1),
(601, 854, 7, 4),
(602, 849, 4, 6),
(603, 726, 7, 50),
(604, 888, 8, 2),
(605, 787, 4, 3),
(606, 883, 8, 50),
(607, 116, 8, 50),
(608, 841, 7, 31),
(609, 372, 8, 50),
(610, 844, 8, 19),
(611, 835, 7, 14),
(612, 332, 4, 9),
(613, 858, 8, 19),
(614, 891, 8, 50),
(615, 432, 8, 53),
(616, 864, 8, 6),
(617, 75, 4, 29),
(618, 799, 4, 31),
(619, 549, 7, 1),
(620, 904, 7, 51),
(621, 550, 4, 37),
(622, 875, 7, 50),
(623, 869, 8, 2),
(624, 244, 7, 61),
(625, 465, 7, 51),
(626, 810, 4, 5),
(627, 728, 4, 24),
(628, 749, 7, 2),
(629, 905, 4, 6),
(630, 649, 4, 34),
(631, 683, 4, 4),
(632, 680, 8, 50),
(633, 879, 4, 27),
(634, 876, 7, 57),
(635, 894, 7, 57),
(636, 399, 4, 5),
(637, 208, 4, 6),
(638, 621, 7, 36),
(639, 851, 7, 9),
(640, 884, 8, 51),
(641, 422, 7, 175),
(642, 705, 4, 89),
(643, 842, 8, 50),
(644, 901, 4, 9),
(645, 872, 7, 2),
(646, 776, 4, 11),
(647, 522, 8, 3),
(648, 463, 7, 50),
(649, 622, 4, 29),
(650, 759, 8, 25),
(651, 222, 7, 65),
(652, 46, 4, 6),
(653, 856, 7, 9),
(654, 775, 7, 23),
(655, 778, 8, 50),
(656, 838, 4, 25),
(657, 848, 4, 15),
(658, 893, 7, 258),
(659, 877, 7, 27),
(660, 909, 7, 11),
(661, 860, 4, 9),
(662, 707, 4, 24),
(663, 68, 4, 33),
(664, 902, 4, 5),
(665, 351, 8, 4),
(666, 885, 4, 5),
(667, 634, 4, 26),
(668, 112, 8, 50),
(669, 293, 4, 22),
(670, 753, 8, 9),
(671, 871, 4, 6),
(672, 47, 4, 5),
(673, 309, 7, 1),
(674, 632, 8, 6),
(675, 353, 7, 1),
(676, 862, 4, 2),
(677, 780, 4, 4),
(678, 79, 7, 1),
(679, 31, 7, 50),
(680, 587, 7, 19),
(681, 886, 7, 37),
(682, 366, 4, 6),
(683, 778, 7, 1),
(684, 52, 7, 53),
(685, 913, 8, 47),
(686, 392, 7, 43),
(687, 559, 4, 2),
(688, 159, 7, 50),
(689, 792, 4, 3),
(690, 915, 7, 12),
(691, 917, 4, 1),
(692, 283, 4, 9),
(693, 265, 8, 5),
(694, 365, 7, 61),
(695, 926, 4, 9),
(696, 250, 7, 18),
(697, 735, 4, 21),
(698, 255, 4, 1),
(699, 406, 4, 9),
(700, 930, 7, 61),
(701, 314, 8, 12),
(702, 916, 4, 9),
(703, 703, 8, 4),
(704, 924, 7, 1),
(705, 933, 4, 47),
(706, 824, 7, 4),
(707, 922, 4, 6),
(708, 588, 4, 6),
(709, 410, 7, 50),
(710, 148, 7, 60),
(711, 309, 8, 51),
(712, 403, 4, 4),
(713, 851, 4, 19),
(714, 249, 4, 25),
(715, 46, 7, 3),
(716, 265, 7, 54),
(717, 638, 7, 75),
(718, 386, 7, 4),
(719, 931, 4, 6),
(720, 920, 4, 3),
(721, 918, 4, 6),
(722, 72, 4, 3),
(723, 551, 7, 5),
(724, 275, 8, 1),
(725, 191, 8, 50),
(726, 272, 4, 3),
(727, 243, 4, 19),
(728, 331, 8, 50),
(729, 302, 8, 3),
(730, 859, 8, 12),
(731, 438, 8, 52),
(732, 714, 4, 31),
(733, 591, 8, 50),
(734, 192, 8, 62),
(735, 648, 8, 38),
(736, 186, 7, 27),
(737, 239, 7, 107),
(738, 793, 7, 73),
(739, 204, 4, 5),
(740, 583, 8, 3),
(741, 184, 8, 19),
(742, 943, 7, 82),
(743, 769, 7, 3),
(744, 342, 8, 50),
(745, 790, 4, 1),
(746, 277, 8, 51),
(747, 851, 8, 4),
(748, 688, 8, 2),
(749, 912, 4, 1),
(750, 652, 8, 6),
(751, 900, 4, 12),
(752, 70, 7, 50),
(753, 175, 4, 5),
(754, 936, 4, 43),
(755, 177, 4, 15),
(756, 817, 4, 3),
(757, 258, 4, 1),
(758, 947, 7, 27),
(759, 807, 4, 20),
(760, 517, 8, 50),
(761, 910, 7, 3),
(762, 466, 4, 1),
(763, 39, 7, 2),
(764, 938, 4, 15),
(765, 937, 4, 3),
(766, 497, 7, 27),
(767, 923, 4, 6),
(768, 302, 7, 50),
(769, 954, 4, 32),
(770, 588, 8, 1),
(771, 465, 8, 1),
(772, 352, 4, 3),
(773, 694, 8, 27),
(774, 178, 8, 18),
(775, 948, 4, 11),
(776, 940, 4, 11),
(777, 810, 8, 4),
(778, 896, 4, 16),
(779, 879, 7, 51),
(780, 344, 7, 58),
(781, 971, 4, 36),
(782, 962, 4, 2),
(783, 586, 8, 4),
(784, 62, 4, 3),
(785, 933, 8, 1),
(786, 970, 7, 21),
(787, 972, 7, 6),
(788, 967, 7, 10),
(789, 976, 4, 21),
(790, 282, 7, 36),
(791, 742, 4, 5),
(792, 980, 7, 7),
(793, 923, 7, 50),
(794, 962, 8, 6),
(795, 973, 7, 6),
(796, 404, 7, 5),
(797, 533, 7, 65),
(798, 448, 4, 3),
(799, 988, 7, 50),
(800, 918, 7, 158),
(801, 320, 8, 2),
(802, 965, 4, 3),
(803, 1005, 4, 24),
(804, 38, 7, 17),
(805, 996, 8, 55),
(806, 997, 7, 50),
(807, 990, 4, 1),
(808, 1001, 4, 1),
(809, 896, 7, 50),
(810, 24, 4, 23),
(811, 999, 4, 23),
(812, 580, 4, 5),
(813, 929, 7, 7),
(814, 983, 7, 1),
(815, 1010, 8, 1),
(816, 980, 4, 8),
(817, 1011, 4, 4),
(818, 476, 4, 16),
(819, 356, 8, 50),
(820, 982, 4, 20),
(821, 1013, 4, 12),
(822, 481, 8, 50),
(823, 967, 4, 42),
(824, 15, 4, 3),
(825, 1015, 4, 22),
(826, 983, 4, 2),
(827, 1014, 7, 65),
(828, 956, 8, 12),
(829, 929, 8, 20),
(830, 973, 4, 14),
(831, 918, 8, 4),
(832, 1020, 7, 3),
(833, 466, 7, 31),
(834, 872, 8, 55),
(835, 1021, 4, 6),
(836, 337, 7, 52),
(837, 1012, 4, 33),
(838, 349, 8, 24),
(839, 1023, 8, 6),
(840, 994, 4, 43),
(841, 1025, 7, 27),
(842, 1024, 4, 24),
(843, 1006, 8, 50),
(844, 743, 8, 50),
(845, 932, 8, 50),
(846, 989, 8, 50),
(847, 1022, 4, 2),
(848, 1027, 4, 41),
(849, 944, 8, 11),
(850, 1029, 4, 3),
(851, 475, 7, 2),
(852, 1030, 7, 2),
(853, 936, 7, 50),
(854, 948, 7, 50),
(855, 996, 4, 6),
(856, 1016, 4, 9),
(857, 38, 4, 8),
(858, 114, 8, 6),
(859, 963, 4, 9),
(860, 883, 7, 38),
(861, 1033, 8, 15),
(862, 531, 7, 7),
(863, 349, 4, 13),
(864, 894, 4, 3),
(865, 904, 8, 1),
(866, 1032, 8, 60),
(867, 799, 7, 4),
(868, 978, 4, 9),
(869, 1036, 4, 4),
(870, 628, 7, 70),
(871, 1035, 7, 51),
(872, 1038, 4, 3),
(873, 712, 7, 1),
(874, 1040, 4, 20),
(875, 165, 7, 1),
(876, 996, 7, 50),
(877, 1034, 4, 150),
(878, 730, 4, 13),
(879, 1043, 4, 30),
(880, 1041, 4, 32),
(881, 999, 7, 50),
(882, 133, 7, 123),
(883, 1045, 7, 2),
(884, 356, 4, 1),
(885, 1042, 7, 4),
(886, 1014, 8, 7),
(887, 1016, 8, 50),
(888, 38, 8, 50),
(889, 1026, 4, 53),
(890, 984, 7, 9),
(891, 1049, 8, 22),
(892, 1050, 7, 150),
(893, 1046, 4, 3),
(894, 893, 4, 2),
(895, 799, 8, 5),
(896, 318, 4, 6),
(897, 1041, 7, 1),
(898, 50, 7, 50),
(899, 1044, 4, 6),
(900, 1054, 4, 6),
(901, 1055, 4, 17),
(902, 1053, 4, 12),
(903, 1057, 7, 88),
(904, 1061, 4, 54),
(905, 1059, 4, 7),
(906, 1044, 7, 50),
(907, 1058, 4, 13),
(908, 164, 4, 6),
(909, 1072, 7, 67),
(910, 1055, 7, 110),
(911, 1070, 4, 1),
(912, 638, 8, 50),
(913, 1067, 7, 8),
(914, 1043, 7, 81),
(915, 1075, 7, 200),
(916, 1035, 8, 20),
(917, 1078, 7, 24),
(918, 1080, 7, 50),
(919, 1074, 4, 20),
(920, 410, 8, 50),
(921, 1077, 4, 13),
(922, 1066, 7, 1),
(923, 1040, 7, 53),
(924, 1065, 4, 12),
(925, 1018, 4, 4),
(926, 789, 7, 1),
(927, 23, 4, 48),
(928, 685, 7, 115),
(929, 1071, 7, 67),
(930, 1080, 4, 49),
(931, 1086, 7, 154),
(932, 1033, 4, 16),
(933, 389, 7, 18),
(934, 272, 7, 50),
(935, 1066, 4, 53),
(936, 1050, 8, 2),
(937, 1067, 4, 3),
(938, 1089, 7, 53),
(939, 1041, 8, 50),
(940, 1091, 4, 35),
(941, 1084, 4, 23),
(942, 431, 4, 41),
(943, 1099, 4, 9),
(944, 85, 7, 1),
(945, 1095, 4, 18),
(946, 195, 7, 50),
(947, 1094, 4, 15),
(948, 1097, 7, 50),
(949, 1087, 4, 5),
(950, 1102, 4, 96),
(951, 1109, 4, 9),
(952, 1034, 7, 50),
(953, 1106, 4, 30),
(954, 1107, 7, 20),
(955, 1114, 4, 6),
(956, 502, 4, 54),
(957, 1103, 7, 78),
(958, 822, 7, 89),
(959, 1075, 8, 2),
(960, 1101, 7, 26),
(961, 1116, 8, 50),
(962, 1120, 8, 50),
(963, 82, 4, 16),
(964, 1069, 4, 20),
(965, 1112, 4, 2),
(966, 1118, 8, 38),
(967, 1121, 4, 12),
(968, 169, 8, 50),
(969, 1061, 8, 30),
(970, 81, 4, 1),
(971, 1076, 7, 50),
(972, 895, 4, 3),
(973, 1119, 4, 1),
(974, 1065, 7, 83),
(975, 1122, 8, 50),
(976, 1130, 4, 3),
(977, 80, 7, 1),
(978, 500, 7, 10),
(979, 699, 7, 5),
(980, 1117, 7, 51),
(981, 1125, 8, 33),
(982, 510, 4, 9),
(983, 434, 8, 14),
(984, 1132, 7, 6),
(985, 1093, 4, 9),
(986, 603, 7, 9),
(987, 1128, 7, 27),
(988, 20, 4, 21),
(989, 1116, 7, 50),
(990, 1139, 4, 3),
(991, 1090, 4, 12),
(992, 732, 7, 50),
(993, 1123, 4, 19),
(994, 1131, 7, 5),
(995, 1132, 4, 11),
(996, 1143, 7, 50),
(997, 1130, 7, 19),
(998, 1144, 8, 50),
(999, 126, 4, 1),
(1000, 1145, 7, 50),
(1001, 1147, 4, 2),
(1002, 1129, 7, 148),
(1003, 1125, 7, 30),
(1004, 1123, 7, 62),
(1005, 1145, 4, 9),
(1006, 1107, 8, 50),
(1007, 1097, 8, 2),
(1008, 606, 4, 9),
(1009, 1153, 4, 14),
(1010, 1113, 4, 39),
(1011, 1101, 8, 50),
(1012, 434, 7, 6),
(1013, 692, 7, 50),
(1014, 1155, 7, 1),
(1015, 1126, 7, 16),
(1016, 1115, 8, 50),
(1017, 1133, 4, 40),
(1018, 1069, 7, 106),
(1019, 603, 4, 17),
(1020, 260, 4, 35),
(1021, 451, 4, 5),
(1022, 1157, 7, 13),
(1023, 1141, 7, 4),
(1024, 1159, 7, 78),
(1025, 203, 8, 3),
(1026, 416, 7, 1),
(1027, 437, 7, 14),
(1028, 1128, 4, 60),
(1029, 1140, 4, 1),
(1030, 1148, 8, 11),
(1031, 1124, 7, 102),
(1032, 1142, 7, 70),
(1033, 73, 8, 50),
(1034, 1156, 7, 11),
(1035, 1165, 8, 50),
(1036, 744, 4, 44),
(1037, 1149, 4, 11),
(1038, 1170, 4, 20),
(1039, 83, 4, 3),
(1040, 448, 7, 34),
(1041, 656, 8, 52),
(1042, 1162, 7, 27),
(1043, 1146, 4, 6),
(1044, 680, 7, 9),
(1045, 1178, 8, 13),
(1046, 1172, 8, 8),
(1047, 1175, 7, 30),
(1048, 85, 4, 1),
(1049, 1149, 7, 9),
(1050, 1152, 7, 5),
(1051, 1039, 4, 12),
(1052, 327, 4, 46),
(1053, 1122, 7, 1),
(1054, 1174, 7, 59),
(1055, 1120, 7, 18),
(1056, 1183, 4, 1),
(1057, 1173, 4, 6),
(1058, 350, 7, 53),
(1059, 676, 8, 23),
(1060, 1074, 7, 53),
(1061, 491, 8, 20),
(1062, 1184, 4, 34),
(1063, 670, 4, 9),
(1064, 1152, 4, 9),
(1065, 1138, 7, 2),
(1066, 1172, 7, 17),
(1067, 228, 4, 12),
(1068, 1203, 7, 12),
(1069, 1181, 7, 62),
(1070, 1178, 7, 50),
(1071, 1205, 7, 50),
(1072, 1190, 4, 48),
(1073, 1000, 7, 4),
(1074, 642, 4, 7),
(1075, 958, 7, 25),
(1076, 1165, 4, 32),
(1077, 1179, 7, 59),
(1078, 1208, 8, 59),
(1079, 1206, 8, 50),
(1080, 1197, 7, 89),
(1081, 833, 7, 4),
(1082, 1188, 7, 62),
(1083, 1196, 7, 50),
(1084, 629, 4, 19),
(1085, 1185, 7, 11),
(1086, 1177, 7, 66),
(1087, 1154, 4, 6),
(1088, 291, 4, 3),
(1089, 257, 8, 6),
(1090, 923, 8, 50),
(1091, 1148, 7, 3),
(1092, 1199, 8, 2),
(1093, 1191, 7, 13),
(1094, 1219, 8, 50),
(1095, 709, 4, 6),
(1096, 1141, 4, 27),
(1097, 1221, 8, 50),
(1098, 1161, 8, 6),
(1099, 1150, 4, 21),
(1100, 1146, 8, 15),
(1101, 1154, 7, 55),
(1102, 1212, 7, 13),
(1103, 437, 8, 31),
(1104, 1149, 8, 1),
(1105, 1216, 8, 50),
(1106, 1224, 8, 2),
(1107, 1180, 7, 16),
(1108, 1203, 4, 13),
(1109, 1225, 4, 7),
(1110, 909, 4, 9),
(1111, 846, 7, 4),
(1112, 1171, 4, 9),
(1113, 1226, 4, 30),
(1114, 711, 7, 50),
(1115, 1227, 7, 32),
(1116, 567, 4, 35),
(1117, 732, 4, 10),
(1118, 1215, 4, 16),
(1119, 1195, 7, 1),
(1120, 1232, 4, 6),
(1121, 1238, 4, 12),
(1122, 958, 8, 2),
(1123, 668, 7, 43),
(1124, 1242, 8, 25),
(1125, 1087, 7, 50),
(1126, 1239, 7, 4),
(1127, 458, 4, 3),
(1128, 819, 4, 4),
(1129, 1250, 7, 78),
(1130, 1161, 4, 13),
(1131, 910, 4, 10),
(1132, 286, 4, 7),
(1133, 1231, 8, 8),
(1134, 571, 8, 6),
(1135, 387, 4, 30),
(1136, 1251, 8, 3),
(1137, 1071, 8, 38),
(1138, 1235, 7, 44),
(1139, 1240, 4, 12),
(1140, 1233, 8, 18),
(1141, 1237, 7, 17),
(1142, 1254, 8, 50),
(1143, 1248, 7, 9),
(1144, 1008, 4, 3),
(1145, 366, 8, 50),
(1146, 1220, 8, 50),
(1147, 853, 4, 9),
(1148, 346, 4, 15),
(1149, 88, 8, 26),
(1150, 1243, 8, 3),
(1151, 997, 8, 3),
(1152, 706, 7, 51),
(1153, 1265, 4, 26),
(1154, 1256, 4, 3),
(1155, 1267, 7, 11),
(1156, 1236, 7, 50),
(1157, 384, 7, 7),
(1158, 1210, 7, 5),
(1159, 281, 7, 4),
(1160, 218, 4, 9),
(1161, 387, 7, 2),
(1162, 1186, 8, 50),
(1163, 1246, 4, 3),
(1164, 612, 4, 30),
(1165, 1264, 7, 50),
(1166, 1201, 4, 9),
(1167, 1043, 8, 19),
(1168, 1122, 4, 18),
(1169, 1257, 7, 4),
(1170, 1243, 4, 4),
(1171, 1158, 4, 1),
(1172, 654, 8, 6),
(1173, 1277, 8, 50),
(1174, 1249, 8, 6),
(1175, 508, 4, 8),
(1176, 750, 4, 31),
(1177, 1180, 4, 1),
(1178, 678, 7, 120),
(1179, 368, 8, 7),
(1180, 281, 8, 1),
(1181, 1278, 7, 50),
(1182, 312, 8, 50),
(1183, 1284, 8, 50),
(1184, 371, 4, 28),
(1185, 1289, 4, 9),
(1186, 1237, 4, 23),
(1187, 1143, 4, 10),
(1188, 1299, 4, 30),
(1189, 1252, 7, 109),
(1190, 1301, 8, 47),
(1191, 721, 7, 50),
(1192, 1298, 7, 26),
(1193, 855, 7, 71),
(1194, 86, 7, 4),
(1195, 1306, 4, 19),
(1196, 1171, 7, 1),
(1197, 1303, 8, 50),
(1198, 470, 4, 3),
(1199, 548, 7, 59),
(1200, 1304, 4, 6),
(1201, 1307, 8, 50),
(1202, 1174, 8, 50),
(1203, 1284, 7, 50),
(1204, 1279, 4, 3),
(1205, 1313, 8, 51),
(1206, 668, 4, 3),
(1207, 796, 8, 12),
(1208, 365, 4, 2),
(1209, 290, 4, 18),
(1210, 49, 4, 3),
(1211, 73, 7, 1),
(1212, 122, 8, 16),
(1213, 138, 4, 25),
(1214, 1309, 4, 10),
(1215, 1305, 8, 23),
(1216, 1310, 4, 76),
(1217, 1179, 4, 4),
(1218, 1218, 8, 9),
(1219, 1222, 7, 50),
(1220, 1314, 7, 16),
(1221, 73, 4, 3),
(1222, 773, 7, 52),
(1223, 1087, 8, 50),
(1224, 196, 8, 50),
(1225, 1273, 7, 51),
(1226, 661, 7, 64),
(1227, 1265, 7, 7),
(1228, 766, 8, 1),
(1229, 1245, 7, 6),
(1230, 1319, 4, 30),
(1231, 1325, 7, 17),
(1232, 643, 8, 50),
(1233, 383, 7, 97),
(1234, 1318, 7, 3),
(1235, 1324, 4, 20),
(1236, 1326, 4, 6),
(1237, 1221, 4, 21),
(1238, 1315, 7, 27),
(1239, 570, 4, 35),
(1240, 914, 4, 30),
(1241, 350, 4, 6),
(1242, 1103, 4, 20),
(1243, 79, 4, 3),
(1244, 1316, 4, 18),
(1245, 229, 8, 3),
(1246, 1308, 8, 6),
(1247, 766, 4, 4),
(1248, 1337, 4, 13),
(1249, 1218, 4, 6),
(1250, 1328, 4, 3),
(1251, 1228, 4, 3),
(1252, 1279, 8, 51),
(1253, 1321, 7, 3),
(1254, 1181, 4, 8),
(1255, 1322, 7, 2),
(1256, 362, 8, 5),
(1257, 1304, 7, 3),
(1258, 388, 7, 2),
(1259, 1289, 7, 50),
(1260, 1329, 4, 30),
(1261, 1193, 8, 2),
(1262, 908, 7, 2),
(1263, 597, 7, 51),
(1264, 1252, 8, 2),
(1265, 75, 7, 1),
(1266, 1293, 7, 3),
(1267, 1062, 4, 1),
(1268, 1342, 7, 19),
(1269, 97, 7, 6),
(1270, 153, 7, 2),
(1271, 134, 4, 21),
(1272, 1173, 7, 80),
(1273, 173, 4, 22),
(1274, 1333, 7, 48),
(1275, 721, 4, 19),
(1276, 341, 7, 6),
(1277, 1348, 8, 18),
(1278, 853, 8, 17),
(1279, 1129, 4, 13),
(1280, 1124, 8, 6),
(1281, 1357, 7, 13),
(1282, 1161, 7, 2),
(1283, 1362, 7, 7),
(1284, 1338, 7, 26),
(1285, 959, 4, 3),
(1286, 1144, 7, 9),
(1287, 1369, 7, 42),
(1288, 460, 4, 32),
(1289, 1364, 8, 5),
(1290, 122, 7, 50),
(1291, 1366, 4, 18),
(1292, 1175, 4, 9),
(1293, 1370, 4, 17),
(1294, 1145, 8, 5),
(1295, 334, 7, 29),
(1296, 1375, 7, 5),
(1297, 1339, 4, 2),
(1298, 1361, 4, 15),
(1299, 726, 4, 12),
(1300, 1219, 7, 2),
(1301, 360, 8, 51),
(1302, 1363, 7, 32),
(1303, 908, 4, 5),
(1304, 1182, 8, 6),
(1305, 961, 8, 50),
(1306, 1326, 7, 54),
(1307, 411, 8, 50),
(1308, 253, 4, 37),
(1309, 1356, 8, 57),
(1310, 1068, 8, 44),
(1311, 999, 8, 7),
(1312, 1344, 4, 5),
(1313, 266, 8, 21),
(1314, 1351, 4, 14),
(1315, 1378, 4, 19),
(1316, 1259, 7, 27),
(1317, 546, 8, 8),
(1318, 1386, 8, 27),
(1319, 1245, 4, 9),
(1320, 1114, 7, 82),
(1321, 1383, 4, 2),
(1322, 895, 7, 2),
(1323, 1382, 8, 2),
(1324, 1332, 8, 36),
(1325, 1218, 7, 15),
(1326, 1390, 8, 6),
(1327, 1375, 8, 13),
(1328, 824, 8, 51),
(1329, 338, 8, 12),
(1330, 212, 4, 20),
(1331, 256, 8, 1),
(1332, 678, 8, 2),
(1333, 1377, 8, 25),
(1334, 919, 7, 55),
(1335, 1395, 4, 3),
(1336, 1258, 4, 18),
(1337, 1355, 7, 11),
(1338, 1365, 4, 2),
(1339, 1192, 4, 3),
(1340, 592, 7, 1),
(1341, 940, 7, 3),
(1342, 170, 4, 3),
(1343, 1336, 7, 78),
(1344, 1133, 8, 1),
(1345, 1351, 7, 1),
(1346, 615, 8, 50),
(1347, 1159, 4, 35),
(1348, 552, 8, 38),
(1349, 546, 7, 2),
(1350, 577, 7, 2),
(1351, 1392, 8, 29),
(1352, 1382, 4, 7),
(1353, 476, 8, 50),
(1354, 1394, 4, 13),
(1355, 1182, 4, 3),
(1356, 217, 4, 2),
(1357, 1236, 8, 9),
(1358, 194, 8, 55),
(1359, 1319, 7, 5),
(1360, 1296, 4, 13),
(1361, 1289, 8, 50),
(1362, 290, 7, 50),
(1363, 256, 7, 9),
(1364, 1368, 8, 2),
(1365, 1101, 4, 5),
(1366, 337, 8, 6),
(1367, 833, 8, 2),
(1368, 270, 4, 9),
(1369, 1407, 7, 52),
(1370, 1408, 7, 114),
(1371, 347, 7, 4),
(1372, 1403, 4, 12),
(1373, 735, 7, 50),
(1374, 481, 4, 30),
(1375, 1400, 7, 72),
(1376, 448, 8, 50),
(1377, 1341, 4, 2),
(1378, 186, 4, 41),
(1379, 1416, 4, 9),
(1380, 1409, 8, 29),
(1381, 484, 7, 51),
(1382, 1240, 8, 13),
(1383, 246, 7, 17),
(1384, 1066, 8, 50),
(1385, 1268, 7, 2),
(1386, 1390, 4, 9),
(1387, 650, 4, 3),
(1388, 1353, 4, 1),
(1389, 1229, 7, 5),
(1390, 1371, 7, 3),
(1391, 1198, 8, 6),
(1392, 1028, 4, 6),
(1393, 1307, 7, 2),
(1394, 195, 4, 27),
(1395, 1392, 4, 9),
(1396, 1157, 8, 15),
(1397, 323, 4, 3),
(1398, 1430, 7, 7),
(1399, 393, 7, 36),
(1400, 1232, 7, 52),
(1401, 1419, 4, 3),
(1402, 1434, 8, 50),
(1403, 1260, 8, 30),
(1404, 503, 7, 131),
(1405, 1220, 4, 6),
(1406, 1423, 7, 36),
(1407, 228, 7, 62),
(1408, 4, 8, 50),
(1409, 1222, 8, 2),
(1410, 1410, 7, 16),
(1411, 1418, 7, 3),
(1412, 1440, 8, 12),
(1413, 1433, 8, 6),
(1414, 1379, 7, 52),
(1415, 1354, 7, 16),
(1416, 696, 8, 50),
(1417, 199, 8, 5),
(1418, 1222, 4, 22),
(1419, 1403, 7, 49),
(1420, 423, 7, 50),
(1421, 1383, 7, 17),
(1422, 1253, 7, 1),
(1423, 878, 4, 3),
(1424, 888, 7, 11),
(1425, 532, 7, 50),
(1426, 1429, 8, 10),
(1427, 1449, 4, 9),
(1428, 1388, 8, 2),
(1429, 1435, 7, 14),
(1430, 1452, 7, 11),
(1431, 1254, 7, 50),
(1432, 1439, 7, 29),
(1433, 1425, 7, 27),
(1434, 351, 7, 50),
(1435, 1387, 8, 11),
(1436, 774, 7, 20),
(1437, 1430, 4, 6),
(1438, 1460, 4, 1),
(1439, 1441, 8, 4),
(1440, 1432, 4, 7),
(1441, 142, 7, 3),
(1442, 1453, 7, 3),
(1443, 436, 4, 36),
(1444, 407, 7, 2),
(1445, 1469, 7, 3),
(1446, 1200, 7, 50),
(1447, 1451, 7, 12),
(1448, 802, 4, 6),
(1449, 361, 4, 5),
(1450, 650, 7, 14),
(1451, 1471, 4, 3),
(1452, 1474, 8, 50),
(1453, 735, 8, 10),
(1454, 1472, 4, 12),
(1455, 1409, 4, 23),
(1456, 1463, 4, 9),
(1457, 1354, 4, 6),
(1458, 749, 8, 1),
(1459, 191, 7, 21),
(1460, 1479, 8, 4),
(1461, 957, 7, 9),
(1462, 1486, 8, 261),
(1463, 761, 4, 12),
(1464, 1456, 7, 74),
(1465, 1481, 7, 18),
(1466, 1465, 7, 18),
(1467, 70, 4, 1),
(1468, 678, 4, 3),
(1469, 1452, 4, 6),
(1470, 325, 7, 26),
(1471, 461, 4, 3),
(1472, 221, 4, 6),
(1473, 224, 7, 6),
(1474, 426, 7, 50),
(1475, 360, 4, 7),
(1476, 411, 4, 8),
(1477, 1492, 4, 6),
(1478, 1387, 7, 15),
(1479, 1473, 7, 47),
(1480, 1480, 8, 50),
(1481, 1489, 4, 1),
(1482, 1466, 4, 1),
(1483, 532, 4, 16),
(1484, 320, 7, 6),
(1485, 1501, 8, 1),
(1486, 1471, 8, 11),
(1487, 1484, 7, 4),
(1488, 1490, 7, 6),
(1489, 345, 4, 3),
(1490, 1491, 7, 5),
(1491, 1400, 4, 1),
(1492, 1253, 4, 3),
(1493, 1481, 4, 16),
(1494, 1479, 4, 3),
(1495, 636, 8, 19),
(1496, 617, 7, 4),
(1497, 1501, 4, 9),
(1498, 1241, 8, 78),
(1499, 954, 7, 7),
(1500, 744, 8, 1),
(1501, 744, 7, 1),
(1502, 977, 4, 13),
(1503, 1517, 7, 10),
(1504, 1469, 8, 14),
(1505, 157, 4, 8),
(1506, 1482, 7, 32),
(1507, 347, 8, 10),
(1508, 1515, 7, 6),
(1509, 1522, 4, 3),
(1510, 869, 4, 7),
(1511, 1502, 7, 74),
(1512, 616, 4, 6),
(1513, 822, 4, 3),
(1514, 1530, 7, 50),
(1515, 1526, 7, 52),
(1516, 1516, 4, 22),
(1517, 785, 8, 1),
(1518, 831, 7, 1),
(1519, 1281, 7, 15),
(1520, 1456, 8, 7),
(1521, 1531, 7, 65),
(1522, 1425, 8, 50),
(1523, 1296, 8, 4),
(1524, 1439, 8, 50),
(1525, 1535, 4, 21),
(1526, 86, 8, 28),
(1527, 1522, 7, 2),
(1528, 1541, 4, 1),
(1529, 315, 4, 1),
(1530, 1480, 4, 6),
(1531, 1525, 7, 52),
(1532, 223, 4, 3),
(1533, 1515, 4, 6),
(1534, 1537, 4, 16),
(1535, 964, 4, 9),
(1536, 1553, 7, 13),
(1537, 277, 7, 20),
(1538, 1547, 7, 5),
(1539, 1335, 8, 18),
(1540, 150, 7, 55),
(1541, 1545, 7, 1),
(1542, 706, 8, 6),
(1543, 1551, 7, 40),
(1544, 837, 4, 11),
(1545, 1550, 8, 31),
(1546, 1536, 4, 17),
(1547, 419, 7, 2),
(1548, 1301, 7, 77),
(1549, 1561, 8, 24),
(1550, 1281, 8, 39),
(1551, 1003, 4, 3),
(1552, 1549, 8, 56),
(1553, 853, 7, 14),
(1554, 1557, 8, 54),
(1555, 1558, 8, 50),
(1556, 1415, 8, 33),
(1557, 1532, 4, 3),
(1558, 1564, 8, 11),
(1559, 1112, 7, 50),
(1560, 779, 8, 50),
(1561, 1280, 8, 50),
(1562, 1562, 4, 7),
(1563, 1567, 7, 6),
(1564, 540, 4, 3),
(1565, 299, 7, 50),
(1566, 1563, 8, 48),
(1567, 290, 8, 1),
(1568, 170, 7, 3),
(1569, 1469, 4, 15),
(1570, 1350, 4, 9),
(1571, 957, 8, 1),
(1572, 363, 4, 1),
(1573, 616, 7, 29),
(1574, 1569, 7, 8),
(1575, 1470, 7, 6),
(1576, 1568, 4, 9),
(1577, 1556, 4, 10),
(1578, 1443, 8, 2),
(1579, 607, 4, 3),
(1580, 721, 8, 1),
(1581, 100, 7, 1),
(1582, 805, 8, 7),
(1583, 1570, 4, 3),
(1584, 1546, 8, 18),
(1585, 1576, 7, 12),
(1586, 1482, 8, 50),
(1587, 1216, 4, 22),
(1588, 789, 8, 27),
(1589, 1566, 8, 3),
(1590, 1577, 7, 2),
(1591, 894, 8, 38),
(1592, 1574, 7, 13),
(1593, 95, 4, 12),
(1594, 1541, 8, 11),
(1595, 1543, 4, 4),
(1596, 942, 8, 4),
(1597, 899, 7, 9),
(1598, 214, 7, 7),
(1599, 240, 8, 51),
(1600, 998, 4, 5),
(1601, 1506, 7, 17),
(1602, 1467, 8, 1),
(1603, 168, 7, 8),
(1604, 734, 8, 6),
(1605, 753, 4, 3),
(1606, 1582, 7, 28),
(1607, 1517, 4, 8),
(1608, 1508, 8, 50),
(1609, 1443, 4, 5),
(1610, 1532, 8, 25),
(1611, 507, 8, 28),
(1612, 1564, 7, 15),
(1613, 1493, 7, 1),
(1614, 1402, 7, 1),
(1615, 1561, 4, 94),
(1616, 1555, 4, 4),
(1617, 1565, 7, 26),
(1618, 1520, 4, 2),
(1619, 1572, 4, 6),
(1620, 1593, 4, 13),
(1621, 1591, 4, 3),
(1622, 1531, 4, 19),
(1623, 1592, 7, 26),
(1624, 1177, 4, 14),
(1625, 1003, 7, 51),
(1626, 1084, 7, 1),
(1627, 1575, 8, 50),
(1628, 1188, 4, 11),
(1629, 641, 7, 9),
(1630, 503, 8, 16),
(1631, 94, 8, 1),
(1632, 144, 7, 9),
(1633, 1594, 4, 6),
(1634, 1551, 4, 11),
(1635, 285, 7, 1),
(1636, 640, 4, 7),
(1637, 214, 4, 1),
(1638, 1589, 7, 9),
(1639, 1408, 8, 16),
(1640, 1407, 8, 11),
(1641, 776, 7, 6),
(1642, 1440, 7, 1),
(1643, 800, 7, 5),
(1644, 1608, 7, 12),
(1645, 1593, 8, 3),
(1646, 7, 7, 2),
(1647, 393, 4, 12),
(1648, 1543, 7, 12),
(1649, 633, 7, 26),
(1650, 1035, 4, 3),
(1651, 611, 7, 1),
(1652, 1555, 7, 24),
(1653, 1611, 4, 6),
(1654, 71, 7, 22),
(1655, 1553, 4, 2),
(1656, 1534, 7, 14),
(1657, 1504, 8, 48),
(1658, 643, 4, 8),
(1659, 100, 4, 2),
(1660, 1583, 4, 2),
(1661, 1619, 8, 35),
(1662, 1578, 4, 4),
(1663, 1618, 4, 2),
(1664, 897, 4, 6),
(1665, 594, 4, 8),
(1666, 1162, 4, 9),
(1667, 1280, 7, 46),
(1668, 1627, 7, 3),
(1669, 1606, 4, 4),
(1670, 1625, 4, 7),
(1671, 71, 8, 11),
(1672, 1589, 4, 6),
(1673, 76, 8, 34),
(1674, 1229, 8, 8),
(1675, 1350, 7, 4),
(1676, 1601, 4, 2),
(1677, 1622, 4, 3),
(1678, 1634, 7, 2),
(1679, 1440, 4, 9),
(1680, 1174, 4, 2),
(1681, 928, 4, 4),
(1682, 1582, 4, 1),
(1683, 1512, 4, 1),
(1684, 1605, 4, 3),
(1685, 1608, 4, 3),
(1686, 1503, 7, 17),
(1687, 1621, 7, 10),
(1688, 1646, 7, 2),
(1689, 1633, 7, 12),
(1690, 1627, 8, 7),
(1691, 1331, 4, 1),
(1692, 1654, 7, 17),
(1693, 1651, 4, 3),
(1694, 1266, 7, 19),
(1695, 1525, 4, 3),
(1696, 1653, 4, 3),
(1697, 1574, 4, 3),
(1698, 1643, 7, 9),
(1699, 1020, 4, 2),
(1700, 1097, 4, 1),
(1701, 633, 8, 17),
(1702, 1596, 7, 4),
(1703, 1652, 7, 3),
(1704, 899, 4, 2),
(1705, 1301, 4, 3),
(1706, 817, 8, 1),
(1707, 900, 8, 6),
(1708, 993, 7, 3),
(1709, 466, 8, 2),
(1710, 1664, 7, 3),
(1711, 1660, 4, 3),
(1712, 1638, 4, 1),
(1713, 1648, 4, 1),
(1714, 33, 8, 3),
(1715, 33, 8, 3),
(1716, 33, 8, 3),
(1717, 32, 8, 2),
(1718, 33, 7, 100),
(1719, 1676, 7, 3),
(1720, 1684, 8, 1),
(1721, 1684, 5, 200),
(1722, 33, 5, 100049),
(1723, 2, 4, 6),
(1724, 2, 8, 3),
(1725, 2, 7, 1);

-- --------------------------------------------------------

--
-- Table structure for table `logs_bizes`
--

CREATE TABLE `logs_bizes` (
  `id` int(11) NOT NULL,
  `bizId` int(11) NOT NULL,
  `playerId` int(11) NOT NULL,
  `text` text NOT NULL,
  `price` int(11) NOT NULL,
  `products` int(11) NOT NULL,
  `date` timestamp NOT NULL DEFAULT current_timestamp()
) ENGINE=InnoDB DEFAULT CHARSET=utf8;

--
-- Dumping data for table `logs_bizes`
--

INSERT INTO `logs_bizes` (`id`, `bizId`, `playerId`, `text`, `price`, `products`, `date`) VALUES
(1, 1, 0, 'Cubix Qbix bought Headgear', 340, 34, '2019-08-04 14:54:22'),
(2, 1, 0, 'Cubix Qbix bought Glasses', 1200, 120, '2019-08-04 14:54:50'),
(3, 1, 0, 'Cubix Qbix bought Браслет', 8000, 800, '2019-08-04 14:55:18'),
(4, 1, 0, 'Cubix Qbix bought Серьги', 120, 12, '2019-08-04 14:55:21'),
(5, 1, 0, 'Cubix Qbix bought Accessory', 200, 20, '2019-08-04 14:55:23'),
(6, 1, 0, 'Cubix Qbix bought Часы', 16000, 1600, '2019-08-04 14:55:26'),
(7, 38, 1, 'Vali Zum bought Smartphone', 360, 40, '2019-08-04 17:02:30'),
(8, 38, 1, 'Vali Zum bought Bag', 180, 20, '2019-08-04 17:02:32'),
(9, 38, 1, 'Vali Zum bought Канистра', 270, 30, '2019-08-04 17:02:34'),
(10, 38, 1, 'Vali Zum bought Пластырь', 180, 20, '2019-08-04 17:02:38'),
(11, 38, 1, 'Vali Zum bought Smartphone', 360, 40, '2019-08-04 17:03:27'),
(12, 66, 1, 'Vali Zum tucked s500w222', 405, 45, '2019-08-04 17:07:33'),
(13, 66, 1, 'Vali Zum tucked canister', 180, 20, '2019-08-04 17:07:36'),
(14, 4, 1, 'Vali Zum bought Outerwear', 75, 7, '2019-08-04 17:11:37'),
(15, 4, 1, 'Vali Zum bought Outerwear', 1250, 125, '2019-08-04 17:13:04'),
(16, 4, 1, 'Vali Zum bought Outerwear', 1250, 125, '2019-08-04 17:13:06'),
(17, 4, 1, 'Vali Zum bought Pants', 2500, 250, '2019-08-04 17:15:24'),
(18, 4, 1, 'Vali Zum bought Shoes', 175, 17, '2019-08-04 17:17:27'),
(19, 4, 1, 'Vali Zum bought Headgear', 230, 23, '2019-08-04 17:18:13'),
(20, 4, 1, 'Vali Zum bought Glasses', 700, 70, '2019-08-04 17:18:36'),
(21, 4, 1, 'Vali Zum bought Earrings', 120, 12, '2019-08-04 17:20:17'),
(22, 4, 1, 'Vali Zum bought Accessory', 200, 20, '2019-08-04 17:21:10'),
(23, 4, 1, 'Vali Zum bought Watch', 4500, 450, '2019-08-04 17:22:38'),
(24, 15, 0, 'Vali Zum bought Pistol', 1440, 180, '2019-08-04 18:04:06'),
(25, 15, 0, 'Vali Zum bought Патроны 9mm', 160, 20, '2019-08-04 18:04:34'),
(26, 15, 0, 'Vali Zum bought Патроны 12mm', 80, 10, '2019-08-04 18:05:03'),
(27, 15, 0, 'Vali Zum bought Патроны 5.56mm', 80, 10, '2019-08-04 18:05:04'),
(28, 15, 0, 'Vali Zum bought Патроны 7.62mm', 80, 10, '2019-08-04 18:05:06'),
(29, 15, 0, 'Vali Zum bought Sawed-Off Shotgun', 2800, 350, '2019-08-04 18:05:37'),
(30, 24, 0, 'Vali Zum bought Micro SMG', 2520, 280, '2019-08-04 19:15:54'),
(31, 24, 0, 'Vali Zum bought SMG', 2700, 300, '2019-08-04 19:15:55'),
(32, 24, 0, 'Vali Zum bought Патроны 9mm', 720, 80, '2019-08-04 19:17:11'),
(33, 24, 0, 'Vali Zum bought Патроны 9mm', 720, 80, '2019-08-04 19:17:25'),
(34, 24, 0, 'Vali Zum bought Патроны 9mm', 720, 80, '2019-08-04 19:17:32'),
(35, 24, 0, 'Vali Zum bought Патроны 9mm', 720, 80, '2019-08-04 19:17:36'),
(36, 24, 0, 'Vali Zum bought Патроны 9mm', 720, 80, '2019-08-04 19:17:37'),
(37, 24, 0, 'Vali Zum bought Патроны 9mm', 720, 80, '2019-08-04 19:17:38'),
(38, 24, 0, 'Vali Zum bought Нож', 630, 70, '2019-08-04 19:23:52'),
(39, 16, 0, 'Cubix Universe bought Sawed-Off Shotgun', 3150, 350, '2019-08-05 11:40:12'),
(40, 16, 0, 'Cubix Universe bought Ammo 12mm', 180, 20, '2019-08-05 11:40:35'),
(41, 33, 0, 'Cubix Universe bought Bag', 180, 20, '2019-08-05 14:08:46'),
(42, 33, 0, 'Cubix Universe bought Canister', 270, 30, '2019-08-05 14:08:59'),
(43, 33, 0, 'Cubix Universe bought Smartphone', 360, 40, '2019-08-05 14:09:13');

-- --------------------------------------------------------

--
-- Table structure for table `markers_tp`
--

CREATE TABLE `markers_tp` (
  `id` int(11) NOT NULL,
  `x` float NOT NULL,
  `y` float NOT NULL,
  `z` float NOT NULL,
  `h` float NOT NULL,
  `tpX` float NOT NULL,
  `tpY` float NOT NULL,
  `tpZ` float NOT NULL,
  `tpH` float NOT NULL
) ENGINE=InnoDB DEFAULT CHARSET=latin1;

--
-- Dumping data for table `markers_tp`
--

INSERT INTO `markers_tp` (`id`, `x`, `y`, `z`, `h`, `tpX`, `tpY`, `tpZ`, `tpH`) VALUES
(5, 136.163, -761.754, 44.752, 157.839, 136.14, -761.9, 241.15, 159.18),
(6, 2520.75, -415.125, 93.1239, 312.301, 2506.59, -430.64, 115.09, 222.34),
(7, 2515.91, -357.396, 93.1312, 224.03, 2506.9, -337.18, 115.26, 141.64),
(9, 143.891, -769.848, 241.152, 264.723, 141.95, -769.38, 241.15, 71),
(13, 156.705, -757.664, 257.152, 117.185, 138.12, -765.11, 241.15, 164.05),
(14, 150.734, -763.584, 257.152, 241.614, 151.61, -761.53, 257.15, 351.56),
(16, -595.461, 2087.14, 130.411, 194.566, -596.29, 2089.79, 130.41, 193.34),
(19, -545.028, -204.19, 37.2151, 28.3129, -141.59, -620.81, 167.82, 269.47),
(20, -1516.55, 852.361, 180.595, 163.13, -76.6, -826.86, 242.39, 338.28),
(21, -1040.34, -1475.32, 4.57503, 213.311, -1578.7, -564.57, 107.52, 216.3),
(22, 1394.81, 1141.83, 113.62, 267.558, -1392.87, -479.53, 71.04, 278.15),
(23, 3619.11, 3749.28, 27.6901, 326.987, 3622.35, 3753.99, 27.52, 146.39),
(24, 343.249, -1398.43, 31.5092, 229.857, 275.57, -1361.2, 23.54, 47.22);

-- --------------------------------------------------------

--
-- Table structure for table `news_articles`
--

CREATE TABLE `news_articles` (
  `id` int(11) NOT NULL,
  `author` varchar(128) NOT NULL,
  `title` varchar(128) NOT NULL,
  `desc` varchar(128) NOT NULL,
  `text` text NOT NULL,
  `votes` int(11) NOT NULL,
  `date` int(11) NOT NULL,
  `bgImgSrc` varchar(128) NOT NULL
) ENGINE=InnoDB DEFAULT CHARSET=utf8;

--
-- Dumping data for table `news_articles`
--

INSERT INTO `news_articles` (`id`, `author`, `title`, `desc`, `text`, `votes`, `date`, `bgImgSrc`) VALUES
(1, 'Long Rover', 'Анонс сайта и форума', 'Описание', 'Доброго времени суток, дорогие друзья!<br>\r\nМы долгое время были в тишине, и время уже пришло поделиться с вами о нашей проделанной работе. <br>\r\nТем временем, пока наша команда готовит крупные обновления игрового мода, о которых вы узнаете несколько позже, <br>\r\nнаша команда параллельно разработала сайт и форум проекта. Более того, это ещё не окончательная версия сайта. <br>\r\nЗа новостями проекта вы можете следить на наших ресурсах.<br>\r\n<br>\r\n<a href=\"//unionrp.ru\">http://unionrp.ru</a><br>\r\n<a href=\"//unionrp.ru/forum\">http://unionrp.ru/forum</a><br>\r\n<br>Не забываем следить за нашими ресурсами: <br>\r\n<a href=\"//vk.com/gtafive_news\">https://vk.com/gtafive_news</a> (Официальная страница ВК)<br>\r\n<a href=\"//vk.com/gtafive_free\">https://vk.com/gtafive_free</a> (Свободная группа ВК)<br>\r\n<a href=\"//discordapp.com/invite/vsGrtDN\">https://discordapp.com/invite/vsGrtDN</a> (Официальный дискорд канал)<br>\r\n<a href=\"//t.me/gtafive_rp\">https://t.me/gtafive_rp</a> (Официальный телеграм канал)<br>\r\n<br>\r\n<iframe width=\"560\" height=\"315\" src=\"https://www.youtube.com/embed/Iqr8nVFvxLw\" frameborder=\"0\" allow=\"accelerometer; autoplay; encrypted-media; gyroscope; picture-in-picture\" allowfullscreen></iframe>', 66, 1545921026, 'https://unionrp.ru/image/news/cover/news_cover_1.png'),
(2, 'Artyom Slyadnev', 'Регистрация и авторизация', '', 'При входе на сервер, Вас ожидает приветствие. Которое исчезает после нажатия любой клавиши.<br><br>\r\n<img src=\"https://pp.userapi.com/c851020/v851020795/b2f35/7codExLfpK4.jpg\"><p>\r\nПосле чего, вас ждёт окно входа. Регистрация - один из уникальнейших процессов нашего проекта. <br>\r\nЧтобы зарегистрировать свой первый аккаунт, Вам достаточно выполнить несколько простых действий:<br>\r\n<br>\r\n• Введите своё имя и фамилию.<br>\r\n• Выберите пол: мужской или женский.<br>\r\n• Укажите свою страну и город, а также адрес электронной почты.<br>\r\n• Придумайте уникальный логин и надёжный пароль.<br>\r\n<br>\r\nПерсональные данные мы запрашиваем в целях безопасности вашего аккаунта, на случай восстановления.<br>\r\n<br>\r\nТеперь достаточно повторить пароль в окне \"подтвердите пароль\", и нажать кнопку \"зарегистрироваться\".<br><br>\r\n<img src=\"https://pp.userapi.com/c845416/v845416912/19f01e/qXU6bxJnohU.jpg\"><p>\r\nПосле окончания регистрации, нужно войти в учётную запись использую указанные данные при регистрации аккаунта. После чего создаём своего character.<br>\r\nИспользуя активные окна, выберите подходящие параметры: наследственность, одежда, и раса.<br>\r\n<br>\r\nСтарайтесь выбирать тщательно, ведь Change некоторые детали внешнего вида впоследствии будет невозможно.<br><br>\r\n<img src=\"https://pp.userapi.com/c851020/v851020795/b2f23/1jIuTzHGe0I.jpg\"><p>\r\n<img src=\"https://pp.userapi.com/c845416/v845416912/19f056/oV8Q9_VeW3Y.jpg\"><p>\r\n<img src=\"https://pp.userapi.com/c845416/v845416912/19f092/8timEkLDx1Y.jpg\"><p>\r\nДля того, чтобы снова войти в аккаунт, Вам нужно ввести свой логин и пароль, после чего выбрать ячейку с определённым персонажем.<br><br>\r\n<img src=\"https://sun9-30.userapi.com/c845416/v845416912/19f0a3/DA0IH4Gi4Ws.jpg\"><p>\r\n<img src=\"https://pp.userapi.com/c845416/v845416912/19f0ad/ZOstTzuGD9M.jpg\"><p>\r\nЕсли вы забыли пароль от своего аккаунта, вы с лёгкостью можете его восстановить. <br>\r\nКоманда проекта Union Role Play заботится о безопасности своих игроков, поэтому мы ввели несколько вариантов защиты.<br><br>\r\n<img src=\"https://pp.userapi.com/c847217/v847217354/190e08/JUVSqSLFkGE.jpg\"><p>\r\n<img src=\"https://pp.userapi.com/c847217/v847217354/190e12/tQO7h_WWwyw.jpg\"><p>\r\n<img src=\"https://pp.userapi.com/c848620/v848620354/1246b2/xuJISVnzfb4.jpg\"><p>\r\nСпасибо Вам за прочтение данной статьи. Вы можете поддержать нас, вступив в группу проекта, лайкнув и репостнув этот пост.<br>\r\n<br>\r\nТак же предлагаем Вам вступить в наш сервер дискорд: <br>\r\n<a href=\"//discord.gg/cK3JEgK\">https://discord.gg/cK3JEgK</a> <br>\r\n<br>\r\nС уважением, команда проекта Union Role Play.<br>', 87, 1549464026, 'https://unionrp.ru/image/news/cover/news_cover_2.png'),
(3, 'Artyom Slyadnev', 'Игровое меню, худ и чат', '', 'Игровое меню на нашем проекте представляет собой систему активных окон с несколькими пунктами. Один из них: \"Аккаунт\".<br>\r\n<br>\r\nВ графе \"Аккаунт\" Вы можете посмотреть свой игровой Level, количество проведённых в игре Hours, рейтинг, а также количество созданных Characters.<br>\r\n<br>\r\n<img src=\"https://pp.userapi.com/c847221/v847221691/1997ab/BuaPiI4c8eQ.jpg\"><p>\r\nВ графе \"Персонаж\" содержится основная информация о нём:<br>\r\n<br>\r\n• Транспортные средства, находящиеся в собственности игрового character.<br>\r\n• Недвижимое имущество: жильё и бизнес.<br>\r\n• Информация о организации, в которой состоит Ваш персонаж.<br>\r\n• Skills character и их Level.<br>\r\n<br>\r\n<img src=\"https://pp.userapi.com/c847221/v847221691/1997b5/UVF9hBoU67w.jpg\"><p>\r\nПример графы \"Персонаж» с активным персонажем(не стоит обращать внимание на отсутствие худа и некоторых элементов т.к. скриншот прошлого года):<br>\r\n<br>\r\n<img src=\"https://pp.userapi.com/c851532/v851532954/b72ec/mOnvtTqvNDw.jpg\"><p>\r\nНа нашем проекте также присутствует система достижений, которые можно выполнять для повышения уровня и прокачки character.<br>\r\nНа задания не стоит акцентировать внимание(разработка достижений в процессе).<br>\r\n<br>\r\n<img src=\"https://pp.userapi.com/c847221/v847221691/1997c9/mF0j9AA8rJo.jpg\"><p>\r\nВ организациях также можно заработать специальные достижения. Выполняйте их и повышайте свой авторитет среди коллег!<br>\r\n<br>\r\nЕсли Вы заметили нарушителя или нашли недоработку в одной из систем проекта, обратитесь в репорт.<br>\r\nК Вашей жалобе прислушаются и накажут нарушителя, или исправят недоработку.<br>\r\n<br>\r\nВозможно Вас вознаградят за помощь проекту.<br>\r\n<br>\r\n<img src=\"https://pp.userapi.com/c847221/v847221691/1997db/_3l6kNOtb5Y.jpg\"><p>\r\nВ любой хорошей игре должны присутствовать настройки. Наш проект не исключение.<br>\r\n<br>\r\n<img src=\"https://pp.userapi.com/c847221/v847221691/1997e5/EcRnwTerafM.jpg\"><p>\r\nВ настройках Вы можете сменить пароль, в целях повышения безопасности, привязать к аккаунту свою электронную почту, или настроить под себя некоторые настройки character.<br>\r\n<br>\r\nРаздел \"Магазин\" позволяет Вам пополнить свой игровой счёт, просмотреть историю пополнений, а также PURCHASE один из PACKAGEов Union RolePlay.<br>\r\n<br>\r\n<img src=\"https://pp.userapi.com/c847221/v847221691/1997ef/pDlUqXI3cqs.jpg\"><p>\r\nВы не могли не обратить внимание на худ, точнее на его наработки. Который можно отключать и настраивать в настройках интерфейса.<br>\r\nНа данный момент худ включает в себя: логотип проекта, наименование сервера, онлайн, реальное время по МСК, дату, иконку войс чата и телефона.<br>\r\nСтоит отметить, что иконка войс чата и телефона при активации подсвечивается зелёным цветом, но об этом мы расскажем позже.<br>\r\n<br>\r\n<img src=\"https://pp.userapi.com/c847221/v847221691/199811/HWFWKn0rEYs.jpg\"><p>\r\nНу и заключительная новость, это игровой чат. Который предоставлен в двух вариациях, а именно — левосторонний и правосторонний.<br>\r\nВ том числе имеется возможность отключения чата. Да, совсем забыли, переключатель тегов работает по клавише Tab.<br>\r\n<br>\r\n<img src=\"https://pp.userapi.com/c852020/v852020796/b341c/Al8slzUl0g8.jpg\"><p>\r\n<img src=\"https://pp.userapi.com/c847120/v847120691/197f13/pUMXUTHyYK8.jpg\"><p>\r\n<img src=\"https://pp.userapi.com/c845220/v845220691/19f691/zbttkLzjmIk.jpg\"><p>\r\nСпасибо Вам за прочтение данной статьи. Вы можете поддержать нас, вступив в группу проекта, лайкнув и репостнув этот пост.<br>\r\n<br>\r\nТак же предлагаем Вам вступить в наш сервер дискорд: <br>\r\n<a href=\"//discord.gg/cK3JEgK\">https://discord.gg/cK3JEgK</a> <br>\r\n<br>\r\nС уважением, команда проекта Union Role Play.<br>', 99, 1549818326, 'https://unionrp.ru/image/news/cover/news_cover_3.png'),
(4, 'Artyom Slyadnev', 'Инвентарь character', '', '\"Инвентарь character\" на нашем проекте представляет собой большое активное меню, при взаимодействии с которым,<br>\r\nигрок может идеально распределить свои вещи или освободить место для новых.<br>\r\nВ инвентаре character могут находиться различные вещи, количество которых довольно таки большое.<br>\r\n<br>\r\n<img src=\"https://pp.userapi.com/c850728/v850728190/b5c7f/tUYCSXriaC0.jpg\"><p>\r\nВ меню \"Инвентарь\" Вы можете узнать, какие вещи находятся: в карманах брюк, в куртке, в руках, и даже в Вашей сумке.<br>\r\n<br>\r\n<img src=\"https://pp.userapi.com/c850728/v850728190/b5c9b/0ODAO4AJ9yI.jpg\"><p>\r\nТакже можно надеть различные аксессуары и вещи, например: серьги, головной убор, очки, галстук, часы, браслет,<br>\r\nбронежилет, сумка, маска, перчатки, обувь, верхнюю и нижнюю одежду.<br>\r\n<br>\r\n<img src=\"https://pp.userapi.com/c850728/v850728190/b5cb2/tvNVhtrihWs.jpg\"><p>\r\nПри ненадобности Вы можете выкинуть лишние вещи из инвентаря. Помните: у Вас есть 30 килограмм места на всё ваше снаряжение и аксессуары,<br>\r\nв скором времени общий вес character будет зависеть от силовых показателей.<br>\r\n<br>\r\n<img src=\"https://pp.userapi.com/c850728/v850728190/b5cc5/Inm4fgvIj1I.jpg\"><p>\r\nВещи и предметы можно выбрасывать из инвентаря или одежды. А так-же поднимать их, с помощью клавиши E.<br>\r\n<br>\r\n<img src=\"https://pp.userapi.com/c850728/v850728190/b5cd7/0nuXcvzKij0.jpg\"><p>\r\n<img src=\"https://pp.userapi.com/c852028/v852028190/b3e79/7IONk7KIk7g.jpg\"><p>\r\nТак-же есть возможность положить предметы слоты верхней одежды, затем положить верхнюю одежду вместе с предметами в сумку,<br>\r\nпри этом предметы остаются на месте. С левой стороны будет прочий инвентарь, как пример — шкаф, Sullenажник и прочее.<br>\r\n<br>\r\nВ руках есть возможность использования различного оружия, о системе который мы расскажем немного позже.<br>\r\n<br>\r\nНа худ и логотип не обращайте внимание, скриншоты прошлого года. Худ уже доработан, об этом мы уже объявили в ранней статье.<br>\r\n<br>\r\nСпасибо Вам за прочтение данной статьи. Вы можете поддержать нас, вступив в группу проекта, лайкнув и репостнув этот пост.<br>\r\n<br>\r\nТак же предлагаем Вам вступить в наш сервер дискорд: <br>\r\n<a href=\"//discord.gg/cK3JEgK\">https://discord.gg/cK3JEgK</a> <br>\r\n<br>\r\nС уважением, команда проекта Union Role Play.<br>', 95, 1549899926, 'https://unionrp.ru/image/news/cover/news_cover_4.png'),
(5, 'Artyom Slyadnev', 'Спидометр, взаимодействие с characterми и транспортом', '', 'Итак, начнём со спидометра. Обратите внимание на подсветку, при заведённом двигателе, спидометр загорается, в противном случае тухнет.<br>\r\nВполне реалистично, согласны? Дальше, индикаторы, которые информируют игрока о неисправностях транспортного средства.<br>\r\nНемаловажную роль играет одометр, который фиксирует общее количество километров, пройденные транспортом за определённое время.<br>\r\nИндикатор количества топлива всегда уведомит игрока о пустом баке. Индикатор центрального замка, который уведомляет игрока о том,<br>\r\nчто в транспорте открыты/закрыты двери. Индикатор поворотников, ремня, фар и другое.<br>\r\n<br>\r\n<img src=\"https://pp.userapi.com/c850220/v850220116/d9abc/jSeslttr_nk.jpg\"><p>\r\n<img src=\"https://pp.userapi.com/c850020/v850020116/1292ee/UcK-PFIyAtI.jpg\"><p>\r\n<img src=\"https://pp.userapi.com/c850020/v850020116/1292f8/JmIw-kvAM7k.jpg\"><p>\r\nВ процессе взаимодействия с игроком вы можете:<br>\r\n• Поздороваться.<br>\r\n• Показать документы.<br>\r\n• Торговаться.<br>\r\n<br>\r\n<img src=\"https://pp.userapi.com/c850220/v850220500/d70f0/DWmfCaImhpc.jpg\"><p>\r\n<img src=\"https://pp.userapi.com/c850020/v850020500/1234e0/Y9bArDbCkRA.jpg\"><p>\r\nОкно подтверждения при взаимодействии:<br>\r\n<br>\r\n<img src=\"https://pp.userapi.com/c850220/v850220500/d7104/oMjLlWRQDRI.jpg\"><p>\r\nЕсли вы состоите во фракции, у вас имеются дополнительные возможности для взаимодействия.<br>\r\n<br>\r\n<img src=\"https://pp.userapi.com/c850220/v850220500/d7117/_xwdihDPh8U.jpg\"><p>\r\n<img src=\"https://pp.userapi.com/c850020/v850020500/1234f2/VNAWHp6klqM.jpg\"><p>\r\n<img src=\"https://pp.userapi.com/c850020/v850020500/1234fc/wd0pGNC1eP0.jpg\"><p>\r\nВ процессе взаимодействия с транспортом вы можете:<br>\r\n• Открыть/закрыть двери.<br>\r\n• Посмотреть капот.<br>\r\n• Посмотреть Sullenажник.<br>\r\n<br>\r\n<img src=\"https://pp.userapi.com/c850220/v850220500/d712a/TzHgrPbLw2Q.jpg\"><p>\r\nСтоит подметить, что возможности взаимодействия будут увеличиваться, и более того, это произойдёт до открытия. Так же, что у каждой фракции свои возможности для взаимодействия.\r\n<br>\r\nСпасибо Вам за прочтение данной статьи. Вы можете поддержать нас, вступив в группу проекта, лайкнув и репостнув этот пост.<br>\r\n<br>\r\nТак же предлагаем Вам вступить в наш сервер дискорд: <br>\r\n<a href=\"//discord.gg/cK3JEgK\">https://discord.gg/cK3JEgK</a> <br>\r\n<br>\r\nС уважением, команда проекта Union Role Play.<br>', 85, 1549972826, 'https://unionrp.ru/image/news/cover/news_cover_5.png'),
(6, 'Artyom Slyadnev', 'Инвентарь обмена/торговли', '', 'Иногда бывает просто необходимо договориться с кем-либо или добыть определённую вещь.<br>\r\nДля таких случаев на нашем проекте существует система инвентаря обмена/торговли.<br>\r\nНа отсутствие худа не обращайте внимание, скриншот был сделан давно.<br>\r\n<br>\r\n<img src=\"https://pp.userapi.com/c846418/v846418420/1a410d/XTy8FbKUYLY.jpg\"><p>\r\n\"Инвентарь обмена/торговли\" представляет собой активное окно, разделённое на несколько частей.<br>\r\nВ нижней части окна находится чат, с помощью которого можно договориться с игроком.<br>\r\nПосле нажатия кнопки \"Принять\", вы готовы к обмену.<br>\r\nИгроки могут обмениваться самыми разными предметами: пачка денег, шляпа, часы или другой аксессуар,<br>\r\nнаркотики, ключи от автомобиля - всё это можно передать другому игроку.<br>\r\n<br>\r\nДля того, чтобы совершить обмен, один из игроков выполняет ряд действий и нажимает кнопку «Готов»,<br>\r\nпосле чего второй игрок может согласиться на проведение сделки, нажав кнопку «Готов».<br>\r\nСледите за своим инвентарем и не попадайтесь на уловки мошенников!<br>\r\n<br>\r\n<img src=\"https://pp.userapi.com/c846418/v846418420/1a4152/jn4iGHT8ecQ.jpg\"><p>\r\n<br>\r\nСпасибо Вам за прочтение данной статьи. Вы можете поддержать нас, вступив в группу проекта, лайкнув и репостнув этот пост.<br>\r\n<br>\r\nТак же предлагаем Вам вступить в наш сервер дискорд: <br>\r\n<a href=\"//discord.gg/cK3JEgK\">https://discord.gg/cK3JEgK</a> <br>\r\n<br>\r\nС уважением, команда проекта Union Role Play.<br>', 89, 1550059226, 'https://unionrp.ru/image/news/cover/news_cover_6.png'),
(7, 'Artyom Slyadnev', 'Документы', '', 'Для совершения некоторых операций и использования новых возможностей на нашем проекте существует система документов.<br>\r\nДокументы необходимы каждому игровому персонажу, иначе пребывание в штате станет для него тяжёлым.<br>\r\nПросмотр документов происходит через инвентарь.<br>\r\n<br>\r\n<img src=\"https://pp.userapi.com/c846418/v846418420/1a416f/oBvFFy4wf0w.jpg\"><p>\r\nВажнейший документ character - паспорт. В паспорте указана основная информация о персонаже: ФИО, дата рождения,<br>\r\nвозраст, место проживания и семейное положение. Паспорт character могут потребовать сотрудники полиции при проверке.<br>\r\n<br>\r\n<img src=\"https://pp.userapi.com/c846418/v846418420/1a4165/U1zFI3lJ_h4.jpg\"><p>\r\nНемаловажными для character являются PACKAGE лицензий. Без License не имеет права носить и использовать огнестрельное оружие.<br>\r\nТакже в PACKAGE лицензий входят водительские права, лицензия на бизнес, лицензия на владение и управление морским судном.<br>\r\nВ случае отсутствия определённых лицензий, сотрудники полиции могут наказать игрока.<br>\r\n<br>\r\n<img src=\"https://pp.userapi.com/c846418/v846418420/1a4179/S8e9utsXk5Y.jpg\"><p>\r\n<img src=\"https://pp.userapi.com/c852224/v852224045/aac30/BxbtytBM-qE.jpg\"><p>\r\nВыписка из тира, в ней вы можете просмотреть владение тем или иным типом оружия, Skills владением оружия можно улучшать в стрельбищах,<br>\r\nлибо при перестрелках в криминальных структурах.<br>\r\n<br>\r\n<img src=\"https://pp.userapi.com/c846418/v846418420/1a4183/ZOaWNVIcf1c.jpg\"><p>\r\nСледующий, не менее важный документ - трудовая книга. Трудовая книга содержит в себе всю карьерную историю Вашего character.<br>\r\nДату вступления в организацию, должность и и название государственной структуры можно посмотреть тут.<br>\r\n<br>\r\n<img src=\"https://pp.userapi.com/c846418/v846418420/1a418d/6EhTLwm-A8M.jpg\"><p>\r\nСпасибо Вам за прочтение данной статьи. Вы можете поддержать нас, вступив в группу проекта, лайкнув и репостнув этот пост.<br>\r\n<br>\r\nТак же предлагаем Вам вступить в наш сервер дискорд: <br>\r\n<a href=\"//discord.gg/cK3JEgK\">https://discord.gg/cK3JEgK</a> <br>\r\n<br>\r\nС уважением, команда проекта Union Role Play.<br>', 84, 1550145626, 'https://unionrp.ru/image/news/cover/news_cover_7.png'),
(8, 'Artyom Slyadnev', 'Открытые интерьеры банд', '', 'Видеоряд с районов гетто:<br>\r\n<iframe width=\"560\" height=\"315\" src=\"https://www.youtube.com/embed/qkOC0iak7LQ\" frameborder=\"0\" allow=\"accelerometer; autoplay; encrypted-media; gyroscope; picture-in-picture\" allowfullscreen></iframe>\r\n<br>\r\n<br>\r\nВ этом видео вы увидите 4 открытых,оптимизированных для массовой игры на нашем сервере интерьера. Все предыдущие видео вы видели до обновления визуальной составляющей.<br>\r\nТак-же был добавлен транспорт и несколько пасхалок для самых продвинутых и игроков серии GTA! Да-да, о вас мы тоже подумали! Приятного просмотра, мира вам и вашему дому!<br>\r\n<br>\r\nНа видео интерьеры банд:<br>\r\n<br>\r\n- The Families Gang<br>\r\nПо задумке Rockstar:<br>\r\nКенты́ (англ. The Families) — афроамериканская банда в Grand Theft Auto V, членом которой является один из главных героев — Франклин.<br>\r\nБанда занимает всю территорию районов Чемберлен-Хиллз, Строберри и часть арены Maze Bank. У Кентов идёт ожесточённое соперничество с соседствующей бандой Баллас,<br>\r\nа также с бандой на юго-востоке Ранчо под названием Вагос.<br>\r\n<br>\r\n<img src=\"https://pp.userapi.com/c852232/v852232310/c019b/GqX_hewvglk.jpg\"><p>\r\n<img src=\"https://pp.userapi.com/c852232/v852232310/c01ac/16ZEeHKRfks.jpg\"><p>\r\n<img src=\"https://pp.userapi.com/c852232/v852232310/c01b6/FSOf6BW38MQ.jpg\"><p>\r\n<br>\r\n-  The Vagos Gang<br>\r\nПо задумке Rockstar:<br>\r\nБанда Los Santos Vagos появилась в городе почти одновременно с другими бандами, примерно в 70-х или 80-х годах. Как именно сформировалась банда, неизвестно,<br> \r\nно скорее всего она отсоединилась от одной мексиканской общины, в результате чего она разделилась на две части: Лос-Сантос Вагос и Varrios Los Aztecas.<br>\r\nК Ацтекам Вагос относились крайне жестоко, даже несмотря на то, что они «одной крови». Также Вагос враждовали с другими бандами,<br>\r\nособенно с Grove Street (в настоящее время The Families Gang), бандой, которая крайне враждебна настроена к наркотикам.<br>\r\nБолее-менее хорошо Лос-Сантос Вагос относились к Баллам, то развязывая войну, то заключая перемирие, а также торгуя с ними наркотиками и оружием.<br>\r\nПосле возращения Карла Джонсона, бывшего лидера банды с Гроув-стрит, положение Вагос сильно поменялось.<br>\r\nНесмотря на то, что главными врагами Семей Гроув-стрит были Баллас, Вагос тоже немало досталось, так как Grove Street срывали поставки крэка в Сан-Фиерро и захватывали у нее территорию.<br>\r\n<br>\r\n<img src=\"https://pp.userapi.com/c852232/v852232310/c01d4/ssEWEIkDR_g.jpg\"><p>\r\n<img src=\"https://pp.userapi.com/c852232/v852232310/c01ca/KmtFCRIkJiI.jpg\"><p>\r\n<br>\r\n- The Marabunta Grande<br>\r\nПо задумке Rockstar:<br>\r\nБанда находится в состоянии войны с Varrios Los Aztecas за торговлю наркотиками и оружием в округе Блейн. У членов банды чаще всего, как правило, бывают тату на лице.<br>\r\nВпервые члены этой банды появляются в миссии «Father/Son», где они крадут лодку Майкла вместе с Джимми на борту.  Также они появляются в побочных миссиях Оскара Гузмана,<br>\r\nгде пытаются отобрать товар у Тревора. Членов этой банды можно найти на территории Восточного Лос-Сантоса, в основном в Эль-Бурро-Хайтс, а также на Веспуччи-Бич.<br>\r\nТакже они ошиваются в Восточном Вайнвуде и рядом с Миррор-Парком. В основном, они активны по ночам. Если их спровоцировать, то сразу же начинают атаковать.<br>\r\nВозможно, эта банда скопирована с существующей банды Mara Salvatrucha.<br>\r\n<br>\r\n<img src=\"https://pp.userapi.com/c852232/v852232310/c01de/MxwY5SQIOCg.jpg\"><p>\r\n<img src=\"https://pp.userapi.com/c852232/v852232310/c01e8/Fgt3P9EqCqI.jpg\"><p>\r\n<img src=\"https://pp.userapi.com/c852232/v852232310/c01f2/1ti9SV3EVZE.jpg\"><p>\r\n<br>\r\n-  The Ballas Gang<br>\r\nПо задумке Rockstar:<br>\r\nБаллас — афроамериканская преступная группировка. В 80-х и 90-х была самой сильной бандой Лос-Сантоса. Имела половину территории города, включая Глен-Парк,<br>\r\nАйдлвуд, две территории Ист-Бич и ещё немало районов города. Прибыль банда получает с торговли наркотиками и оружием, «крышевания», рэкета, а также сутенёрства.<br>\r\nЧлены Баллас носят одежду пурпурного цвета: пурпурные куртки, рубашки, как правило, мешковатые шорты и банданы.<br>\r\nЗаклятые враги банды — другая афроамериканская банда Семьи Гроув-стрит, также у Балласов напряжённые отношения с Триадами и Варриос Лос Ацтекас.<br>\r\nБаллас сотрудничают в наркоторговле с бандами Вагос Лос-Сантоса, Рифа Сан-Фиерро, Синдикат Локо и коррумпированной организацией C.R.A.S.H. По оружейным сделкам — с русской мафией.<br>\r\n<br>\r\n<img src=\"https://pp.userapi.com/c846420/v846420394/1a84d6/hEfvzQw7i-M.jpg\"><p>\r\n<img src=\"https://pp.userapi.com/c846420/v846420394/1a84b8/9ugKi4aCnZY.jpg\"><p>\r\n<img src=\"https://pp.userapi.com/c846420/v846420394/1a84c2/SwXTPib52PE.jpg\"><p>\r\n<img src=\"https://pp.userapi.com/c846420/v846420394/1a84cc/Swr7i7GH8KU.jpg\"><p>\r\nМы уверены, что вы посмотрели это видео с большим удовольствием!<br>\r\nХочешь быть во главе одной и банд? Пиши в комментарии и свой ник, который будет у тебя на нашем сервере! Пиши, что бы ты хотел видеть в будущем на своём районе? <br>\r\nЛучшие комментарии будут отсортировываться и воплощаться в ближайшее время! Лучшие авторы идей, получат бонус!<br>\r\n<br>\r\nСпасибо Вам за прочтение данной статьи. Вы можете поддержать нас, вступив в группу проекта, лайкнув и репостнув этот пост.<br>\r\n<br>\r\nТак же предлагаем Вам вступить в наш сервер дискорд: <br>\r\n<a href=\"//discord.gg/cK3JEgK\">https://discord.gg/cK3JEgK</a> <br>\r\n<br>\r\nС уважением, команда проекта Union Role Play.<br>', 105, 1550587226, 'https://unionrp.ru/image/news/cover/news_cover_8.png'),
(9, 'Artyom Slyadnev', 'Банкоматы, удостоверения и планшеты', '', 'Продолжаем удивлять вас нашими обновлениями. Сегодня мы покажем вам технологии и возможности, которые вас ждут при открытии сервера.<br>\r\n<br>\r\nВы готовы? Тогда поехали! :)<br>\r\n<br>\r\n* Банкоматы<br>\r\nНеотъемлемая часть сервера. Обратите внимание на простоту и удобство, выполняя операцию в банкомате. Вы не ошибётесь с переводом денег на счёт другого клиента банка,<br>\r\nтак как функция подтверждения перевода и информации о получателе не позволит вам допустить это ошибку.<br>\r\n<br>\r\n<img src=\"https://pp.userapi.com/c852236/v852236137/c9987/3LVHjqI-SzY.jpg\"><p>\r\n<img src=\"https://pp.userapi.com/c852236/v852236137/c9991/9ydIINEL4q4.jpg\"><p>\r\n<img src=\"https://pp.userapi.com/c852236/v852236137/c999b/bg1ZqJbL_O0.jpg\"><p>\r\n* Удостоверения LSPD и FIB<br>\r\nОтыгрывая роль сотрудника LSPD или FIB вам не придется объяснять на словах кто вы такой. Достаточно просто показать игроку, стоящего напротив вас, удостоверение.<br>\r\nУвидев жетон на внутренней стороне и краткую информацию о вас у игрока отпадут сомнения.<br>\r\n<br>\r\n<img src=\"https://pp.userapi.com/c849024/v849024304/132162/bc6lMixJTro.jpg\"><p>\r\n<img src=\"https://pp.userapi.com/c848624/v848624630/13d829/5juCn_gupG0.jpg\"><p>\r\n* Планшеты<br>\r\nПланшет сотрудника государственной организации — это информационный носитель, ваш второй друг, который всегда подскажет и поможет вам если вы попали в беду.<br>\r\n<br>\r\nЧто из интересного?<br>\r\n• Единая база данных<br>\r\n• Поиск преступника<br>\r\n• Запросить помощь по экстренной связи и многое другое<br>\r\n<br>\r\nПланшет LSMC<br>\r\n<img src=\"https://pp.userapi.com/c849024/v849024304/13216a/MoDAFxMTdKM.jpg\"><p>\r\nПланшет LSPD<br>\r\n<img src=\"https://pp.userapi.com/c851416/v851416137/c8448/k48nmc5jt1o.jpg\"><p>\r\nПланшет FIB<br>\r\n<img src=\"https://pp.userapi.com/c849420/v849420630/139360/X3NUUSPM7Yk.jpg\"><p>\r\nСпасибо Вам за прочтение данной статьи. Вы можете поддержать нас, вступив в группу проекта, лайкнув и репостнув этот пост.<br>\r\n<br>\r\nТак же предлагаем Вам вступить в наш сервер дискорд: <br>\r\n<a href=\"//discord.gg/cK3JEgK\">https://discord.gg/cK3JEgK</a> <br>\r\n<br>\r\nС уважением, команда проекта Union Role Play.<br>', 89, 1550969126, 'https://unionrp.ru/image/news/cover/news_cover_9.png'),
(10, 'Artyom Slyadnev', 'Система такси v 1.0', '', 'Всем привет, будем краткими в этот раз, действительно работаем так, что не замечаем как время идёт.<br>\nВ этом видео мы для вас отсняли функционал такси, конечно какие-то детали будут дополняться и лишнее уберётся, но,<br>\nна данный момент такси уже полностью играбельно даже с учетом первичных Sullenов, жуки уничтожены.<br>\n<br>\n<iframe width=\"560\" height=\"315\" src=\"https://www.youtube.com/embed/OYzhQymTEps\" frameborder=\"0\" allow=\"accelerometer; autoplay; encrypted-media; gyroscope; picture-in-picture\" allowfullscreen></iframe><br>\n<br>\nЗолотое правило нашей команды, заключается в том, чтобы всем было проще, все таки это что то новое, нежели старый добрый samp.<br>\nУ нас большое количество функционала будет автоматизировано! Вам больше не придется отыгрывать банальные вещи через тот же «/me»<br>\nТак же мы и поступили с такси. Все просто и понятно!<br>\nВы, через телефон (который будет показан в ближайшее время) вызываете такси, Ваш заказ принимает один из водителей,<br>\nвезде приходят уведомления для понимания каждого действия из двух сторон — водителя и пассажира.<br>\n<br>\n<img src=\"https://pp.userapi.com/c850620/v850620699/c3a77/V-7OYnJHyPk.jpg\" style=\"width: 500; height: 500;\"><p>\n\nПосле посадки в такси, ваши действия:<br>\nОткрыть карту на «ESC»<br>\nПоставить метку на карте в любом месте.<br>\nПосле выбора места прибытия, закройте карту и нажмите на (анг). «E» <br>\nКак только вы поставите метку, будет автоматически рассчитана сумма Вашей поездки. Самое главное, если вы решите выйти на пол пути или на 5% от пути,<br>\nто деньги спишут именно за Distance — которое вы проехали!<br>\n<br>\nДоброго пути!<br>\n<br>\n<img src=\"https://pp.userapi.com/c850620/v850620699/c3aae/GmHJxT8sD1w.jpg\"><p>\n<img src=\"https://pp.userapi.com/c850620/v850620699/c3ab8/u2vDgtPAa9s.jpg\"><p>\n<img src=\"https://pp.userapi.com/c849120/v849120816/12dc23/cSJeyN2PJH0.jpg\"><p>\n<img src=\"https://pp.userapi.com/c849332/v849332816/13d603/RrjPCYIXmaM.jpg\"><p>\nСо стороны водителя:<br>\nУстроившись на работу в такси, вы входите в приложение такси «Downtown Cab Company» под своим именем и паролем!<br>\n<br>\n<img src=\"https://pp.userapi.com/c850432/v850432699/caf90/n5BvYMCo708.jpg\"><p>\n<img src=\"https://pp.userapi.com/c850432/v850432699/caf9a/IKq1tkeBygE.jpg\"><p>\n<img src=\"https://pp.userapi.com/c850432/v850432699/cafa4/VM65zeT5m14.jpg\"><p>\n<img src=\"https://pp.userapi.com/c850432/v850432699/cafae/B9DIxgzCRvM.jpg\"><p>\nТеперь вы готовы творить!<br>\nЕсть два вида отображения приложения DTCabCo, в обычном (развернутом) режиме, и в режиме компактного меню, где будет указаны данные о поездки.<br>\nЧтобы менять режим отображения нажмите «Numpad0»<br>\nЗаказы приходят в режиме реального времени, вам не нужно обновлять список в ручную, что очень приятно и комфортно в потоке заказов.<br>\n<br>\n<img src=\"https://pp.userapi.com/c850432/v850432699/cafc1/lXZB54L_t8Q.jpg\"><p>\n<img src=\"https://pp.userapi.com/c850432/v850432699/cafcb/Q_bUA9wxO1o.jpg\"><p>\n<img src=\"https://pp.userapi.com/c850432/v850432699/cafd5/B7iUPvRxgIw.jpg\"><p>\n<img src=\"https://pp.userapi.com/c850432/v850432699/cafdf/fcmDcYYp97w.jpg\"><p>\nВ кратце мы показали вам как можно работать водителем такси, остальную навигацию нововведения вы увидите в игре!<br>\n<br>\nВажно!<br>\nПросим вас не обращать на второй план в видео, какие-то детали будут изменены в целом.<br>\n<br>\nБонус!<br>\nВ комментариях по видео, предлагайте свои идеи и дополнительные функции для приложения такси! Самая лучшая идея будет реализована на открытии сервера,<br>\nа её создатель получит вознаграждение на свой аккаунт!<br>\nКомментарии обязательно должны быть под видео на нашем YouTube канале!<br>\nНаш канал YouTube: <a href=\"//www.youtube.com/unionroleplay\"> https://www.youtube.com/unionroleplay</a> <br>\nСпасибо Вам за прочтение данной статьи. Вы можете поддержать нас, вступив в группу проекта, лайкнув и репостнув этот пост.<br>\n<br>\nТак же предлагаем Вам вступить в наш сервер дискорд: <br>\n<a href=\"//discord.gg/cK3JEgK\">https://discord.gg/cK3JEgK</a> <br>\n<br>\nС уважением, команда проекта Union Role Play.<br>', 134, 1551056726, 'https://unionrp.ru/image/news/cover/news_cover_10.png'),
(11, 'Artyom Slyadnev', 'Меню домов + бонус', '', 'Доброго времени суток, дорогие друзья!<br>\r\nХотим сказать спасибо за вашу активность и поддержку!<br>\r\nОсталось совсем немного до открытия, поэтому делимся с вами маленькой частью того, что мы сделали. <br>\r\nЖелаем вам приятного просмотра, нам интересно узнать ваше мнение!<br>\r\nОбязательно оставляйте комментарии с вашими предложениями и пожеланиями, возможно, именно твоя идея будет полезна для игроков и реализована в игре!<br>\r\nГлядишь, что-то новое появится<br>\r\n<br>\r\n<iframe width=\"560\" height=\"315\" src=\"https://www.youtube.com/embed/rzlj4pChITI\" frameborder=\"0\" allow=\"accelerometer; autoplay; encrypted-media; gyroscope; picture-in-picture\" allowfullscreen></iframe>\r\n<br>\r\n<br>\r\nТак же предлагаем Вам вступить в наш сервер дискорд: <br>\r\n<a href=\"//discord.gg/cK3JEgK\">https://discord.gg/cK3JEgK</a> <br>\r\n<br>\r\nС уважением, команда проекта Union Role Play.<br>', 258, 1551812400, 'https://unionrp.ru/image/news/cover/news_cover_1.png');

-- --------------------------------------------------------

--
-- Table structure for table `news_like`
--

CREATE TABLE `news_like` (
  `id` int(11) NOT NULL,
  `user` varchar(40) NOT NULL,
  `newsid` int(30) NOT NULL
) ENGINE=InnoDB DEFAULT CHARSET=latin1;

--
-- Dumping data for table `news_like`
--

INSERT INTO `news_like` (`id`, `user`, `newsid`) VALUES
(6, 'Tracer', 2),
(7, 'Tracer', 10);

-- --------------------------------------------------------

--
-- Table structure for table `parking_city`
--

CREATE TABLE `parking_city` (
  `id` int(11) NOT NULL,
  `name` varchar(50) NOT NULL,
  `cords` text NOT NULL
) ENGINE=InnoDB DEFAULT CHARSET=utf8;

-- --------------------------------------------------------

--
-- Table structure for table `parking_city_slots`
--

CREATE TABLE `parking_city_slots` (
  `id` int(11) NOT NULL,
  `pid` int(11) DEFAULT NULL,
  `cords` text DEFAULT NULL
) ENGINE=InnoDB DEFAULT CHARSET=utf8;

-- --------------------------------------------------------

--
-- Table structure for table `peds`
--

CREATE TABLE `peds` (
  `id` int(11) NOT NULL,
  `model` varchar(20) CHARACTER SET latin1 NOT NULL,
  `x` float NOT NULL,
  `y` float NOT NULL,
  `z` float NOT NULL,
  `h` float NOT NULL
) ENGINE=InnoDB DEFAULT CHARSET=utf8;

--
-- Dumping data for table `peds`
--

INSERT INTO `peds` (`id`, `model`, `x`, `y`, `z`, `h`) VALUES
(1, 's_f_y_cop_01', 440.719, -978.852, 30.6896, 157.98),
(2, 's_m_y_cop_01', 454.061, -980.164, 30.6896, 86.2851),
(4, 's_m_y_ammucity_01', 1984.35, 3054.63, 47.2152, 245.98),
(6, 'mp_m_fibsec_01', 123.639, -732.672, 242.152, 93.4693),
(7, 's_m_m_ciasec_01', 156.005, -738.694, 242.152, 79.2953),
(8, 's_m_y_marine_03', -2347.5, 3269.1, 32.8108, 233.975),
(9, 's_m_y_pilot_01', -2257.31, 3207.44, 32.81, 268.161),
(10, 's_m_m_marine_01', 3094.83, -4718.64, 15.2626, 88.2529),
(15, 's_f_y_hooker_01', -1068.04, -241.964, 39.7332, 235.568),
(16, 's_f_m_shop_high', -708.941, -151.852, 37.4151, 136.175),
(17, 'ig_taostranslator', -164.979, -302.956, 39.7333, 247.655),
(18, 'ig_screen_writer', 127.341, -223.315, 54.5578, 65.2954),
(19, 's_f_y_shop_low', 423.953, -811.499, 29.4911, 2.6627),
(20, 'g_m_y_mexgoon_02', 76.5409, -1387.7, 29.3761, 180.596),
(21, 'a_m_y_indian_01', -817.191, -1072.04, 11.3281, 114.904),
(22, 'csb_imran', -1194.61, -767.437, 17.3161, 205.1),
(23, 'u_m_y_gunvend_01', -1448.96, -238.16, 49.8135, 40.4267),
(24, 'u_f_m_miranda', -3169.07, 1043.88, 20.8632, 64.0607),
(25, 'a_f_o_genstreet_01', -1097.4, 2713.96, 19.1078, 142.533),
(26, 'a_f_m_eastsa_01', 612.967, 2762.04, 42.0881, 267.046),
(27, 'csb_hugh', 1201.98, 2709.2, 38.2226, 90.2975),
(28, 'ig_janet', 0.789797, 6509.09, 31.8778, 312.244),
(29, 'a_f_y_hipster_03', 1694.17, 4817.5, 42.0631, 6.07229),
(30, 'ig_jimmyboston', 842.43, -1035.32, 28.1949, 358.661),
(32, 'a_m_m_salton_02', 21.8446, -1105.19, 29.797, 149.912),
(33, 's_m_m_trucker_01', -662.553, -933.527, 21.8292, 175.699),
(34, 's_m_y_strvend_01', -1303.95, -394.162, 36.6958, 74.257),
(35, 'a_m_m_polynesian_01', 253.968, -50.1573, 69.9411, 70.1654),
(36, 'ig_manuel', 810.369, -2159.08, 29.619, 0.436521),
(37, 'g_m_y_mexgang_01', 2568.22, 292.618, 108.735, 2.78077),
(38, 'ig_marnie', 1692.17, 3760.83, 34.7053, 227.219),
(39, 'ig_josef', -331.84, 6084.86, 31.4548, 229.609),
(40, 'ig_joeminuteman', -3173.68, 1088.16, 20.8387, 245.835),
(42, 's_m_y_xmech_02', -1152.23, -1423.8, 4.95446, 127.085),
(43, 's_m_y_robber_01', 1324.41, -1650.05, 52.275, 122.77),
(44, 'ig_paige', -3170.29, 1072.88, 20.8292, 330.779),
(45, 'u_m_m_aldinapoli', 1862.4, 3748.36, 33.0319, 32.1475),
(46, 'a_m_m_farmer_01', -292.039, 6199.81, 31.4871, 228.812),
(48, 'ig_michelle', 117.068, -747.315, 45.7516, 110.718),
(50, 'a_m_y_mexthug_01', -47.1782, -1758.44, 29.421, 44.6846),
(52, 'a_f_m_ktown_02', 24.4734, -1345.83, 29.497, 270.437),
(53, 'ig_jewelass', -706.154, -914.342, 19.2156, 85.7056),
(55, 'ig_old_man1a', -1221.61, -908.053, 12.3263, 33.2483),
(56, 'ig_ramp_hic', -1486.72, -377.569, 40.1634, 133.247),
(57, 'u_m_y_party_01', 1134.33, -983.148, 46.4158, 282.762),
(58, 'u_m_y_paparazzi', 1164.82, -323.53, 69.2051, 97.4493),
(61, 'a_m_y_latino_01', -2966.41, 391.45, 15.0433, 83.403),
(62, 'g_m_m_korboss_01', -3040.56, 584.04, 7.90893, 12.8214),
(63, 'a_f_o_ktown_01', -3243.91, 1000.15, 12.8307, 350.972),
(64, 'a_m_m_hillbilly_02', 1728.58, 6416.71, 35.0372, 240.786),
(65, 'u_m_y_hippie_01', 1697.39, 4923.4, 42.0637, 323.481),
(67, 'a_m_y_hippy_01', 1391.9, 3606.15, 34.9809, 196.9),
(68, 'u_f_y_hotposh_01', 1959.19, 3741.4, 32.3438, 295.966),
(69, 'a_f_o_indian_01', 2676.57, 3280.26, 55.2411, 328.945),
(70, 'csb_jackhowitzer', 1165.32, 2710.87, 38.1577, 174.259),
(71, 'a_m_m_mexcntry_01', 549.251, 2669.72, 42.1565, 95.8266),
(72, 'a_m_m_mexlabor_01', -1819.6, 793.6, 138.086, 131.313),
(73, 'u_m_m_partytarget', 2555.51, 380.817, 108.623, 359.665),
(74, 'csb_stripper_02', 128.935, -1283.12, 29.2728, 121.633),
(75, 's_f_y_stripper_01', 114.5, -1288.22, 28.4587, 267.607),
(76, 'a_f_m_beach_01', 112.593, -1284.93, 28.4587, 338.104),
(77, 's_f_y_stripper_02', -1380.17, -617.723, 31.7578, 147.848),
(78, 's_f_y_stripper_01', -1383.68, -612.439, 31.7578, 86.1726),
(79, 'csb_tonya', -1392.33, -604.374, 30.3195, 109.426),
(80, 'ig_terry', 988.186, -94.9435, 74.8454, 218.516),
(84, 's_m_m_autoshop_01', -568.99, 5252.61, 70.4875, 74.7194),
(85, 's_m_m_cntrybar_01', -571.516, 5360.88, 70.2144, 262.862),
(88, 'a_c_cow', 1865.84, 4896.86, 44.8987, 182.763),
(89, 'a_m_m_hillbilly_01', 2016.34, 4988.06, 42.0981, 189.832),
(90, 'a_m_o_soucent_03', -595.155, 2092.41, 131.469, 56.4393),
(91, 'a_m_m_salton_01', 2570.04, 2719.62, 42.8841, 213.878),
(108, 'ig_taocheng', 106.357, -1568.43, 29.6027, 310.976),
(109, 'ig_hunter', 166.249, 2229.91, 90.7349, 54.1128),
(110, 'a_c_husky', 165.646, 2228.85, 90.1706, 23.5558),
(124, 'ig_kerrymcintosh', -822.993, -184.031, 37.5689, 209.79),
(148, 's_m_m_security_01', 260.145, 217.528, 106.286, 79.2558),
(156, 's_m_m_security_01', 246.503, 214.053, 106.287, 341.704),
(157, 's_m_m_security_01', 234.476, 226.055, 106.287, 252.06),
(160, 'csb_ramp_hic', 1397.17, 3604.81, 38.9419, 335.406),
(161, 'g_m_y_famdnf_01', -150.14, -1605.49, 35.0263, 301.229),
(162, 's_m_m_dockwork_01', -95.1668, -1014.12, 27.2752, 159.422),
(163, 'ig_siemonyetarian', 159.015, -3081.32, 6.01367, 271.05),
(164, 's_m_y_dockwork_01', -411.563, -2700.33, 6.00022, 265.317),
(166, 's_m_m_postal_01', -258.747, -841.69, 31.4212, 123.021),
(167, 'u_m_y_burgerdrug_01', 538.161, 101.741, 96.5337, 148.248),
(168, 's_m_m_postal_02', 78.6667, 112.179, 81.1682, 215.609),
(169, 's_m_y_construct_02', -629.405, -1634.9, 25.975, 177.753),
(171, 's_m_m_fiboffice_01', 241.921, 226.892, 106.287, 157.323),
(172, 'a_f_y_business_01', 243.612, 226.245, 106.288, 160.52),
(173, 'a_f_y_business_02', 247.088, 224.981, 106.288, 158.102),
(174, 'a_m_y_business_02', 248.915, 224.315, 106.287, 155.539),
(175, 'a_m_m_business_01', 252.224, 223.119, 106.287, 157.225),
(176, 'a_f_y_business_01', 254.049, 222.502, 106.287, 156.432),
(178, 'ig_josh', 895.305, -178.908, 74.7003, 239.322),
(180, 'g_m_y_ballaorig_01', 110.708, -1968.27, 21.3276, 317.696),
(181, 'g_m_y_mexgoon_01', 342.19, -2021.41, 22.3949, 187.342),
(182, 'g_m_y_salvagoon_01', 1437.43, -1487.2, 63.703, 184.636),
(184, 's_m_y_hwaycop_01', 1852.81, 3689.07, 34.267, 203.672),
(185, 'csb_prolsec', -448.286, 6012.49, 31.7164, 308.788),
(187, 'ig_bankman', -32.5902, -1112.42, 26.4224, 7.35918),
(188, 'a_m_m_eastsa_01', -1118.79, 2699.91, 18.5541, 221.1),
(190, 'cs_dale', -1284.26, -1115.68, 6.99011, 93.7396),
(191, 'a_f_y_hipster_01', -31.0471, -151.625, 57.0765, 335.771),
(192, 'csb_imran', 134.822, -1708.16, 29.2916, 137.642),
(193, 'u_f_m_miranda', 1211.43, -470.686, 66.208, 73.3052),
(194, 'u_f_y_poppymich', -278.03, 6230.42, 31.6955, 42.4558),
(195, 'u_f_y_princess', 1930.95, 3728.23, 32.8444, 209.905),
(196, 's_m_m_doctor_01', 262.101, -1359.73, 24.5378, 47.3808);

-- --------------------------------------------------------

--
-- Table structure for table `phone_contacts`
--

CREATE TABLE `phone_contacts` (
  `id` int(64) NOT NULL,
  `creator` int(64) NOT NULL,
  `name` varchar(64) NOT NULL,
  `num` int(64) NOT NULL,
  `sender` int(64) NOT NULL
) ENGINE=InnoDB DEFAULT CHARSET=utf8;

--
-- Dumping data for table `phone_contacts`
--

INSERT INTO `phone_contacts` (`id`, `creator`, `name`, `num`, `sender`) VALUES
(2, 68, 'Buy Tapkin', 199164, 65),
(3, 114, '123', 671590, 86),
(4, 85, 'Stepan', 671590, 86),
(5, 1686, 'Vad', 845912, 1685),
(7, 1687, 'VADIK', 845912, 1685),
(8, 1685, 'Vark', 363390, 1687);

-- --------------------------------------------------------

--
-- Table structure for table `phone_messages`
--

CREATE TABLE `phone_messages` (
  `id` int(64) NOT NULL,
  `text` varchar(256) NOT NULL,
  `sender_num` int(64) NOT NULL,
  `creator_num` int(64) NOT NULL
) ENGINE=InnoDB DEFAULT CHARSET=utf8;

--
-- Dumping data for table `phone_messages`
--

INSERT INTO `phone_messages` (`id`, `text`, `sender_num`, `creator_num`) VALUES
(4, 'HELLO', 400378, 671590),
(5, 'Vadimmkalox\n', 762636, 845912),
(6, 'KJHvfljhsbdfljbsdlkjfbsldjbfalkjbdflksbdflkbsdlkjfbslkdbflksjdbflkjsbdfkhbsdlkfjbslkdjfbskjdjbfkljsdbfkljsdbflkjsdbflkjb', 845912, 762636),
(7, '   ', 845912, 762636),
(8, 'help\n', 762636, 845912),
(9, 'вадикяопкакался\n', 363390, 845912),
(10, 'Короче привет ёпта', 845912, 363390);

-- --------------------------------------------------------

--
-- Table structure for table `phone_special`
--

CREATE TABLE `phone_special` (
  `id` int(64) NOT NULL,
  `name` varchar(64) NOT NULL,
  `number` int(64) NOT NULL
) ENGINE=InnoDB DEFAULT CHARSET=utf8;

--
-- Dumping data for table `phone_special`
--

INSERT INTO `phone_special` (`id`, `name`, `number`) VALUES
(1, 'Government', 101),
(2, 'Federal Investigation Bureau', 102),
(3, 'Police Department Los Santos', 103),
(4, 'Blaine County Sheriffs Office', 104),
(5, 'Medical Center Los Santos', 105),
(6, 'Blaine County Medical Center', 106),
(7, 'Ground Forces Fort Zankudo', 107),
(8, 'Naval forces', 108),
(9, 'Bolingbroke prison', 109),
(10, 'Weazel News', 121),
(11, 'CNT', 122),
(12, 'Life Invader', 123),
(13, 'Taxis', 5555555);

-- --------------------------------------------------------

--
-- Table structure for table `phone_taken`
--

CREATE TABLE `phone_taken` (
  `id` int(64) NOT NULL,
  `num` int(64) NOT NULL DEFAULT 0
) ENGINE=InnoDB DEFAULT CHARSET=utf8;

--
-- Dumping data for table `phone_taken`
--

INSERT INTO `phone_taken` (`id`, `num`) VALUES
(1, 845912),
(2, 762636),
(3, 363390),
(4, 211270),
(5, 726432),
(6, 699641),
(7, 124106),
(8, 468717),
(9, 105643),
(10, 786147),
(11, 743282);

-- --------------------------------------------------------

--
-- Table structure for table `promocodes`
--

CREATE TABLE `promocodes` (
  `id` int(11) NOT NULL,
  `character_id` int(11) NOT NULL DEFAULT 0,
  `code` varchar(50) DEFAULT NULL,
  `date` timestamp NOT NULL DEFAULT current_timestamp() ON UPDATE current_timestamp(),
  `add_admin` varchar(50) NOT NULL,
  `reward_config` text NOT NULL,
  `reward_sum` int(11) NOT NULL DEFAULT 0
) ENGINE=InnoDB DEFAULT CHARSET=utf8;

--
-- Dumping data for table `promocodes`
--

INSERT INTO `promocodes` (`id`, `character_id`, `code`, `date`, `add_admin`, `reward_config`, `reward_sum`) VALUES
(1, 1, 'register', '2019-08-04 22:45:11', 'Cubix Qbix', '{\"register\":100,\"lvl2\":100,\"lvl3\":100,\"lvl5\":100,\"lvl10\":100}', 0);

-- --------------------------------------------------------

--
-- Table structure for table `promocodes_data`
--

CREATE TABLE `promocodes_data` (
  `idcode` int(11) DEFAULT NULL,
  `date` timestamp NULL DEFAULT NULL,
  `regId` int(11) DEFAULT NULL,
  `rewarded` text DEFAULT NULL
) ENGINE=InnoDB DEFAULT CHARSET=utf8;

-- --------------------------------------------------------

--
-- Table structure for table `reports`
--

CREATE TABLE `reports` (
  `id` int(11) NOT NULL,
  `reason` varchar(255) CHARACTER SET utf8 NOT NULL,
  `playerId` int(11) NOT NULL,
  `adminId` int(11) DEFAULT NULL,
  `updated_at` int(11) DEFAULT 0,
  `created_at` int(11) DEFAULT 0,
  `status` tinyint(11) NOT NULL DEFAULT 0
) ENGINE=InnoDB DEFAULT CHARSET=latin1;

-- --------------------------------------------------------

--
-- Table structure for table `reports_messages`
--

CREATE TABLE `reports_messages` (
  `id` int(11) NOT NULL,
  `reportId` int(11) DEFAULT 1,
  `name` varchar(50) DEFAULT NULL,
  `serverId` int(11) DEFAULT NULL,
  `playerId` int(11) DEFAULT NULL,
  `message` varchar(50) CHARACTER SET utf8mb4 DEFAULT NULL,
  `date` int(11) DEFAULT NULL
) ENGINE=InnoDB DEFAULT CHARSET=latin1;

-- --------------------------------------------------------

--
-- Table structure for table `spawn_pos`
--

CREATE TABLE `spawn_pos` (
  `id` int(11) NOT NULL,
  `name` varchar(128) CHARACTER SET utf8 NOT NULL,
  `x` float NOT NULL,
  `y` float NOT NULL,
  `z` float NOT NULL,
  `rot` float NOT NULL
) ENGINE=InnoDB DEFAULT CHARSET=latin1;

--
-- Dumping data for table `spawn_pos`
--

INSERT INTO `spawn_pos` (`id`, `name`, `x`, `y`, `z`, `rot`) VALUES
(5, 'Arrival_LS_1', -1037.45, -2737.43, 13.781, 327.236),
(6, 'Local', 562.236, -1769.94, 29.357, 330.593),
(9, 'Arrival_BC_1', 1535.6, 3777.82, 34.516, 210.462),
(10, 'Local_BC_1', -160.762, 6422.82, 31.916, 45.15);

-- --------------------------------------------------------

--
-- Table structure for table `store_bracelets`
--

CREATE TABLE `store_bracelets` (
  `id` int(11) NOT NULL,
  `name` varchar(30) NOT NULL,
  `variation` int(11) NOT NULL,
  `price` int(11) NOT NULL,
  `textures` varchar(128) NOT NULL,
  `sex` int(1) NOT NULL,
  `class` int(1) NOT NULL DEFAULT 1
) ENGINE=InnoDB DEFAULT CHARSET=utf8;

--
-- Dumping data for table `store_bracelets`
--

INSERT INTO `store_bracelets` (`id`, `name`, `variation`, `price`, `textures`, `sex`, `class`) VALUES
(1, 'Clothes 1', 0, 8000, '[0,1,2,3,4,5,6,7,8,9,10,11,12,13,14,15,16,17,18,19,20]', 1, 3),
(2, 'Clothes 2', 1, 9000, '[0,1,2,3,4,5,6,7,8,9,10,11,12,13,14,15,16,17,18,19,20]', 1, 3),
(3, 'Clothes 3', 2, 18000, '[0,1,2,3,4,5,6,7,8,9,10,11,12,13,14,15,16,17,18,19,20]', 1, 3),
(4, 'Clothes 4', 3, 11000, '[0,1,2,3,4,5,6,7,8,9,10,11,12,13,14,15,16,17,18,19,20]', 1, 3),
(5, 'Clothes 5', 4, 10000, '[0,1,2,3,4,5,6,7,8,9,10,11,12,13,14,15,16,17,18,19,20]', 1, 3),
(6, 'Clothes 6', 5, 1000, '[0,1,2,3,4,5,6,7,8,9,10,11,12,13,14,15,16,17,18,19,20]', 1, 3),
(7, 'Clothes 7', 6, 3500, '[0,1,2,3,4,5,6,7,8,9,10,11,12,13,14,15,16,17,18,19,20]', 1, 3),
(8, 'Clothes 8', 7, 500, '[0,1,2,3,4,5,6,7,8,9,10,11,12,13,14,15,16,17,18,19,20]', 1, 3),
(9, 'Clothes 9', 0, 500, '[0,1,2,3,4,5,6,7,8,9,10,11,12,13,14,15,16,17,18,19,20]', 0, 3),
(10, 'Clothes 10', 1, 500, '[0,1,2,3,4,5,6,7,8,9,10,11,12,13,14,15,16,17,18,19,20]', 0, 3),
(11, 'Clothes 11', 2, 500, '[0,1,2,3,4,5,6,7,8,9,10,11,12,13,14,15,16,17,18,19,20]', 0, 3),
(12, 'Clothes 12', 3, 500, '[0,1,2,3,4,5,6,7,8,9,10,11,12,13,14,15,16,17,18,19,20]', 0, 3),
(13, 'Clothes 13', 4, 500, '[0,1,2,3,4,5,6,7,8,9,10,11,12,13,14,15,16,17,18,19,20]', 0, 3),
(14, 'Clothes 14', 5, 500, '[0,1,2,3,4,5,6,7,8,9,10,11,12,13,14,15,16,17,18,19,20]', 0, 3),
(15, 'Clothes 15', 6, 400, '[0,1,2,3,4,5,6,7,8,9,10,11,12,13,14,15,16,17,18,19,20]', 0, 3),
(16, 'Clothes 16', 7, 400, '[0,1,2,3,4,5,6,7,8,9,10,11,12,13,14,15,16,17,18,19,20]', 0, 3),
(17, 'Clothes 17', 8, 400, '[0,1,2,3,4,5,6,7,8,9,10,11,12,13,14,15,16,17,18,19,20]', 0, 3),
(18, 'Clothes 18', 9, 600, '[0,1,2,3,4,5,6,7,8,9,10,11,12,13,14,15,16,17,18,19,20]', 0, 3),
(19, 'Clothes 19', 10, 600, '[0,1,2,3,4,5,6,7,8,9,10,11,12,13,14,15,16,17,18,19,20]', 0, 3),
(20, 'Clothes 20', 11, 300, '[0,1,2,3,4,5,6,7,8,9,10,11,12,13,14,15,16,17,18,19,20]', 0, 3),
(21, 'Clothes 21', 12, 300, '[0,1,2,3,4,5,6,7,8,9,10,11,12,13,14,15,16,17,18,19,20]', 0, 3),
(22, 'Clothes 22', 13, 500, '[0,1,2,3,4,5,6,7,8,9,10,11,12,13,14,15,16,17,18,19,20]', 0, 3),
(23, 'Clothes 23', 14, 200, '[0,1,2,3,4,5,6,7,8,9,10,11,12,13,14,15,16,17,18,19,20]', 0, 3);

-- --------------------------------------------------------

--
-- Table structure for table `store_ears`
--

CREATE TABLE `store_ears` (
  `id` int(11) NOT NULL,
  `name` varchar(30) NOT NULL,
  `variation` int(11) NOT NULL,
  `price` int(11) NOT NULL,
  `textures` varchar(128) NOT NULL,
  `sex` int(1) NOT NULL,
  `class` int(1) NOT NULL DEFAULT 1
) ENGINE=InnoDB DEFAULT CHARSET=utf8;

--
-- Dumping data for table `store_ears`
--

INSERT INTO `store_ears` (`id`, `name`, `variation`, `price`, `textures`, `sex`, `class`) VALUES
(1, 'Clothes 1', 0, 120, '[0,1,2,3,4,5,6,7,8,9,10,11,12,13,14,15,16,17,18,19,20]', 1, 3),
(2, 'Clothes 2', 1, 250, '[0,1,2,3,4,5,6,7,8,9,10,11,12,13,14,15,16,17,18,19,20]', 1, 3),
(3, 'Clothes 3', 2, 300, '[0,1,2,3,4,5,6,7,8,9,10,11,12,13,14,15,16,17,18,19,20]', 1, 3),
(4, 'Clothes 4', 3, 400, '[0,1,2,3,4,5,6,7,8,9,10,11,12,13,14,15,16,17,18,19,20]', 1, 3),
(5, 'Clothes 5', 4, 400, '[0,1,2,3,4,5,6,7,8,9,10,11,12,13,14,15,16,17,18,19,20]', 1, 3),
(6, 'Clothes 6', 5, 400, '[0,1,2,3,4,5,6,7,8,9,10,11,12,13,14,15,16,17,18,19,20]', 1, 3),
(7, 'Clothes 7', 6, 600, '[0,1,2,3,4,5,6,7,8,9,10,11,12,13,14,15,16,17,18,19,20]', 1, 3),
(8, 'Clothes 8', 7, 600, '[0,1,2,3,4,5,6,7,8,9,10,11,12,13,14,15,16,17,18,19,20]', 1, 3),
(9, 'Clothes 9', 8, 1200, '[0,1,2,3,4,5,6,7,8,9,10,11,12,13,14,15,16,17,18,19,20]', 1, 3),
(10, 'Clothes 10', 9, 380, '[0,1,2,3,4,5,6,7,8,9,10,11,12,13,14,15,16,17,18,19,20]', 1, 3),
(11, 'Clothes 11', 10, 400, '[0,1,2,3,4,5,6,7,8,9,10,11,12,13,14,15,16,17,18,19,20]', 1, 3),
(12, 'Clothes 12', 11, 760, '[0,1,2,3,4,5,6,7,8,9,10,11,12,13,14,15,16,17,18,19,20]', 1, 3),
(13, 'Clothes 13', 12, 10000, '[0,1,2,3,4,5,6,7,8,9,10,11,12,13,14,15,16,17,18,19,20]', 1, 1),
(14, 'Clothes 14', 13, 20000, '[0,1,2,3,4,5,6,7,8,9,10,11,12,13,14,15,16,17,18,19,20]', 1, 3),
(15, 'Clothes 15', 14, 10000, '[0,1,2,3,4,5,6,7,8,9,10,11,12,13,14,15,16,17,18,19,20]', 1, 3),
(16, 'Clothes 16', 15, 300, '[0,1,2,3,4,5,6,7,8,9,10,11,12,13,14,15,16,17,18,19,20]', 1, 3),
(17, 'Clothes 17', 16, 300, '[0,1,2,3,4,5,6,7,8,9,10,11,12,13,14,15,16,17,18,19,20]', 1, 3),
(18, 'Clothes 18', 17, 300, '[0,1,2,3,4,5,6,7,8,9,10,11,12,13,14,15,16,17,18,19,20]', 1, 3),
(19, 'Clothes 19', 18, 400, '[0,1,2,3,4,5,6,7,8,9,10,11,12,13,14,15,16,17,18,19,20]', 1, 3),
(20, 'Clothes 20', 19, 400, '[0,1,2,3,4,5,6,7,8,9,10,11,12,13,14,15,16,17,18,19,20]', 1, 3),
(21, 'Clothes 21', 20, 800, '[0,1,2,3,4,5,6,7,8,9,10,11,12,13,14,15,16,17,18,19,20]', 1, 3),
(22, 'Clothes 22', 21, 7000, '[0,1,2,3,4,5,6,7,8,9,10,11,12,13,14,15,16,17,18,19,20]', 1, 3),
(23, 'Clothes 23', 22, 7000, '[0,1,2,3,4,5,6,7,8,9,10,11,12,13,14,15,16,17,18,19,20]', 1, 3),
(24, 'Clothes 24', 23, 14000, '[0,1,2,3,4,5,6,7,8,9,10,11,12,13,14,15,16,17,18,19,20]', 1, 3),
(25, 'Clothes 25', 24, 3000, '[0,1,2,3,4,5,6,7,8,9,10,11,12,13,14,15,16,17,18,19,20]', 1, 3),
(26, 'Clothes 26', 25, 3000, '[0,1,2,3,4,5,6,7,8,9,10,11,12,13,14,15,16,17,18,19,20]', 1, 3),
(27, 'Clothes 27', 26, 6000, '[0,1,2,3,4,5,6,7,8,9,10,11,12,13,14,15,16,17,18,19,20]', 1, 3),
(28, 'Clothes 28', 27, 500, '[0,1,2,3,4,5,6,7,8,9,10,11,12,13,14,15,16,17,18,19,20]', 1, 3),
(29, 'Clothes 29', 28, 500, '[0,1,2,3,4,5,6,7,8,9,10,11,12,13,14,15,16,17,18,19,20]', 1, 3),
(30, 'Clothes 30', 29, 1000, '[0,1,2,3,4,5,6,7,8,9,10,11,12,13,14,15,16,17,18,19,20]', 1, 3),
(31, 'Clothes 31', 30, 700, '[0,1,2,3,4,5,6,7,8,9,10,11,12,13,14,15,16,17,18,19,20]', 1, 3),
(32, 'Clothes 32', 31, 700, '[0,1,2,3,4,5,6,7,8,9,10,11,12,13,14,15,16,17,18,19,20]', 1, 3),
(33, 'Clothes 33', 32, 1400, '[0,1,2,3,4,5,6,7,8,9,10,11,12,13,14,15,16,17,18,19,20]', 1, 3),
(34, 'Clothes 34', 33, 10000, '[0,1,2,3,4,5,6,7,8,9,10,11,12,13,14,15,16,17,18,19,20]', 1, 3),
(35, 'Clothes 35', 34, 900, '[0,1,2,3,4,5,6,7,8,9,10,11,12,13,14,15,16,17,18,19,20]', 1, 3),
(36, 'Clothes 36', 35, 900, '[0,1,2,3,4,5,6,7,8,9,10,11,12,13,14,15,16,17,18,19,20]', 1, 3),
(37, 'Clothes 37', 36, 1800, '[0,1,2,3,4,5,6,7,8,9,10,11,12,13,14,15,16,17,18,19,20]', 1, 3),
(38, 'Clothes 38', 0, 0, '[0,1,2,3,4,5,6,7,8,9,10,11,12,13,14,15,16,17,18,19,20]', 0, 3),
(39, 'Clothes 39', 1, 0, '[0,1,2,3,4,5,6,7,8,9,10,11,12,13,14,15,16,17,18,19,20]', 0, 3),
(40, 'Clothes 40', 2, 350, '[0,1,2,3,4,5,6,7,8,9,10,11,12,13,14,15,16,17,18,19,20]', 0, 3),
(41, 'Clothes 41', 3, 350, '[0,1,2,3,4,5,6,7,8,9,10,11,12,13,14,15,16,17,18,19,20]', 0, 3),
(42, 'Clothes 42', 4, 380, '[0,1,2,3,4,5,6,7,8,9,10,11,12,13,14,15,16,17,18,19,20]', 0, 3),
(43, 'Clothes 43', 5, 400, '[0,1,2,3,4,5,6,7,8,9,10,11,12,13,14,15,16,17,18,19,20]', 0, 3),
(44, 'Clothes 44', 6, 450, '[0,1,2,3,4,5,6,7,8,9,10,11,12,13,14,15,16,17,18,19,20]', 0, 3),
(45, 'Clothes 45', 7, 480, '[0,1,2,3,4,5,6,7,8,9,10,11,12,13,14,15,16,17,18,19,20]', 0, 3),
(46, 'Clothes 46', 8, 530, '[0,1,2,3,4,5,6,7,8,9,10,11,12,13,14,15,16,17,18,19,20]', 0, 3),
(47, 'Clothes 47', 9, 530, '[0,1,2,3,4,5,6,7,8,9,10,11,12,13,14,15,16,17,18,19,20]', 0, 3),
(48, 'Clothes 48', 10, 550, '[0,1,2,3,4,5,6,7,8,9,10,11,12,13,14,15,16,17,18,19,20]', 0, 3),
(49, 'Clothes 49', 11, 570, '[0,1,2,3,4,5,6,7,8,9,10,11,12,13,14,15,16,17,18,19,20]', 0, 3),
(50, 'Clothes 50', 12, 250, '[0,1,2,3,4,5,6,7,8,9,10,11,12,13,14,15,16,17,18,19,20]', 0, 3),
(51, 'Clothes 51', 13, 250, '[0,1,2,3,4,5,6,7,8,9,10,11,12,13,14,15,16,17,18,19,20]', 0, 3),
(52, 'Clothes 52', 14, 380, '[0,1,2,3,4,5,6,7,8,9,10,11,12,13,14,15,16,17,18,19,20]', 0, 3),
(53, 'Clothes 53', 15, 380, '[0,1,2,3,4,5,6,7,8,9,10,11,12,13,14,15,16,17,18,19,20]', 0, 3),
(54, 'Clothes 54', 16, 380, '[0,1,2,3,4,5,6,7,8,9,10,11,12,13,14,15,16,17,18,19,20]', 0, 3),
(55, 'Clothes 55', 17, 380, '[0,1,2,3,4,5,6,7,8,9,10,11,12,13,14,15,16,17,18,19,20]', 0, 3);

-- --------------------------------------------------------

--
-- Table structure for table `store_feets`
--

CREATE TABLE `store_feets` (
  `id` int(11) NOT NULL,
  `name` varchar(30) NOT NULL,
  `variation` int(11) NOT NULL,
  `price` int(11) NOT NULL,
  `textures` varchar(128) NOT NULL,
  `sex` int(1) NOT NULL,
  `class` int(1) NOT NULL DEFAULT 1
) ENGINE=InnoDB DEFAULT CHARSET=utf8;

--
-- Dumping data for table `store_feets`
--

INSERT INTO `store_feets` (`id`, `name`, `variation`, `price`, `textures`, `sex`, `class`) VALUES
(2, 'Clothes 2', 1, 600, '[0,1,2,3,4,5,6,7,8,9,10,11,12,13,14,15]', 1, 2),
(4, 'Clothes 4', 3, 300, '[0,1,2,3,4,5,6,7,8,9,10,11,12,13,14,15]', 1, 3),
(5, 'Clothes 5', 4, 270, '[0,1,2,4]', 1, 1),
(6, 'Clothes 6', 5, 15, '[0,1,2,3]', 1, 2),
(7, 'Clothes 7', 6, 25, '[0,1]', 1, 2),
(8, 'Clothes 8', 7, 230, '[0,1,2,3,4,5,6,7,8,9,10,11,12,13,14,15]', 1, 1),
(9, 'Clothes 9', 8, 350, '[0,1,2,3,4,5,6,7,8,9,10,11,12,13,14,15]', 1, 2),
(10, 'Clothes 10', 9, 160, '[0,1,2,3,4,5,6,7,8,9,10,11,12,13,14,15]', 1, 2),
(11, 'Clothes 11', 10, 1400, '[0,7,12,14]', 1, 3),
(13, 'Clothes 13', 12, 420, '[0,1,2,3,4,5,6,7,8,9,10,11,12,13,14,15]', 1, 2),
(14, 'Clothes 14', 14, 390, '[0,1,2,3,4,5,6,7,8,9,10,11,12,13,14,15]', 1, 1),
(15, 'Clothes 15', 15, 1600, '[0,1,2,3,4,5,6,7,8,9,10,11,12,13,14,15]', 1, 3),
(16, 'Clothes 16', 16, 20, '[0,1,2,3,4,5,6,7,8,9,10,11]', 1, 1),
(18, 'Clothes 18', 18, 1200, '[0,1]', 1, 3),
(19, 'Clothes 19', 19, 1700, '[0]', 1, 3),
(20, 'Clothes 20', 20, 1200, '[0,1,2,3,4,5,6,7,8,9,10,11]', 1, 3),
(21, 'Clothes 21', 21, 540, '[0,1,2,3,4,5,6,7,8,9,10,11]', 1, 2),
(22, 'Clothes 22', 22, 130, '[0,1,2,3,4,5,6,7,8,9,10,11]', 1, 1),
(23, 'Clothes 23', 23, 725, '[0,1,2,3,4,5,6,7,8,9,10,11,12,13,14,15]', 1, 2),
(24, 'Clothes 24', 24, 800, '[0]', 1, 1),
(25, 'Clothes 25', 25, 825, '[0]', 1, 1),
(26, 'Clothes 26', 26, 315, '[0,1,2,3,4,5,6,7,8,9,10,11,12,13,14,15]', 1, 1),
(27, 'Clothes 27', 27, 650, '[0]', 1, 1),
(28, 'Clothes 28', 28, 2200, '[0,1,2,3,4,5]', 1, 2),
(29, 'Clothes 29', 29, 750, '[0]', 1, 2),
(30, 'Clothes 30', 30, 430, '[0,1]', 1, 2),
(31, 'Clothes 31', 31, 250, '[0,1,2,3,4]', 1, 2),
(32, 'Clothes 32', 32, 1300, '[0,1,2,3,4,5,6,7,8,9,10,11,12,13,14,15]', 1, 2),
(34, 'Clothes 34', 35, 540, '[0,1]', 1, 2),
(35, 'Clothes 35', 36, 750, '[0,1,2,3]', 1, 3),
(36, 'Clothes 36', 37, 1800, '[0,1,2,3,4]', 1, 3),
(37, 'Clothes 37', 38, 1400, '[0,1,2,3,4]', 1, 3),
(38, 'Clothes 38', 39, 1100, '[0]', 1, 1),
(39, 'Clothes 39', 40, 980, '[0,1,2,3,4,5,6,7,8,9,10,11]', 1, 3),
(40, 'Clothes 40', 41, 470, '[0]', 1, 2),
(41, 'Clothes 41', 42, 320, '[0,1,2,3,4,5,6,7,8,9]', 1, 2),
(42, 'Clothes 42', 43, 320, '[0,1,2,3,4,5,6,7]', 1, 2),
(43, 'Clothes 43', 44, 1950, '[0,1,2,3,4,5,6,7,8,9,10]', 1, 3),
(44, 'Clothes 44', 45, 1500, '[0,1,2,3,4,5,6,7,8,9,10]', 1, 3),
(45, 'Clothes 45', 46, 1330, '[0,1,2,3,4,5,6,7,8,9]', 1, 2),
(47, 'Clothes 47', 48, 175, '[0,1]', 1, 2),
(48, 'Clothes 48', 49, 165, '[0,1]', 1, 2),
(49, 'Clothes 49', 50, 680, '[0,1,2,3,4,5]', 1, 2),
(50, 'Clothes 50', 51, 700, '[0,1,2,3,4,5]', 1, 2),
(51, 'Clothes 51', 52, 640, '[0,1]', 1, 2),
(52, 'Clothes 52', 53, 1170, '[0,1,2,3,4,5]', 1, 2),
(53, 'Clothes 53', 54, 965, '[0,1,2,3,4,5]', 1, 2),
(55, 'Clothes 55', 56, 1580, '[0,1]', 1, 1),
(56, 'Clothes 56', 57, 610, '[0,1,2,3,4,5,6,7,8,9,10,11]', 1, 1),
(58, 'Clothes 58', 59, 1000, '[0,1,2,3,4,5,6,7,8,9,10,11,12,13,14,15,16,17,18,19,20,21,22,23,24,25]', 1, 2),
(59, 'Clothes 59', 60, 1800, '[0,1,2,3,4,5,6,7]', 1, 2),
(60, 'Clothes 60', 61, 560, '[0,1,2,3,4,5,6,7]', 1, 2),
(61, 'Clothes 61', 62, 1335, '[0,1,2,3,4,5,6,7]', 1, 1),
(62, 'Clothes 62', 63, 1160, '[0,1,2,3,4,5,6,7]', 1, 1),
(63, 'Clothes 63', 64, 1400, '[0,1,2,3,4,5,6,7,8,9,10,11,12,13]', 1, 2),
(64, 'Clothes 64', 65, 440, '[0,1,2,3,4,5,6]', 1, 2),
(65, 'Clothes 65', 66, 420, '[0,1,2,3,4,5,6]', 1, 2),
(68, 'Clothes 68', 69, 390, '[0,1,2,3,4,5,6,7,8,9,10,11,12,13,14,15,16,17,18,19,20,21,22,23,24,25]', 1, 2),
(69, 'Clothes 69', 70, 1700, '[0,1,2,3,4,5,6,7,8,9,10,11,12,13,14,15,16,17,18,19,20,21,22,23,24,25]', 1, 2),
(70, 'Clothes 70', 71, 1300, '[0,1,2,3,4,5,6,7,8,9,10,11,12,13,14,15,16,17,18,19,20,21,22,23,24,25]', 1, 2),
(71, 'Clothes 71', 72, 1620, '[0,1,2,3,4,5,6,7,8,9,10,11,12,13,14,15,16,17,18,19,20,21,22,23,24,25]', 1, 2),
(72, 'Clothes 72', 73, 1530, '[0,1,2,3,4,5,6,7,8,9,10,11,12,13,14,15,16,17,18,19,20,21,22,23,24,25]', 1, 2),
(73, 'Clothes 73', 0, 400, '[0,1,2,3]', 0, 3),
(74, 'Clothes 74', 1, 200, '[0,1,2,3,4,5,6,7,8,9,10,11,12,13,14,15]', 0, 1),
(75, 'Clothes 75', 2, 200, '[0,1,2,3,4,5,6,7,8,9,10,11,12,13,14,15]', 0, 2),
(76, 'Clothes 76', 3, 100, '[0,1,2,3,4,5,6,7,8,9,10,11,12,13,14,15]', 0, 1),
(77, 'Clothes 77', 4, 150, '[0,1,2,3]', 0, 2),
(78, 'Clothes 78', 5, 100, '[0,1,10,13]', 0, 1),
(79, 'Clothes 79', 6, 400, '[0,1,2,3]', 0, 3),
(80, 'Clothes 80', 7, 600, '[0,1,2,3,4,5,6,7,8,9,10,11,12,13,14,15]', 0, 2),
(81, 'Clothes 81', 8, 600, '[0,1,2,3,4,5,6,7,8,9,10,11,12,13,14,15]', 0, 2),
(82, 'Clothes 82', 9, 300, '[0,1,2,3,11,12]', 0, 1),
(83, 'Clothes 83', 10, 300, '[0,1,2,3]', 0, 2),
(84, 'Clothes 84', 11, 400, '[0,1,2,3]', 0, 2),
(85, 'Clothes 85', 12, 1000000, '[]', 0, 3),
(86, 'Clothes 86', 13, 200, '[0,1,2,3,4,5,6,7,8,9,10,11,12,13,14,15]', 0, 1),
(87, 'Clothes 87', 14, 700, '[0,1,2,3,4,5,6,7,8,9,10,11,12,13,14,15]', 0, 2),
(88, 'Clothes 88', 15, 200, '[0,1,2,3,4,5,6,7,8,9,10,11,12,13,14,15]', 0, 2),
(89, 'Clothes 89', 16, 100, '[0,1,2,3,4,5,6,7,8,9,10,11]', 0, 1),
(90, 'Clothes 90', 17, 600, '[0]', 0, 2),
(91, 'Clothes 91', 18, 600, '[0,1,2]', 0, 2),
(92, 'Clothes 92', 19, 600, '[0,1,2,3,4,5,6,7,8,9,10,11]', 0, 2),
(93, 'Clothes 93', 20, 600, '[0,1,2,3,4,5,6,7,8,9,10,11]', 0, 2),
(94, 'Clothes 94', 21, 300, '[0,1,2,3,4,5,6,7,8,9]', 0, 1),
(95, 'Clothes 95', 22, 500, '[0,1,2,3,4,5,6,7,8,9,10,11,12,13,14,15]', 0, 2),
(96, 'Clothes 96', 23, 500, '[0,1,2]', 0, 2),
(97, 'Clothes 97', 24, 250, '[0]', 0, 1),
(98, 'Clothes 98', 25, 250, '[0]', 0, 1),
(99, 'Clothes 99', 26, 200, '[0]', 0, 1),
(100, 'Clothes 100', 27, 200, '[0]', 0, 2),
(101, 'Clothes 101', 28, 200, '[0]', 0, 2),
(102, 'Clothes 102', 29, 500, '[0,1,2]', 0, 3),
(103, 'Clothes 103', 30, 500, '[0]', 0, 2),
(104, 'Clothes 104', 31, 300, '[0]', 0, 2),
(105, 'Clothes 105', 32, 300, '[0,1,2,3,4]', 0, 2),
(106, 'Clothes 106', 33, 300, '[0,1,2,3,4,5,6,7]', 0, 2),
(107, 'Clothes 107', 34, 1000000, '[0,1,2,3,4,5,6,7,8,9,10,11,12,13,14,15,16,17,18,19,20]', 0, 3),
(108, 'Clothes 108', 35, 1000000, '[0,1,2,3,4,5,6,7,8,9,10,11,12,13,14,15,16,17,18,19,20]', 0, 3),
(109, 'Clothes 109', 36, 400, '[0,1]', 0, 2),
(110, 'Clothes 110', 37, 200, '[0,1,2,3]', 0, 2),
(111, 'Clothes 111', 38, 300, '[0,1,2,3,4]', 0, 2),
(112, 'Clothes 112', 39, 300, '[0,1,2,3,4]', 0, 2),
(113, 'Clothes 113', 40, 200, '[0]', 0, 1),
(114, 'Clothes 114', 41, 450, '[0,1,2,3,4,5,6,7,8,9,10]', 0, 3),
(115, 'Clothes 115', 42, 450, '[0,1,2,3,4,5,6,7,8,9,10,11]', 0, 3),
(116, 'Clothes 116', 43, 400, '[0,1,2,3,4,5,6,7]', 0, 2),
(117, 'Clothes 117', 44, 400, '[0,1,2,3,4,5,6,7]', 0, 2),
(118, 'Clothes 118', 45, 330, '[0,1,2,3,4,5,6,7,8,9,10]', 0, 2),
(119, 'Clothes 119', 46, 230, '[0,1,2,3,4,5,6,7,8,9,10]', 0, 2),
(120, 'Clothes 120', 47, 190, '[0,1,2,3,4,5,6,7,8,9]', 0, 2),
(122, 'Clothes 122', 49, 190, '[0,1]', 0, 2),
(123, 'Clothes 123', 50, 190, '[0,1]', 0, 2),
(124, 'Clothes 124', 51, 390, '[0,1,2,3,4,5]', 0, 2),
(125, 'Clothes 125', 52, 300, '[0,1,2,3,4,5]', 0, 2),
(126, 'Clothes 126', 53, 340, '[0,1]', 0, 2),
(127, 'Clothes 127', 54, 240, '[0,1,2,3,4,5]', 0, 1),
(128, 'Clothes 128', 55, 350, '[0,1,2,3,4,5]', 0, 2),
(129, 'Clothes 129', 56, 350, '[0,1,2]', 0, 2),
(130, 'Clothes 130', 57, 220, '[0,1,2,3,4,5,6,7,8,9,10,11,12,13,14,15,16,17,18,19,20]', 0, 1),
(132, 'Clothes 132', 59, 250, '[0,1,2,3,4,5,6,7,8,9,10,11,12,13,14,15,16,17,18,19,20]', 0, 1),
(133, 'Clothes 133', 60, 350, '[0,1,2,3,4,5,6,7,8,9,10,11,12,13,14,15,16,17,18,19,20]', 0, 2),
(135, 'Clothes 135', 62, 370, '[0,1,2,3,4,5,6,7,8,9,10,11,12,13,14,15,16,17,18,19,20]', 0, 2),
(136, 'Clothes 136', 63, 440, '[0,1,2,3,4,5,6,7,8,9,10,11,12,13,14,15,16,17,18,19,20]', 0, 2),
(137, 'Clothes 137', 64, 340, '[0,1,2,3,4,5,6,7,8,9,10,11,12,13,14,15,16,17,18,19,20]', 0, 2),
(138, 'Clothes 138', 65, 220, '[0,1,2,3,4,5,6,7,8,9,10,11,12,13,14,15,16,17,18,19,20]', 0, 1),
(139, 'Clothes 139', 66, 320, '[0,1,2,3,4,5,6,7,8,9,10,11,12,13,14,15,16,17,18,19,20]', 0, 2),
(140, 'Clothes 140', 67, 320, '[0,1,2,3,4,5,6,7,8,9,10,11,12,13,14,15,16,17,18,19,20]', 0, 2),
(141, 'Clothes 141', 68, 340, '[0,1,2,3,4,5,6,7,8,9,10,11,12,13,14,15,16,17,18,19,20]', 0, 2),
(142, 'Clothes 142', 69, 340, '[0,1,2,3,4,5,6,7,8,9,10,11,12,13,14,15,16,17,18,19,20]', 0, 2),
(145, 'Clothes 145', 72, 300, '[0,1,2,3,4,5,6,7,8,9,10,11,12,13,14,15,16,17,18,19,20]', 0, 2),
(146, 'Clothes 146', 73, 320, '[0,1,2,3,4,5,6,7,8,9,10,11,12,13,14,15,16,17,18,19,20]', 0, 2),
(147, 'Clothes 147', 74, 320, '[0,1,2,3,4,5,6,7,8,9,10,11,12,13,14,15,16,17,18,19,20]', 0, 2),
(148, 'Clothes 148', 75, 200, '[0,1,2,3,4,5,6,7,8,9,10,11,12,13,14,15,16,17,18,19,20]', 0, 1),
(149, 'Clothes 149', 76, 200, '[0,1,2,3,4,5,6,7,8,9,10,11,12,13,14,15,16,17,18,19,20]', 0, 1),
(150, 'Clothes 150', 77, 300, '[0,1,2,3,4,5,6,7,8,9,10,11,12,13,14,15,16,17,18,19,20]', 0, 2),
(151, 'Clothes 151', 0, 100000, '[]', 0, 1),
(152, 'Clothes 152', 1, 100000, '[0,1,2,3,4,5,6,7,8,9,10,11,12,13,14,15,16,17,18,19,20]', 0, 1),
(153, 'Clothes 153', 2, 100000, '[0,1,2,3,4,5,6,7,8,9,10,11,12,13,14,15,16,17,18,19,20]', 0, 1),
(154, 'Clothes 154', 3, 100000, '[0,1,2,3,4,5,6,7,8,9,10,11,12,13,14,15,16,17,18,19,20]', 0, 1),
(155, 'Clothes 155', 4, 100000, '[0,1,2,3,4,5,6,7,8,9,10,11,12,13,14,15,16,17,18,19,20]', 0, 1),
(156, 'Clothes 156', 5, 100000, '[0,1,2,3,4,5,6,7,8,9,10,11,12,13,14,15,16,17,18,19,20]', 0, 1),
(157, 'Clothes 157', 6, 100000, '[0,1,2,3,4,5,6,7,8,9,10,11,12,13,14,15,16,17,18,19,20]', 0, 1),
(158, 'Clothes 158', 7, 100000, '[0,1,2,3,4,5,6,7,8,9,10,11,12,13,14,15,16,17,18,19,20]', 0, 1),
(159, 'Clothes 159', 8, 100000, '[0,1,2,3,4,5,6,7,8,9,10,11,12,13,14,15,16,17,18,19,20]', 0, 1),
(160, 'Clothes 160', 9, 100000, '[0,1,2,3,4,5,6,7,8,9,10,11,12,13,14,15,16,17,18,19,20]', 0, 1),
(161, 'Clothes 161', 10, 100000, '[0,1,2,3,4,5,6,7,8,9,10,11,12,13,14,15,16,17,18,19,20]', 0, 1),
(162, 'Clothes 162', 11, 100000, '[0,1,2,3,4,5,6,7,8,9,10,11,12,13,14,15,16,17,18,19,20]', 0, 1),
(163, 'Clothes 163', 12, 100000, '[0,1,2,3,4,5,6,7,8,9,10,11,12,13,14,15,16,17,18,19,20]', 0, 1),
(164, 'Clothes 164', 13, 100000, '[0,1,2,3,4,5,6,7,8,9,10,11,12,13,14,15,16,17,18,19,20]', 0, 1),
(165, 'Clothes 165', 14, 100000, '[0,1,2,3,4,5,6,7,8,9,10,11,12,13,14,15,16,17,18,19,20]', 0, 1),
(166, 'Clothes 166', 15, 100000, '[0,1,2,3,4,5,6,7,8,9,10,11,12,13,14,15,16,17,18,19,20]', 0, 1),
(167, 'Clothes 167', 16, 100000, '[0,1,2,3,4,5,6,7,8,9,10,11,12,13,14,15,16,17,18,19,20]', 0, 1),
(168, 'Clothes 168', 17, 100000, '[0,1,2,3,4,5,6,7,8,9,10,11,12,13,14,15,16,17,18,19,20]', 0, 1),
(169, 'Clothes 169', 18, 100000, '[0,1,2,3,4,5,6,7,8,9,10,11,12,13,14,15,16,17,18,19,20]', 0, 1),
(170, 'Clothes 170', 19, 100000, '[0,1,2,3,4,5,6,7,8,9,10,11,12,13,14,15,16,17,18,19,20]', 0, 1),
(171, 'Clothes 171', 20, 100000, '[0,1,2,3,4,5,6,7,8,9,10,11,12,13,14,15,16,17,18,19,20]', 0, 1),
(172, 'Clothes 172', 21, 100000, '[0,1,2,3,4,5,6,7,8,9,10,11,12,13,14,15,16,17,18,19,20]', 0, 1),
(173, 'Clothes 173', 22, 100000, '[0,1,2,3,4,5,6,7,8,9,10,11,12,13,14,15,16,17,18,19,20]', 0, 1),
(174, 'Clothes 174', 23, 100000, '[0,1,2,3,4,5,6,7,8,9,10,11,12,13,14,15,16,17,18,19,20]', 0, 1),
(175, 'Clothes 175', 24, 100000, '[0,1,2,3,4,5,6,7,8,9,10,11,12,13,14,15,16,17,18,19,20]', 0, 1),
(176, 'Clothes 176', 25, 100000, '[0,1,2,3,4,5,6,7,8,9,10,11,12,13,14,15,16,17,18,19,20]', 0, 1),
(177, 'Clothes 177', 26, 100000, '[0,1,2,3,4,5,6,7,8,9,10,11,12,13,14,15,16,17,18,19,20]', 0, 1),
(178, 'Clothes 178', 27, 100000, '[0,1,2,3,4,5,6,7,8,9,10,11,12,13,14,15,16,17,18,19,20]', 0, 1),
(179, 'Clothes 179', 28, 100000, '[0,1,2,3,4,5,6,7,8,9,10,11,12,13,14,15,16,17,18,19,20]', 0, 1),
(180, 'Clothes 180', 29, 100000, '[0,1,2,3,4,5,6,7,8,9,10,11,12,13,14,15,16,17,18,19,20]', 0, 1),
(181, 'Clothes 181', 30, 100000, '[0,1,2,3,4,5,6,7,8,9,10,11,12,13,14,15,16,17,18,19,20]', 0, 1),
(182, 'Clothes 182', 31, 100000, '[0,1,2,3,4,5,6,7,8,9,10,11,12,13,14,15,16,17,18,19,20]', 0, 1),
(183, 'Clothes 183', 32, 100000, '[0,1,2,3,4,5,6,7,8,9,10,11,12,13,14,15,16,17,18,19,20]', 0, 1),
(184, 'Clothes 184', 33, 100000, '[0,1,2,3,4,5,6,7,8,9,10,11,12,13,14,15,16,17,18,19,20]', 0, 1),
(185, 'Clothes 185', 34, 100000, '[0,1,2,3,4,5,6,7,8,9,10,11,12,13,14,15,16,17,18,19,20]', 0, 1),
(186, 'Clothes 186', 35, 100000, '[0,1,2,3,4,5,6,7,8,9,10,11,12,13,14,15,16,17,18,19,20]', 0, 1),
(187, 'Clothes 187', 36, 100000, '[0,1,2,3,4,5,6,7,8,9,10,11,12,13,14,15,16,17,18,19,20]', 0, 1),
(188, 'Clothes 188', 37, 100000, '[0,1,2,3,4,5,6,7,8,9,10,11,12,13,14,15,16,17,18,19,20]', 0, 1),
(189, 'Clothes 189', 38, 100000, '[0,1,2,3,4,5,6,7,8,9,10,11,12,13,14,15,16,17,18,19,20]', 0, 1),
(190, 'Clothes 190', 39, 100000, '[0,1,2,3,4,5,6,7,8,9,10,11,12,13,14,15,16,17,18,19,20]', 0, 1),
(191, 'Clothes 191', 40, 100000, '[0,1,2,3,4,5,6,7,8,9,10,11,12,13,14,15,16,17,18,19,20]', 0, 1),
(192, 'Clothes 192', 41, 100000, '[0,1,2,3,4,5,6,7,8,9,10,11,12,13,14,15,16,17,18,19,20]', 0, 1),
(193, 'Clothes 193', 42, 100000, '[0,1,2,3,4,5,6,7,8,9,10,11,12,13,14,15,16,17,18,19,20]', 0, 1),
(194, 'Clothes 194', 43, 100000, '[0,1,2,3,4,5,6,7,8,9,10,11,12,13,14,15,16,17,18,19,20]', 0, 1),
(195, 'Clothes 195', 44, 100000, '[0,1,2,3,4,5,6,7,8,9,10,11,12,13,14,15,16,17,18,19,20]', 0, 1),
(196, 'Clothes 196', 45, 100000, '[0,1,2,3,4,5,6,7,8,9,10,11,12,13,14,15,16,17,18,19,20]', 0, 1),
(197, 'Clothes 197', 46, 100000, '[0,1,2,3,4,5,6,7,8,9,10,11,12,13,14,15,16,17,18,19,20]', 0, 1),
(198, 'Clothes 198', 47, 100000, '[0,1,2,3,4,5,6,7,8,9,10,11,12,13,14,15,16,17,18,19,20]', 0, 1),
(199, 'Clothes 199', 48, 100000, '[0,1,2,3,4,5,6,7,8,9,10,11,12,13,14,15,16,17,18,19,20]', 0, 1),
(200, 'Clothes 200', 49, 100000, '[0,1,2,3,4,5,6,7,8,9,10,11,12,13,14,15,16,17,18,19,20]', 0, 1),
(201, 'Clothes 201', 50, 100000, '[0,1,2,3,4,5,6,7,8,9,10,11,12,13,14,15,16,17,18,19,20]', 0, 1),
(202, 'Clothes 202', 51, 100000, '[0,1,2,3,4,5,6,7,8,9,10,11,12,13,14,15,16,17,18,19,20]', 0, 1),
(203, 'Clothes 203', 52, 100000, '[0,1,2,3,4,5,6,7,8,9,10,11,12,13,14,15,16,17,18,19,20]', 0, 1),
(204, 'Clothes 204', 53, 100000, '[0,1,2,3,4,5,6,7,8,9,10,11,12,13,14,15,16,17,18,19,20]', 0, 1),
(205, 'Clothes 205', 54, 100000, '[0,1,2,3,4,5,6,7,8,9,10,11,12,13,14,15,16,17,18,19,20]', 0, 1),
(206, 'Clothes 206', 55, 100000, '[0,1,2,3,4,5,6,7,8,9,10,11,12,13,14,15,16,17,18,19,20]', 0, 1),
(207, 'Clothes 207', 56, 100000, '[0,1,2,3,4,5,6,7,8,9,10,11,12,13,14,15,16,17,18,19,20]', 0, 1),
(208, 'Clothes 208', 57, 100000, '[0,1,2,3,4,5,6,7,8,9,10,11,12,13,14,15,16,17,18,19,20]', 0, 1),
(209, 'Clothes 209', 58, 100000, '[0,1,2,3,4,5,6,7,8,9,10,11,12,13,14,15,16,17,18,19,20]', 0, 1),
(210, 'Clothes 210', 59, 100000, '[0,1,2,3,4,5,6,7,8,9,10,11,12,13,14,15,16,17,18,19,20]', 0, 1),
(211, 'Clothes 211', 60, 100000, '[0,1,2,3,4,5,6,7,8,9,10,11,12,13,14,15,16,17,18,19,20]', 0, 1),
(212, 'Clothes 212', 61, 100000, '[0,1,2,3,4,5,6,7,8,9,10,11,12,13,14,15,16,17,18,19,20]', 0, 1),
(213, 'Clothes 213', 62, 100000, '[0,1,2,3,4,5,6,7,8,9,10,11,12,13,14,15,16,17,18,19,20]', 0, 1),
(214, 'Clothes 214', 63, 100000, '[0,1,2,3,4,5,6,7,8,9,10,11,12,13,14,15,16,17,18,19,20]', 0, 1),
(215, 'Clothes 215', 64, 100000, '[0,1,2,3,4,5,6,7,8,9,10,11,12,13,14,15,16,17,18,19,20]', 0, 1),
(216, 'Clothes 216', 65, 100000, '[0,1,2,3,4,5,6,7,8,9,10,11,12,13,14,15,16,17,18,19,20]', 0, 1),
(217, 'Clothes 217', 66, 100000, '[0,1,2,3,4,5,6,7,8,9,10,11,12,13,14,15,16,17,18,19,20]', 0, 1),
(218, 'Clothes 218', 67, 100000, '[0,1,2,3,4,5,6,7,8,9,10,11,12,13,14,15,16,17,18,19,20]', 0, 1),
(219, 'Clothes 219', 68, 100000, '[0,1,2,3,4,5,6,7,8,9,10,11,12,13,14,15,16,17,18,19,20]', 0, 1),
(220, 'Clothes 220', 69, 100000, '[0,1,2,3,4,5,6,7,8,9,10,11,12,13,14,15,16,17,18,19,20]', 0, 1),
(221, 'Clothes 221', 70, 100000, '[0,1,2,3,4,5,6,7,8,9,10,11,12,13,14,15,16,17,18,19,20]', 0, 1),
(222, 'Clothes 222', 71, 100000, '[0,1,2,3,4,5,6,7,8,9,10,11,12,13,14,15,16,17,18,19,20]', 0, 1),
(223, 'Clothes 223', 72, 100000, '[0,1,2,3,4,5,6,7,8,9,10,11,12,13,14,15,16,17,18,19,20]', 0, 1),
(224, 'Clothes 224', 73, 100000, '[0,1,2,3,4,5,6,7,8,9,10,11,12,13,14,15,16,17,18,19,20]', 0, 1),
(225, 'Clothes 225', 74, 100000, '[0,1,2,3,4,5,6,7,8,9,10,11,12,13,14,15,16,17,18,19,20]', 0, 1),
(226, 'Clothes 226', 75, 100000, '[0,1,2,3,4,5,6,7,8,9,10,11,12,13,14,15,16,17,18,19,20]', 0, 1),
(227, 'Clothes 227', 76, 100000, '[0,1,2,3,4,5,6,7,8,9,10,11,12,13,14,15,16,17,18,19,20]', 0, 1),
(228, 'Clothes 228', 77, 100000, '[0,1,2,3,4,5,6,7,8,9,10,11,12,13,14,15,16,17,18,19,20]', 0, 1),
(229, 'Clothes 229', 78, 100000, '[0,1,2,3,4,5,6,7,8,9,10,11,12,13,14,15,16,17,18,19,20]', 0, 1),
(230, 'Clothes 230', 79, 100000, '[0,1,2,3,4,5,6,7,8,9,10,11,12,13,14,15,16,17,18,19,20]', 0, 1),
(231, 'Clothes 231', 80, 100000, '[0,1,2,3,4,5,6,7,8,9,10,11,12,13,14,15,16,17,18,19,20]', 0, 1),
(232, 'Clothes 232', 81, 100000, '[0,1,2,3,4,5,6,7,8,9,10,11,12,13,14,15,16,17,18,19,20]', 0, 1),
(233, 'Clothes 233', 82, 100000, '[0,1,2,3,4,5,6,7,8,9,10,11,12,13,14,15,16,17,18,19,20]', 0, 1),
(234, 'Clothes 234', 83, 100000, '[0,1,2,3,4,5,6,7,8,9,10,11,12,13,14,15,16,17,18,19,20]', 0, 1),
(235, 'Clothes 235', 84, 100000, '[0,1,2,3,4,5,6,7,8,9,10,11,12,13,14,15,16,17,18,19,20]', 0, 1),
(236, 'Clothes 236', 85, 100000, '[0,1,2,3,4,5,6,7,8,9,10,11,12,13,14,15,16,17,18,19,20]', 0, 1),
(237, 'Clothes 237', 86, 100000, '[0,1,2,3,4,5,6,7,8,9,10,11,12,13,14,15,16,17,18,19,20]', 0, 1),
(238, 'Clothes 238', 87, 100000, '[0,1,2,3,4,5,6,7,8,9,10,11,12,13,14,15,16,17,18,19,20]', 0, 1),
(239, 'Clothes 239', 88, 100000, '[0,1,2,3,4,5,6,7,8,9,10,11,12,13,14,15,16,17,18,19,20]', 0, 1),
(240, 'Clothes 240', 89, 100000, '[0,1,2,3,4,5,6,7,8,9,10,11,12,13,14,15,16,17,18,19,20]', 0, 1),
(241, 'Clothes 241', 90, 100000, '[0,1,2,3,4,5,6,7,8,9,10,11,12,13,14,15,16,17,18,19,20]', 0, 1),
(242, 'Clothes 242', 91, 100000, '[0,1,2,3,4,5,6,7,8,9,10,11,12,13,14,15,16,17,18,19,20]', 0, 1),
(243, 'Clothes 243', 92, 100000, '[0,1,2,3,4,5,6,7,8,9,10,11,12,13,14,15,16,17,18,19,20]', 0, 1),
(244, 'Clothes 244', 93, 100000, '[0,1,2,3,4,5,6,7,8,9,10,11,12,13,14,15,16,17,18,19,20]', 0, 1),
(245, 'Clothes 245', 94, 100000, '[0,1,2,3,4,5,6,7,8,9,10,11,12,13,14,15,16,17,18,19,20]', 0, 1),
(246, 'Clothes 246', 95, 100000, '[0,1,2,3,4,5,6,7,8,9,10,11,12,13,14,15,16,17,18,19,20]', 0, 1),
(247, 'Clothes 247', 96, 100000, '[0,1,2,3,4,5,6,7,8,9,10,11,12,13,14,15,16,17,18,19,20]', 0, 1),
(248, 'Clothes 248', 97, 100000, '[0,1,2,3,4,5,6,7,8,9,10,11,12,13,14,15,16,17,18,19,20]', 0, 1),
(249, 'Clothes 249', 98, 100000, '[0,1,2,3,4,5,6,7,8,9,10,11,12,13,14,15,16,17,18,19,20]', 0, 1),
(250, 'Clothes 250', 99, 100000, '[0,1,2,3,4,5,6,7,8,9,10,11,12,13,14,15,16,17,18,19,20]', 0, 1),
(251, 'Clothes 251', 100, 100000, '[0,1,2,3,4,5,6,7,8,9,10,11,12,13,14,15,16,17,18,19,20]', 0, 1),
(252, 'Clothes 252', 101, 100000, '[0,1,2,3,4,5,6,7,8,9,10,11,12,13,14,15,16,17,18,19,20]', 0, 1),
(253, 'Clothes 253', 102, 100000, '[0,1,2,3,4,5,6,7,8,9,10,11,12,13,14,15,16,17,18,19,20]', 0, 1),
(254, 'Clothes 254', 103, 100000, '[0,1,2,3,4,5,6,7,8,9,10,11,12,13,14,15,16,17,18,19,20]', 0, 1),
(255, 'Clothes 255', 104, 100000, '[0,1,2,3,4,5,6,7,8,9,10,11,12,13,14,15,16,17,18,19,20]', 0, 1),
(256, 'Clothes 256', 105, 100000, '[0,1,2,3,4,5,6,7,8,9,10,11,12,13,14,15,16,17,18,19,20]', 0, 1),
(257, 'Clothes 257', 106, 100000, '[0,1,2,3,4,5,6,7,8,9,10,11,12,13,14,15,16,17,18,19,20]', 0, 1),
(258, 'Clothes 258', 107, 100000, '[0,1,2,3,4,5,6,7,8,9,10,11,12,13,14,15,16,17,18,19,20]', 0, 1),
(259, 'Clothes 259', 108, 100000, '[0,1,2,3,4,5,6,7,8,9,10,11,12,13,14,15,16,17,18,19,20]', 0, 1),
(260, 'Clothes 260', 109, 100000, '[0,1,2,3,4,5,6,7,8,9,10,11,12,13,14,15,16,17,18,19,20]', 0, 1),
(261, 'Clothes 261', 110, 100000, '[0,1,2,3,4,5,6,7,8,9,10,11,12,13,14,15,16,17,18,19,20]', 0, 1),
(262, 'Clothes 262', 111, 100000, '[0,1,2,3,4,5,6,7,8,9,10,11,12,13,14,15,16,17,18,19,20]', 0, 1),
(263, 'Clothes 263', 112, 100000, '[0,1,2,3,4,5,6,7,8,9,10,11,12,13,14,15,16,17,18,19,20]', 0, 1),
(264, 'Clothes 264', 113, 100000, '[0,1,2,3,4,5,6,7,8,9,10,11,12,13,14,15,16,17,18,19,20]', 0, 1),
(265, 'Clothes 265', 114, 100000, '[0,1,2,3,4,5,6,7,8,9,10,11,12,13,14,15,16,17,18,19,20]', 0, 1),
(266, 'Clothes 266', 115, 100000, '[0,1,2,3,4,5,6,7,8,9,10,11,12,13,14,15,16,17,18,19,20]', 0, 1),
(267, 'Clothes 267', 116, 100000, '[0,1,2,3,4,5,6,7,8,9,10,11,12,13,14,15,16,17,18,19,20]', 0, 1),
(268, 'Clothes 268', 117, 100000, '[0,1,2,3,4,5,6,7,8,9,10,11,12,13,14,15,16,17,18,19,20]', 0, 1),
(269, 'Clothes 269', 118, 100000, '[0,1,2,3,4,5,6,7,8,9,10,11,12,13,14,15,16,17,18,19,20]', 0, 1),
(270, 'Clothes 270', 119, 100000, '[0,1,2,3,4,5,6,7,8,9,10,11,12,13,14,15,16,17,18,19,20]', 0, 1),
(271, 'Clothes 271', 120, 100000, '[0,1,2,3,4,5,6,7,8,9,10,11,12,13,14,15,16,17,18,19,20]', 0, 1),
(272, 'Clothes 272', 121, 100000, '[0,1,2,3,4,5,6,7,8,9,10,11,12,13,14,15,16,17,18,19,20]', 0, 1),
(273, 'Clothes 273', 122, 100000, '[0,1,2,3,4,5,6,7,8,9,10,11,12,13,14,15,16,17,18,19,20]', 0, 1),
(274, 'Clothes 274', 123, 100000, '[0,1,2,3,4,5,6,7,8,9,10,11,12,13,14,15,16,17,18,19,20]', 0, 1),
(275, 'Clothes 275', 124, 100000, '[0,1,2,3,4,5,6,7,8,9,10,11,12,13,14,15,16,17,18,19,20]', 0, 1),
(276, 'Clothes 276', 125, 100000, '[0,1,2,3,4,5,6,7,8,9,10,11,12,13,14,15,16,17,18,19,20]', 0, 1),
(277, 'Clothes 277', 126, 100000, '[0,1,2,3,4,5,6,7,8,9,10,11,12,13,14,15,16,17,18,19,20]', 0, 1),
(278, 'Clothes 278', 127, 100000, '[0,1,2,3,4,5,6,7,8,9,10,11,12,13,14,15,16,17,18,19,20]', 0, 1),
(279, 'Clothes 279', 128, 100000, '[0,1,2,3,4,5,6,7,8,9,10,11,12,13,14,15,16,17,18,19,20]', 0, 1),
(280, 'Clothes 280', 129, 100000, '[0,1,2,3,4,5,6,7,8,9,10,11,12,13,14,15,16,17,18,19,20]', 0, 1),
(281, 'Clothes 281', 130, 100000, '[0,1,2,3,4,5,6,7,8,9,10,11,12,13,14,15,16,17,18,19,20]', 0, 1),
(282, 'Clothes 282', 131, 100000, '[0,1,2,3,4,5,6,7,8,9,10,11,12,13,14,15,16,17,18,19,20]', 0, 1),
(283, 'Clothes 283', 132, 100000, '[0,1,2,3,4,5,6,7,8,9,10,11,12,13,14,15,16,17,18,19,20]', 0, 1),
(284, 'Clothes 284', 133, 100000, '[0,1,2,3,4,5,6,7,8,9,10,11,12,13,14,15,16,17,18,19,20]', 0, 1),
(285, 'Clothes 285', 134, 100000, '[0,1,2,3,4,5,6,7,8,9,10,11,12,13,14,15,16,17,18,19,20]', 0, 1),
(286, 'Clothes 286', 135, 100000, '[0,1,2,3,4,5,6,7,8,9,10,11,12,13,14,15,16,17,18,19,20]', 0, 1),
(287, 'Clothes 287', 136, 100000, '[0,1,2,3,4,5,6,7,8,9,10,11,12,13,14,15,16,17,18,19,20]', 0, 1),
(288, 'Clothes 288', 137, 100000, '[0,1,2,3,4,5,6,7,8,9,10,11,12,13,14,15,16,17,18,19,20]', 0, 1),
(289, 'Clothes 289', 138, 100000, '[0,1,2,3,4,5,6,7,8,9,10,11,12,13,14,15,16,17,18,19,20]', 0, 1),
(290, 'Clothes 290', 139, 100000, '[0,1,2,3,4,5,6,7,8,9,10,11,12,13,14,15,16,17,18,19,20]', 0, 1),
(291, 'Clothes 291', 140, 100000, '[0,1,2,3,4,5,6,7,8,9,10,11,12,13,14,15,16,17,18,19,20]', 0, 1),
(292, 'Clothes 292', 141, 100000, '[0,1,2,3,4,5,6,7,8,9,10,11,12,13,14,15,16,17,18,19,20]', 0, 1),
(293, 'Clothes 293', 142, 100000, '[0,1,2,3,4,5,6,7,8,9,10,11,12,13,14,15,16,17,18,19,20]', 0, 1),
(294, 'Clothes 294', 143, 100000, '[0,1,2,3,4,5,6,7,8,9,10,11,12,13,14,15,16,17,18,19,20]', 0, 1),
(295, 'Clothes 295', 144, 100000, '[0,1,2,3,4,5,6,7,8,9,10,11,12,13,14,15,16,17,18,19,20]', 0, 1),
(296, 'Clothes 296', 145, 100000, '[0,1,2,3,4,5,6,7,8,9,10,11,12,13,14,15,16,17,18,19,20]', 0, 1),
(297, 'Clothes 297', 146, 100000, '[0,1,2,3,4,5,6,7,8,9,10,11,12,13,14,15,16,17,18,19,20]', 0, 1),
(298, 'Clothes 298', 147, 100000, '[0,1,2,3,4,5,6,7,8,9,10,11,12,13,14,15,16,17,18,19,20]', 0, 1),
(299, 'Clothes 299', 148, 100000, '[0,1,2,3,4,5,6,7,8,9,10,11,12,13,14,15,16,17,18,19,20]', 0, 1),
(300, 'Clothes 300', 149, 100000, '[0,1,2,3,4,5,6,7,8,9,10,11,12,13,14,15,16,17,18,19,20]', 0, 1),
(301, 'Clothes 301', 150, 100000, '[0,1,2,3,4,5,6,7,8,9,10,11,12,13,14,15,16,17,18,19,20]', 0, 1),
(302, 'Clothes 302', 151, 100000, '[0,1,2,3,4,5,6,7,8,9,10,11,12,13,14,15,16,17,18,19,20]', 0, 1),
(303, 'Clothes 303', 152, 100000, '[0,1,2,3,4,5,6,7,8,9,10,11,12,13,14,15,16,17,18,19,20]', 0, 1),
(304, 'Clothes 304', 153, 100000, '[0,1,2,3,4,5,6,7,8,9,10,11,12,13,14,15,16,17,18,19,20]', 0, 1),
(305, 'Clothes 305', 154, 100000, '[0,1,2,3,4,5,6,7,8,9,10,11,12,13,14,15,16,17,18,19,20]', 0, 1),
(306, 'Clothes 306', 155, 100000, '[0,1,2,3,4,5,6,7,8,9,10,11,12,13,14,15,16,17,18,19,20]', 0, 1),
(307, 'Clothes 307', 156, 100000, '[0,1,2,3,4,5,6,7,8,9,10,11,12,13,14,15,16,17,18,19,20]', 0, 1),
(308, 'Clothes 308', 157, 100000, '[0,1,2,3,4,5,6,7,8,9,10,11,12,13,14,15,16,17,18,19,20]', 0, 1),
(309, 'Clothes 309', 158, 100000, '[0,1,2,3,4,5,6,7,8,9,10,11,12,13,14,15,16,17,18,19,20]', 0, 1),
(310, 'Clothes 310', 159, 100000, '[0,1,2,3,4,5,6,7,8,9,10,11,12,13,14,15,16,17,18,19,20]', 0, 1),
(311, 'Clothes 311', 160, 100000, '[0,1,2,3,4,5,6,7,8,9,10,11,12,13,14,15,16,17,18,19,20]', 0, 1),
(312, 'Clothes 312', 161, 100000, '[0,1,2,3,4,5,6,7,8,9,10,11,12,13,14,15,16,17,18,19,20]', 0, 1),
(313, 'Clothes 313', 162, 100000, '[0,1,2,3,4,5,6,7,8,9,10,11,12,13,14,15,16,17,18,19,20]', 0, 1),
(314, 'Clothes 314', 163, 100000, '[0,1,2,3,4,5,6,7,8,9,10,11,12,13,14,15,16,17,18,19,20]', 0, 1),
(315, 'Clothes 315', 164, 100000, '[0,1,2,3,4,5,6,7,8,9,10,11,12,13,14,15,16,17,18,19,20]', 0, 1),
(316, 'Clothes 316', 165, 100000, '[0,1,2,3,4,5,6,7,8,9,10,11,12,13,14,15,16,17,18,19,20]', 0, 1),
(317, 'Clothes 317', 166, 100000, '[0,1,2,3,4,5,6,7,8,9,10,11,12,13,14,15,16,17,18,19,20]', 0, 1),
(318, 'Clothes 318', 167, 100000, '[0,1,2,3,4,5,6,7,8,9,10,11,12,13,14,15,16,17,18,19,20]', 0, 1),
(319, 'Clothes 319', 168, 100000, '[0,1,2,3,4,5,6,7,8,9,10,11,12,13,14,15,16,17,18,19,20]', 0, 1),
(320, 'Clothes 320', 169, 100000, '[0,1,2,3,4,5,6,7,8,9,10,11,12,13,14,15,16,17,18,19,20]', 0, 1),
(321, 'Clothes 321', 170, 100000, '[0,1,2,3,4,5,6,7,8,9,10,11,12,13,14,15,16,17,18,19,20]', 0, 1),
(322, 'Clothes 322', 171, 100000, '[0,1,2,3,4,5,6,7,8,9,10,11,12,13,14,15,16,17,18,19,20]', 0, 1),
(323, 'Clothes 323', 172, 100000, '[0,1,2,3,4,5,6,7,8,9,10,11,12,13,14,15,16,17,18,19,20]', 0, 1),
(324, 'Clothes 324', 173, 100000, '[0,1,2,3,4,5,6,7,8,9,10,11,12,13,14,15,16,17,18,19,20]', 0, 1),
(325, 'Clothes 325', 174, 100000, '[0,1,2,3,4,5,6,7,8,9,10,11,12,13,14,15,16,17,18,19,20]', 0, 1),
(326, 'Clothes 326', 175, 100000, '[0,1,2,3,4,5,6,7,8,9,10,11,12,13,14,15,16,17,18,19,20]', 0, 1),
(327, 'Clothes 327', 176, 100000, '[0,1,2,3,4,5,6,7,8,9,10,11,12,13,14,15,16,17,18,19,20]', 0, 1),
(328, 'Clothes 328', 177, 100000, '[0,1,2,3,4,5,6,7,8,9,10,11,12,13,14,15,16,17,18,19,20]', 0, 1),
(329, 'Clothes 329', 178, 100000, '[0,1,2,3,4,5,6,7,8,9,10,11,12,13,14,15,16,17,18,19,20]', 0, 1),
(330, 'Clothes 330', 179, 100000, '[0,1,2,3,4,5,6,7,8,9,10,11,12,13,14,15,16,17,18,19,20]', 0, 1),
(331, 'Clothes 331', 180, 100000, '[0,1,2,3,4,5,6,7,8,9,10,11,12,13,14,15,16,17,18,19,20]', 0, 1),
(332, 'Clothes 332', 181, 100000, '[0,1,2,3,4,5,6,7,8,9,10,11,12,13,14,15,16,17,18,19,20]', 0, 1),
(333, 'Clothes 333', 182, 100000, '[0,1,2,3,4,5,6,7,8,9,10,11,12,13,14,15,16,17,18,19,20]', 0, 1),
(334, 'Clothes 334', 183, 100000, '[0,1,2,3,4,5,6,7,8,9,10,11,12,13,14,15,16,17,18,19,20]', 0, 1),
(335, 'Clothes 335', 184, 100000, '[0,1,2,3,4,5,6,7,8,9,10,11,12,13,14,15,16,17,18,19,20]', 0, 1),
(336, 'Clothes 336', 185, 100000, '[0,1,2,3,4,5,6,7,8,9,10,11,12,13,14,15,16,17,18,19,20]', 0, 1),
(337, 'Clothes 337', 186, 100000, '[0,1,2,3,4,5,6,7,8,9,10,11,12,13,14,15,16,17,18,19,20]', 0, 1),
(338, 'Clothes 338', 187, 100000, '[0,1,2,3,4,5,6,7,8,9,10,11,12,13,14,15,16,17,18,19,20]', 0, 1),
(339, 'Clothes 339', 188, 100000, '[0,1,2,3,4,5,6,7,8,9,10,11,12,13,14,15,16,17,18,19,20]', 0, 1),
(340, 'Clothes 340', 189, 100000, '[0,1,2,3,4,5,6,7,8,9,10,11,12,13,14,15,16,17,18,19,20]', 0, 1),
(341, 'Clothes 341', 190, 100000, '[0,1,2,3,4,5,6,7,8,9,10,11,12,13,14,15,16,17,18,19,20]', 0, 1),
(342, 'Clothes 342', 191, 100000, '[0,1,2,3,4,5,6,7,8,9,10,11,12,13,14,15,16,17,18,19,20]', 0, 1),
(343, 'Clothes 343', 192, 100000, '[0,1,2,3,4,5,6,7,8,9,10,11,12,13,14,15,16,17,18,19,20]', 0, 1),
(344, 'Clothes 344', 193, 100000, '[0,1,2,3,4,5,6,7,8,9,10,11,12,13,14,15,16,17,18,19,20]', 0, 1),
(345, 'Clothes 345', 194, 100000, '[0,1,2,3,4,5,6,7,8,9,10,11,12,13,14,15,16,17,18,19,20]', 0, 1),
(346, 'Clothes 346', 195, 100000, '[0,1,2,3,4,5,6,7,8,9,10,11,12,13,14,15,16,17,18,19,20]', 0, 1),
(347, 'Clothes 347', 196, 100000, '[0,1,2,3,4,5,6,7,8,9,10,11,12,13,14,15,16,17,18,19,20]', 0, 1),
(348, 'Clothes 348', 197, 100000, '[0,1,2,3,4,5,6,7,8,9,10,11,12,13,14,15,16,17,18,19,20]', 0, 1),
(349, 'Clothes 349', 198, 100000, '[0,1,2,3,4,5,6,7,8,9,10,11,12,13,14,15,16,17,18,19,20]', 0, 1),
(350, 'Clothes 350', 199, 100000, '[0,1,2,3,4,5,6,7,8,9,10,11,12,13,14,15,16,17,18,19,20]', 0, 1),
(351, 'Clothes 351', 200, 100000, '[0,1,2,3,4,5,6,7,8,9,10,11,12,13,14,15,16,17,18,19,20]', 0, 1),
(352, 'Clothes 352', 201, 100000, '[0,1,2,3,4,5,6,7,8,9,10,11,12,13,14,15,16,17,18,19,20]', 0, 1),
(353, 'Clothes 353', 202, 100000, '[0,1,2,3,4,5,6,7,8,9,10,11,12,13,14,15,16,17,18,19,20]', 0, 1),
(354, 'Clothes 354', 203, 100000, '[0,1,2,3,4,5,6,7,8,9,10,11,12,13,14,15,16,17,18,19,20]', 0, 1),
(355, 'Clothes 355', 204, 100000, '[0,1,2,3,4,5,6,7,8,9,10,11,12,13,14,15,16,17,18,19,20]', 0, 1),
(356, 'Clothes 356', 205, 100000, '[0,1,2,3,4,5,6,7,8,9,10,11,12,13,14,15,16,17,18,19,20]', 0, 1),
(357, 'Clothes 357', 206, 100000, '[0,1,2,3,4,5,6,7,8,9,10,11,12,13,14,15,16,17,18,19,20]', 0, 1),
(358, 'Clothes 358', 207, 100000, '[0,1,2,3,4,5,6,7,8,9,10,11,12,13,14,15,16,17,18,19,20]', 0, 1),
(359, 'Clothes 359', 208, 100000, '[0,1,2,3,4,5,6,7,8,9,10,11,12,13,14,15,16,17,18,19,20]', 0, 1),
(360, 'Clothes 360', 209, 100000, '[0,1,2,3,4,5,6,7,8,9,10,11,12,13,14,15,16,17,18,19,20]', 0, 1),
(361, 'Clothes 361', 210, 100000, '[0,1,2,3,4,5,6,7,8,9,10,11,12,13,14,15,16,17,18,19,20]', 0, 1),
(362, 'Clothes 362', 211, 100000, '[0,1,2,3,4,5,6,7,8,9,10,11,12,13,14,15,16,17,18,19,20]', 0, 1),
(363, 'Clothes 363', 212, 100000, '[0,1,2,3,4,5,6,7,8,9,10,11,12,13,14,15,16,17,18,19,20]', 0, 1),
(364, 'Clothes 364', 213, 100000, '[0,1,2,3,4,5,6,7,8,9,10,11,12,13,14,15,16,17,18,19,20]', 0, 1),
(365, 'Clothes 365', 214, 100000, '[0,1,2,3,4,5,6,7,8,9,10,11,12,13,14,15,16,17,18,19,20]', 0, 1),
(366, 'Clothes 366', 215, 100000, '[0,1,2,3,4,5,6,7,8,9,10,11,12,13,14,15,16,17,18,19,20]', 0, 1),
(367, 'Clothes 367', 216, 100000, '[0,1,2,3,4,5,6,7,8,9,10,11,12,13,14,15,16,17,18,19,20]', 0, 1),
(368, 'Clothes 368', 217, 100000, '[0,1,2,3,4,5,6,7,8,9,10,11,12,13,14,15,16,17,18,19,20]', 0, 1),
(369, 'Clothes 369', 218, 100000, '[0,1,2,3,4,5,6,7,8,9,10,11,12,13,14,15,16,17,18,19,20]', 0, 1),
(370, 'Clothes 370', 219, 100000, '[0,1,2,3,4,5,6,7,8,9,10,11,12,13,14,15,16,17,18,19,20]', 0, 1),
(371, 'Clothes 371', 220, 100000, '[0,1,2,3,4,5,6,7,8,9,10,11,12,13,14,15,16,17,18,19,20]', 0, 1),
(372, 'Clothes 372', 221, 100000, '[0,1,2,3,4,5,6,7,8,9,10,11,12,13,14,15,16,17,18,19,20]', 0, 1),
(373, 'Clothes 373', 222, 100000, '[0,1,2,3,4,5,6,7,8,9,10,11,12,13,14,15,16,17,18,19,20]', 0, 1),
(374, 'Clothes 374', 223, 100000, '[0,1,2,3,4,5,6,7,8,9,10,11,12,13,14,15,16,17,18,19,20]', 0, 1),
(375, 'Clothes 375', 224, 100000, '[0,1,2,3,4,5,6,7,8,9,10,11,12,13,14,15,16,17,18,19,20]', 0, 1),
(376, 'Clothes 376', 225, 100000, '[0,1,2,3,4,5,6,7,8,9,10,11,12,13,14,15,16,17,18,19,20]', 0, 1),
(377, 'Clothes 377', 226, 100000, '[0,1,2,3,4,5,6,7,8,9,10,11,12,13,14,15,16,17,18,19,20]', 0, 1),
(378, 'Clothes 378', 227, 100000, '[0,1,2,3,4,5,6,7,8,9,10,11,12,13,14,15,16,17,18,19,20]', 0, 1),
(379, 'Clothes 379', 228, 100000, '[0,1,2,3,4,5,6,7,8,9,10,11,12,13,14,15,16,17,18,19,20]', 0, 1),
(380, 'Clothes 380', 229, 100000, '[0,1,2,3,4,5,6,7,8,9,10,11,12,13,14,15,16,17,18,19,20]', 0, 1),
(381, 'Clothes 381', 230, 100000, '[0,1,2,3,4,5,6,7,8,9,10,11,12,13,14,15,16,17,18,19,20]', 0, 1),
(382, 'Clothes 382', 231, 100000, '[0,1,2,3,4,5,6,7,8,9,10,11,12,13,14,15,16,17,18,19,20]', 0, 1),
(383, 'Clothes 383', 232, 100000, '[0,1,2,3,4,5,6,7,8,9,10,11,12,13,14,15,16,17,18,19,20]', 0, 1),
(384, 'Clothes 384', 233, 100000, '[0,1,2,3,4,5,6,7,8,9,10,11,12,13,14,15,16,17,18,19,20]', 0, 1),
(385, 'Clothes 385', 234, 100000, '[0,1,2,3,4,5,6,7,8,9,10,11,12,13,14,15,16,17,18,19,20]', 0, 1),
(386, 'Clothes 386', 235, 100000, '[0,1,2,3,4,5,6,7,8,9,10,11,12,13,14,15,16,17,18,19,20]', 0, 1),
(387, 'Clothes 387', 236, 100000, '[0,1,2,3,4,5,6,7,8,9,10,11,12,13,14,15,16,17,18,19,20]', 0, 1),
(388, 'Clothes 388', 237, 100000, '[0,1,2,3,4,5,6,7,8,9,10,11,12,13,14,15,16,17,18,19,20]', 0, 1),
(389, 'Clothes 389', 238, 100000, '[0,1,2,3,4,5,6,7,8,9,10,11,12,13,14,15,16,17,18,19,20]', 0, 1),
(390, 'Clothes 390', 239, 100000, '[0,1,2,3,4,5,6,7,8,9,10,11,12,13,14,15,16,17,18,19,20]', 0, 1),
(391, 'Clothes 391', 240, 100000, '[0,1,2,3,4,5,6,7,8,9,10,11,12,13,14,15,16,17,18,19,20]', 0, 1),
(392, 'Clothes 392', 241, 100000, '[0,1,2,3,4,5,6,7,8,9,10,11,12,13,14,15,16,17,18,19,20]', 0, 1),
(393, 'Clothes 393', 242, 100000, '[0,1,2,3,4,5,6,7,8,9,10,11,12,13,14,15,16,17,18,19,20]', 0, 1),
(394, 'Clothes 394', 243, 100000, '[0,1,2,3,4,5,6,7,8,9,10,11,12,13,14,15,16,17,18,19,20]', 0, 1),
(395, 'Clothes 395', 244, 100000, '[0,1,2,3,4,5,6,7,8,9,10,11,12,13,14,15,16,17,18,19,20]', 0, 1),
(396, 'Clothes 396', 245, 100000, '[0,1,2,3,4,5,6,7,8,9,10,11,12,13,14,15,16,17,18,19,20]', 0, 1),
(397, 'Clothes 397', 246, 100000, '[0,1,2,3,4,5,6,7,8,9,10,11,12,13,14,15,16,17,18,19,20]', 0, 1),
(398, 'Clothes 398', 247, 100000, '[0,1,2,3,4,5,6,7,8,9,10,11,12,13,14,15,16,17,18,19,20]', 0, 1),
(399, 'Clothes 399', 248, 100000, '[0,1,2,3,4,5,6,7,8,9,10,11,12,13,14,15,16,17,18,19,20]', 0, 1),
(400, 'Clothes 400', 249, 100000, '[0,1,2,3,4,5,6,7,8,9,10,11,12,13,14,15,16,17,18,19,20]', 0, 1),
(401, 'Clothes 401', 250, 100000, '[0,1,2,3,4,5,6,7,8,9,10,11,12,13,14,15,16,17,18,19,20]', 0, 1),
(402, 'Clothes 402', 251, 100000, '[0,1,2,3,4,5,6,7,8,9,10,11,12,13,14,15,16,17,18,19,20]', 0, 1),
(403, 'Clothes 403', 252, 100000, '[0,1,2,3,4,5,6,7,8,9,10,11,12,13,14,15,16,17,18,19,20]', 0, 1),
(404, 'Clothes 404', 253, 100000, '[0,1,2,3,4,5,6,7,8,9,10,11,12,13,14,15,16,17,18,19,20]', 0, 1);

-- --------------------------------------------------------

--
-- Table structure for table `store_glasses`
--

CREATE TABLE `store_glasses` (
  `id` int(11) NOT NULL,
  `name` varchar(30) NOT NULL,
  `variation` int(11) NOT NULL,
  `price` int(11) NOT NULL,
  `textures` varchar(128) NOT NULL,
  `sex` int(1) NOT NULL,
  `class` int(1) NOT NULL DEFAULT 1
) ENGINE=InnoDB DEFAULT CHARSET=utf8;

--
-- Dumping data for table `store_glasses`
--

INSERT INTO `store_glasses` (`id`, `name`, `variation`, `price`, `textures`, `sex`, `class`) VALUES
(2, 'Clothes 2', 1, 150, '[1]', 1, 2),
(3, 'Clothes 3', 2, 200, '[0,1,2,3,4,5,6,7,8,9,10]', 1, 1),
(4, 'Clothes 4', 3, 700, '[0,1,2,3,4,5,6,7,8,9,10]', 1, 1),
(5, 'Clothes 5', 4, 900, '[0,1,2,3,4,5,6,7,8,9,10]', 1, 1),
(6, 'Clothes 6', 5, 1200, '[0,1,2,3,4,5,6,7,8,9,10]', 1, 2),
(8, 'Clothes 8', 7, 600, '[0,1,2,3,4,5,6,7,8,9,10]', 1, 1),
(9, 'Clothes 9', 8, 1000, '[0,1,2,3,4,5,6,7,8,9,10]', 1, 2),
(10, 'Clothes 10', 9, 300, '[0,1,2,3,4,5,6,7,8,9,10]', 1, 2),
(11, 'Clothes 11', 10, 2500, '[0,1,2,3,4,5,6,7,8,9,10]', 1, 2),
(13, 'Clothes 13', 12, 300, '[0,1,2,3,4,5,6,7,8,9,10]', 1, 3),
(14, 'Clothes 14', 13, 300, '[0,1,2,3,4,5,6,7,8,9,10]', 1, 3),
(16, 'Clothes 16', 15, 300, '[0,1,2,3,4,5,6,7,8,9,10]', 1, 2),
(17, 'Clothes 17', 16, 300, '[0,1,2,3,4,5,6,7,8,9,10]', 1, 2),
(18, 'Clothes 18', 17, 2000, '[0,1,2,3,4,5,6,7,8,9,10]', 1, 3),
(19, 'Clothes 19', 18, 1350, '[0,1,2,3,4,5,6,7,8,9,10]', 1, 3),
(20, 'Clothes 20', 19, 1800, '[0,1,2,3,4,5,6,7,8,9,10]', 1, 3),
(21, 'Clothes 21', 20, 100, '[0,1,2,3,4,5,6,7,8,9,10]', 1, 2),
(22, 'Clothes 22', 21, 500, '[1]', 1, 2),
(23, 'Clothes 23', 22, 500, '[1]', 1, 3),
(24, 'Clothes 24', 23, 300, '[0,1,2,3,4,5,6,7,8,9]', 1, 3),
(25, 'Clothes 25', 24, 2000, '[0,1,2,3,4,5]', 1, 2),
(26, 'Clothes 26', 25, 1700, '[0,1,2,3,4,5,6,7]', 1, 2),
(28, 'Clothes 28', 0, 380, '[0,1,2,3,4,5,6,7,8,9,10,11,12,13,14,15,16,17,18,19,20]', 0, 3),
(29, 'Clothes 29', 1, 400, '[0,1,2,3,4,5,6,7,8,9,10,11,12,13,14,15,16,17,18,19,20]', 0, 3),
(30, 'Clothes 30', 2, 400, '[0,1,2,3,4,5,6,7,8,9,10,11,12,13,14,15,16,17,18,19,20]', 0, 3),
(31, 'Clothes 31', 3, 420, '[0,1,2,3,4,5,6,7,8,9,10,11,12,13,14,15,16,17,18,19,20]', 0, 3),
(32, 'Clothes 32', 4, 400, '[0,1,2,3,4,5,6,7,8,9,10,11,12,13,14,15,16,17,18,19,20]', 0, 3),
(33, 'Clothes 33', 5, 10000000, '[0,1,2,3,4,5,6,7,8,9,10,11,12,13,14,15,16,17,18,19,20]', 0, 3),
(34, 'Clothes 34', 6, 550, '[0,1,2,3,4,5,6,7,8,9,10,11,12,13,14,15,16,17,18,19,20]', 0, 3),
(35, 'Clothes 35', 7, 500, '[0,1,2,3,4,5,6,7,8,9,10,11,12,13,14,15,16,17,18,19,20]', 0, 3),
(36, 'Clothes 36', 8, 400, '[0,1,2,3,4,5,6,7,8,9,10,11,12,13,14,15,16,17,18,19,20]', 0, 3),
(37, 'Clothes 37', 9, 400, '[0,1,2,3,4,5,6,7,8,9,10,11,12,13,14,15,16,17,18,19,20]', 0, 3),
(38, 'Clothes 38', 10, 360, '[0,1,2,3,4,5,6,7,8,9,10,11,12,13,14,15,16,17,18,19,20]', 0, 3),
(39, 'Clothes 39', 11, 380, '[0,1,2,3,4,5,6,7,8,9,10,11,12,13,14,15,16,17,18,19,20]', 0, 3),
(40, 'Clothes 40', 12, 1000000, '[0,1,2,3,4,5,6,7,8,9,10,11,12,13,14,15,16,17,18,19,20]', 0, 3),
(41, 'Clothes 41', 13, 1000000, '[0,1,2,3,4,5,6,7,8,9,10,11,12,13,14,15,16,17,18,19,20]', 0, 3),
(42, 'Clothes 42', 14, 580, '[0,1,2,3,4,5,6,7,8,9,10,11,12,13,14,15,16,17,18,19,20]', 0, 3),
(43, 'Clothes 43', 15, 1000000, '[0,1,2,3,4,5,6,7,8,9,10,11,12,13,14,15,16,17,18,19,20]', 0, 3),
(44, 'Clothes 44', 16, 550, '[0,1,2,3,4,5,6,7,8,9,10,11,12,13,14,15,16,17,18,19,20]', 0, 3),
(45, 'Clothes 45', 17, 500, '[0,1,2,3,4,5,6,7,8,9,10,11,12,13,14,15,16,17,18,19,20]', 0, 3),
(46, 'Clothes 46', 18, 380, '[0,1,2,3,4,5,6,7,8,9,10,11,12,13,14,15,16,17,18,19,20]', 0, 3),
(47, 'Clothes 47', 19, 380, '[0,1,2,3,4,5,6,7,8,9,10,11,12,13,14,15,16,17,18,19,20]', 0, 3),
(48, 'Clothes 48', 20, 380, '[0,1,2,3,4,5,6,7,8,9,10,11,12,13,14,15,16,17,18,19,20]', 0, 3),
(49, 'Clothes 49', 21, 380, '[0,1,2,3,4,5,6,7,8,9,10,11,12,13,14,15,16,17,18,19,20]', 0, 3),
(50, 'Clothes 50', 22, 150, '[0,1,2,3,4,5,6,7,8,9,10,11,12,13,14,15,16,17,18,19,20]', 0, 3),
(51, 'Clothes 51', 23, 500, '[0,1,2,3,4,5,6,7,8,9,10,11,12,13,14,15,16,17,18,19,20]', 0, 3),
(52, 'Clothes 52', 24, 400, '[0,1,2,3,4,5,6,7,8,9,10,11,12,13,14,15,16,17,18,19,20]', 0, 3),
(53, 'Clothes 53', 25, 300, '[0,1,2,3,4,5,6,7,8,9,10,11,12,13,14,15,16,17,18,19,20]', 0, 3),
(54, 'Clothes 54', 26, 300, '[0,1,2,3,4,5,6,7,8,9,10,11,12,13,14,15,16,17,18,19,20]', 0, 3),
(55, 'Clothes 55', 27, 500, '[0,1,2,3,4,5,6,7,8,9,10,11,12,13,14,15,16,17,18,19,20]', 0, 3),
(56, 'Clothes 56', 28, 500, '[0,1,2,3,4,5,6,7,8,9,10,11,12,13,14,15,16,17,18,19,20]', 0, 3);

-- --------------------------------------------------------

--
-- Table structure for table `store_hats`
--

CREATE TABLE `store_hats` (
  `id` int(11) NOT NULL,
  `name` varchar(30) NOT NULL,
  `variation` int(11) NOT NULL,
  `price` int(11) NOT NULL,
  `textures` varchar(128) NOT NULL,
  `sex` int(1) NOT NULL,
  `class` int(1) NOT NULL DEFAULT 1
) ENGINE=InnoDB DEFAULT CHARSET=utf8;

--
-- Dumping data for table `store_hats`
--

INSERT INTO `store_hats` (`id`, `name`, `variation`, `price`, `textures`, `sex`, `class`) VALUES
(1, 'Clothes 1', 0, 270, '[0,1,2,3,4,5,6,7]', 1, 1),
(3, 'Clothes 3', 2, 90, '[0,1,2,3,4,5,6,7]', 1, 1),
(4, 'Clothes 4', 3, 110, '[1,2]', 1, 1),
(5, 'Clothes 5', 4, 220, '[0,1]', 1, 1),
(6, 'Clothes 6', 5, 90, '[0,1]', 1, 1),
(7, 'Clothes 7', 6, 110, '[0,1,2,3,4,5,6,7]', 1, 1),
(8, 'Clothes 8', 7, 40, '[0,1,2,3,4,5,6,7]', 1, 1),
(13, 'Clothes 13', 12, 160, '[0,1,2]', 1, 1),
(14, 'Clothes 14', 13, 150, '[0,1,2,3,4,5,6,7]', 1, 1),
(15, 'Clothes 15', 14, 190, '[0,1,2,3,4,5,6,7]', 1, 1),
(16, 'Clothes 16', 15, 340, '[0,1,2,3,4,5,6,7]', 1, 1),
(19, 'Clothes 19', 18, 560, '[0,1,2,3,4,5,6,7]', 1, 1),
(21, 'Clothes 21', 20, 54, '[0,1,2,3,4,5]', 1, 1),
(22, 'Clothes 22', 21, 165, '[0,1,2,3,4,5,6,7]', 1, 1),
(26, 'Clothes 26', 25, 190, '[0,1,2]', 1, 1),
(27, 'Clothes 27', 26, 185, '[0,1,2,3,4,5,6,7,8,9,10,11,12,13]', 1, 1),
(28, 'Clothes 28', 27, 195, '[0,1,2,3,4,5,6,7,8,9,10,11,12,13]', 1, 1),
(29, 'Clothes 29', 28, 155, '[0,1,2,3,4,5]', 1, 1),
(30, 'Clothes 30', 29, 150, '[0,1,2,3,4,5,6,7]', 1, 1),
(31, 'Clothes 31', 30, 175, '[0,1]', 1, 1),
(45, 'Clothes 45', 44, 60, '[0,1,2,3,4,5,6,7]', 1, 1),
(46, 'Clothes 46', 45, 65, '[0,1,2,3,4,5,6,7]', 1, 1),
(55, 'Clothes 55', 54, 60, '[0,1]', 1, 1),
(56, 'Clothes 56', 55, 170, '[0,1,2,3,4,5,6,7,8,9,10,11,12,13,14,15,16,17,18,19,20,21,22,23,24,25]', 1, 1),
(57, 'Clothes 57', 56, 150, '[0,1,2,3,4,5,6,7,8,9]', 1, 1),
(59, 'Clothes 59', 58, 70, '[0,1,2]', 1, 1),
(60, 'Clothes 60', 59, 230, '[0,1,2,3,4,5,6,7,8,9]', 1, 1),
(61, 'Clothes 61', 60, 90, '[0,1,2,3,4,5,6,7,8,9]', 1, 1),
(62, 'Clothes 62', 61, 230, '[0,1,2,3,4,5,6,7,8,9]', 1, 1),
(64, 'Clothes 64', 63, 90, '[0,1,2,3,4,5,6,7,8,9]', 1, 1),
(65, 'Clothes 65', 64, 290, '[0,1,2,3,4,5,6,7,8,9,10,11]', 1, 1),
(66, 'Clothes 66', 65, 110, '[0]', 1, 1),
(67, 'Clothes 67', 66, 120, '[0]', 1, 1),
(78, 'Clothes 78', 77, 90, '[0,1,2,3,4,5,6,7,8,9,10,11,12,13,14,15,16,17,18,19,20]', 1, 1),
(84, 'Clothes 84', 83, 160, '[0,1,2,3,4,5,6]', 1, 1),
(85, 'Clothes 85', 84, 390, '[0,1,2,3,4,5,6,7,8,9]', 1, 1),
(92, 'Clothes 92', 91, 200000, '[0,1,2,3,4,5,6,7,8,9,10]', 1, 1),
(93, 'Clothes 93', 92, 190000, '[0,1,2,3,4,5,6,7,8,9,10]', 1, 1),
(95, 'Clothes 95', 94, 60, '[0,1,2,3,4,5,6,7,8,9]', 1, 1),
(96, 'Clothes 96', 95, 175, '[0,1,2,3,4,5,6,7,8,9]', 1, 1),
(97, 'Clothes 97', 96, 180, '[0,1,2,3,4,5,6,7,8,9,10,11,12,13,14,15]', 1, 1),
(103, 'Clothes 103', 102, 70, '[0,1,2,3,4,5,6,7,8,9]', 1, 1),
(104, 'Clothes 104', 103, 50, '[0,1,2,3,4,5,6,7,8,9,10,11,12,13,14,15,16,17,18,19]', 1, 1),
(105, 'Clothes 105', 104, 190, '[0,1,2,3,4,5,6,7,8,9,10,11,12,13,14,15,16,17,18,19,20,21,22,23,24,25]', 1, 1),
(106, 'Clothes 106', 105, 195, '[0,1,2,3,4,5,6,7,8,9,10,11,12,13,14,15,16,17,18,19,20,21,22,23,24,25]', 1, 1),
(107, 'Clothes 107', 106, 165, '[0,1,2,3,4,5,6,7,8,9,10,11,12,13,14,15,16,17,18,19,20,21,22,23,24,25]', 1, 1),
(108, 'Clothes 108', 107, 70, '[0,1,2,3,4,5,6,7,8,9,10,11,12,13,14,15,16,17,18,19,20,21,22,23,24,25]', 1, 1),
(109, 'Clothes 109', 108, 75, '[0,1,2,3,4,5,6,7,8,9,10,11,12,13,14,15,16,17,18,19,20,21,22,23,24,25]', 1, 1),
(110, 'Clothes 110', 109, 45, '[0,1,2,3,4,5,6,7,8,9,10]', 1, 1),
(111, 'Clothes 111', 110, 40, '[0,1,2,3,4,5,6,7,8,9,10]', 1, 1),
(121, 'Clothes 121', 120, 230, '[0,1,2,3,4,5,6,7,8,9,10,11,12,13,14,15,16,17,18,19,20,21,22,23,24,25]', 1, 1),
(128, 'Clothes 128', 0, 200, '[0,1,2,3,4,5,6,7,8,9,10,11,12,13,14,15]', 0, 1),
(129, 'Clothes 129', 1, 1000000, '[0,1,2,3,4,5,6,7,8,9,10,11,12,13,14,15]', 0, 3),
(130, 'Clothes 130', 2, 1000000, '[0,1,2,3,4,5,6,7,8,9,10,11,12,13,14,15]', 0, 3),
(131, 'Clothes 131', 3, 1000000, '[0,1,2,3,4,5,6,7,8,9,10,11,12,13,14,15]', 0, 3),
(132, 'Clothes 132', 4, 200, '[0,1,2,3,4,5,6,7,8,9,10,11,12,13,14,15]', 0, 2),
(133, 'Clothes 133', 5, 100, '[0,1,2,3,4,5,6,7,8,9,10,11,12,13,14,15]', 0, 2),
(134, 'Clothes 134', 6, 400, '[0,1,2,3,4,5,6,7,8,9,10,11,12,13,14,15]', 0, 2),
(135, 'Clothes 135', 7, 300, '[0,1,2,3,4,5,6,7,8,9,10,11,12,13,14,15]', 0, 2),
(136, 'Clothes 136', 8, 1000000, '[0,1,2,3,4,5,6,7,8,9,10,11,12,13,14,15]', 0, 3),
(137, 'Clothes 137', 9, 150, '[0,1,2,3,4,5,6,7,8,9,10,11,12,13,14,15]', 0, 1),
(138, 'Clothes 138', 10, 1000000, '[0,1,2,3,4,5,6,7,8,9,10,11,12,13,14,15]', 0, 3),
(139, 'Clothes 139', 11, 1000000, '[0,1,2,3,4,5,6,7,8,9,10,11,12,13,14,15]', 0, 3),
(140, 'Clothes 140', 12, 200, '[0,1,2,3,4,5,6,7,8,9,10,11,12,13,14,15]', 0, 2),
(141, 'Clothes 141', 13, 400, '[0,1,2,3,4,5,6,7,8,9,10,11,12,13,14,15]', 0, 2),
(142, 'Clothes 142', 14, 200, '[0,1,2,3,4,5,6,7,8,9,10,11,12,13,14,15]', 0, 2),
(143, 'Clothes 143', 15, 200, '[0,1,2,3,4,5,6,7,8,9,10,11,12,13,14,15]', 0, 2),
(144, 'Clothes 144', 16, 500, '[0,1,2,3,4,5,6,7,8,9,10,11,12,13,14,15]', 0, 2),
(145, 'Clothes 145', 17, 400, '[0,1,2,3,4,5,6,7,8,9,10,11,12,13,14,15]', 0, 2),
(146, 'Clothes 146', 18, 600, '[0,1,2,3,4,5,6,7,8,9,10,11,12,13,14,15]', 0, 2),
(148, 'Clothes 148', 20, 300, '[0,1,2,3,4,5,6,7,8,9,10,11,12,13,14,15]', 0, 2),
(149, 'Clothes 149', 21, 200, '[0,1,2,3,4,5,6,7,8,9,10,11,12,13,14,15]', 0, 2),
(150, 'Clothes 150', 22, 200, '[0,1,2,3,4,5,6,7,8,9,10,11,12,13,14,15]', 0, 2),
(151, 'Clothes 151', 23, 500, '[0,1,2,3,4,5,6,7,8,9,10,11,12,13,14,15]', 0, 3),
(152, 'Clothes 152', 24, 500, '[0,1,2,3,4,5,6,7,8,9,10,11,12,13,14,15]', 0, 3),
(153, 'Clothes 153', 25, 250, '[0,1,2,3,4,5,6,7,8,9,10,11,12,13,14,15]', 0, 3),
(154, 'Clothes 154', 26, 300, '[0,1,2,3,4,5,6,7,8,9,10,11,12,13,14,15]', 0, 3),
(155, 'Clothes 155', 27, 300, '[0,1,2,3,4,5,6,7,8,9,10,11,12,13,14,15]', 0, 3),
(156, 'Clothes 156', 28, 300, '[0,1,2,3,4,5,6,7,8,9,10,11,12,13,14,15]', 0, 3),
(157, 'Clothes 157', 29, 100, '[0,1,2,3,4,5,6,7,8,9,10,11,12,13,14,15]', 0, 1),
(158, 'Clothes 158', 30, 300, '[0,1,2,3,4,5,6,7,8,9,10,11,12,13,14,15]', 0, 3),
(159, 'Clothes 159', 31, 300, '[0,1,2,3,4,5,6,7,8,9,10,11,12,13,14,15]', 0, 3),
(160, 'Clothes 160', 32, 300, '[0,1,2,3,4,5,6,7,8,9,10,11,12,13,14,15]', 0, 3),
(161, 'Clothes 161', 33, 100, '[0,1,2,3,4,5,6,7,8,9,10,11,12,13,14,15]', 0, 1),
(162, 'Clothes 162', 34, 300, '[0,1,2,3,4,5,6,7,8,9,10,11,12,13,14,15]', 0, 3),
(163, 'Clothes 163', 35, 300, '[0,1,2,3,4,5,6,7,8,9,10,11,12,13,14,15]', 0, 3),
(164, 'Clothes 164', 36, 300, '[0,1,2,3,4,5,6,7,8,9,10,11,12,13,14,15]', 0, 3),
(166, 'Clothes 166', 38, 300, '[0,1,2,3,4,5,6,7,8,9,10,11,12,13,14,15]', 0, 3),
(167, 'Clothes 167', 39, 300, '[0,1,2,3,4,5,6,7,8,9,10,11,12,13,14,15]', 0, 3),
(168, 'Clothes 168', 40, 300, '[0,1,2,3,4,5,6,7,8,9,10,11,12,13,14,15]', 0, 3),
(169, 'Clothes 169', 41, 400, '[0,1,2,3,4,5,6,7,8,9,10,11,12,13,14,15]', 0, 3),
(170, 'Clothes 170', 42, 400, '[0,1,2,3,4,5,6,7,8,9,10,11,12,13,14,15]', 0, 3),
(171, 'Clothes 171', 43, 150, '[0,1,2,3,4,5,6,7,8,9,10,11,12,13,14,15]', 0, 2),
(172, 'Clothes 172', 44, 150, '[0,1,2,3,4,5,6,7,8,9,10,11,12,13,14,15]', 0, 2),
(173, 'Clothes 173', 45, 1000000, '[0,1,2,3,4,5,6,7,8,9,10,11,12,13,14,15]', 0, 3),
(174, 'Clothes 174', 46, 1000000, '[0,1,2,3,4,5,6,7,8,9,10,11,12,13,14,15]', 0, 3),
(175, 'Clothes 175', 47, 500, '[0,1,2,3,4,5,6,7,8,9,10,11,12,13,14,15]', 0, 2),
(176, 'Clothes 176', 48, 500, '[0,1,2,3,4,5,6,7,8,9,10,11,12,13,14,15]', 0, 2),
(177, 'Clothes 177', 49, 500, '[0,1,2,3,4,5,6,7,8,9,10,11,12,13,14,15]', 0, 3),
(178, 'Clothes 178', 50, 500, '[0,1,2,3,4,5,6,7,8,9,10,11,12,13,14,15]', 0, 3),
(179, 'Clothes 179', 51, 500, '[0,1,2,3,4,5,6,7,8,9,10,11,12,13,14,15]', 0, 3),
(180, 'Clothes 180', 52, 500, '[0,1,2,3,4,5,6,7,8,9,10,11,12,13,14,15]', 0, 3),
(181, 'Clothes 181', 53, 50, '[0,1,2,3,4,5,6,7,8,9,10,11,12,13,14,15]', 0, 1),
(182, 'Clothes 182', 54, 100, '[0,1,2,3,4,5,6,7,8,9,10,11,12,13,14,15]', 0, 1),
(183, 'Clothes 183', 55, 100, '[0,1,2,3,4,5,6,7,8,9,10,11,12,13,14,15]', 0, 1),
(184, 'Clothes 184', 56, 200, '[0,1,2,3,4,5,6,7,8,9,10,11,12,13,14,15]', 0, 2),
(185, 'Clothes 185', 57, 1000000, '[0,1,2,3,4,5,6,7,8,9,10,11,12,13,14,15]', 0, 3),
(186, 'Clothes 186', 58, 100, '[0,1,2,3,4,5,6,7,8,9,10,11,12,13,14,15]', 0, 1),
(187, 'Clothes 187', 59, 500, '[0,1,2,3,4,5,6,7,8,9,10,11,12,13,14,15]', 0, 2),
(188, 'Clothes 188', 60, 200, '[0,1,2,3,4,5,6,7,8,9,10,11,12,13,14,15]', 0, 2),
(189, 'Clothes 189', 61, 200, '[0,1,2,3,4,5,6,7,8,9,10,11,12,13,14,15]', 0, 2),
(190, 'Clothes 190', 62, 600, '[0,1,2,3,4,5,6,7,8,9,10,11,12,13,14,15]', 0, 2),
(191, 'Clothes 191', 63, 120, '[0,1,2,3,4,5,6,7,8,9,10,11,12,13,14,15]', 0, 1),
(192, 'Clothes 192', 64, 200, '[0,1,2,3,4,5,6,7,8,9,10,11,12,13,14,15]', 0, 2),
(193, 'Clothes 193', 65, 200, '[0,1,2,3,4,5,6,7,8,9,10,11,12,13,14,15]', 0, 2),
(194, 'Clothes 194', 66, 600, '[0,1,2,3,4,5,6,7,8,9,10,11,12,13,14,15]', 0, 2),
(195, 'Clothes 195', 67, 700, '[0,1,2,3,4,5,6,7,8,9,10,11,12,13,14,15]', 0, 3),
(196, 'Clothes 196', 68, 700, '[0,1,2,3,4,5,6,7,8,9,10,11,12,13,14,15]', 0, 3),
(197, 'Clothes 197', 69, 700, '[0,1,2,3,4,5,6,7,8,9,10,11,12,13,14,15]', 0, 3),
(198, 'Clothes 198', 70, 700, '[0,1,2,3,4,5,6,7,8,9,10,11,12,13,14,15]', 0, 3),
(199, 'Clothes 199', 71, 700, '[0,1,2,3,4,5,6,7,8,9,10,11,12,13,14,15]', 0, 3),
(200, 'Clothes 200', 72, 600, '[0,1,2,3,4,5,6,7,8,9,10,11,12,13,14,15]', 0, 2),
(201, 'Clothes 201', 73, 700, '[0,1,2,3,4,5,6,7,8,9,10,11,12,13,14,15]', 0, 3),
(202, 'Clothes 202', 74, 700, '[0,1,2,3,4,5,6,7,8,9,10,11,12,13,14,15]', 0, 3),
(203, 'Clothes 203', 75, 200, '[0,1,2,3,4,5,6,7,8,9,10,11,12,13,14,15]', 0, 2),
(204, 'Clothes 204', 76, 200, '[0,1,2,3,4,5,6,7,8,9,10,11,12,13,14,15]', 0, 2),
(205, 'Clothes 205', 77, 700, '[0,1,2,3,4,5,6,7,8,9,10,11,12,13,14,15]', 0, 2),
(206, 'Clothes 206', 78, 700, '[0,1,2,3,4,5,6,7,8,9,10,11,12,13,14,15]', 0, 2),
(207, 'Clothes 207', 79, 700, '[0,1,2,3,4,5,6,7,8,9,10,11,12,13,14,15]', 0, 2),
(208, 'Clothes 208', 80, 700, '[0,1,2,3,4,5,6,7,8,9,10,11,12,13,14,15]', 0, 2),
(209, 'Clothes 209', 81, 700, '[0,1,2,3,4,5,6,7,8,9,10,11,12,13,14,15]', 0, 2),
(210, 'Clothes 210', 82, 200, '[0,1,2,3,4,5,6,7,8,9,10,11,12,13,14,15]', 0, 2),
(211, 'Clothes 211', 83, 800, '[0,1,2,3,4,5,6,7,8,9,10,11,12,13,14,15]', 0, 3),
(212, 'Clothes 212', 84, 800, '[0,1,2,3,4,5,6,7,8,9,10,11,12,13,14,15]', 0, 3),
(213, 'Clothes 213', 85, 800, '[0,1,2,3,4,5,6,7,8,9,10,11,12,13,14,15]', 0, 3),
(214, 'Clothes 214', 86, 800, '[0,1,2,3,4,5,6,7,8,9,10,11,12,13,14,15]', 0, 3),
(215, 'Clothes 215', 87, 800, '[0,1,2,3,4,5,6,7,8,9,10,11,12,13,14,15]', 0, 3),
(216, 'Clothes 216', 88, 800, '[0,1,2,3,4,5,6,7,8,9,10,11,12,13,14,15]', 0, 3),
(217, 'Clothes 217', 89, 800, '[0,1,2,3,4,5,6,7,8,9,10,11,12,13,14,15]', 0, 3),
(220, 'Clothes 220', 92, 550, '[0,1,2,3,4,5,6,7,8,9,10,11,12,13,14,15]', 0, 1),
(221, 'Clothes 221', 93, 250, '[0,1,2,3,4,5,6,7,8,9,10,11,12,13,14,15]', 0, 1),
(222, 'Clothes 222', 94, 450, '[0,1,2,3,4,5,6,7,8,9,10,11,12,13,14,15]', 0, 3),
(223, 'Clothes 223', 95, 250, '[0,1,2,3,4,5,6,7,8,9,10,11,12,13,14,15]', 0, 2),
(224, 'Clothes 224', 96, 450, '[0,1,2,3,4,5,6,7,8,9,10,11,12,13,14,15]', 0, 2),
(225, 'Clothes 225', 97, 450, '[0,1,2,3,4,5,6,7,8,9,10,11,12,13,14,15]', 0, 2),
(226, 'Clothes 226', 98, 450, '[0,1,2,3,4,5,6,7,8,9,10,11,12,13,14,15]', 0, 2),
(227, 'Clothes 227', 99, 550, '[0,1,2,3,4,5,6,7,8,9,10,11,12,13,14,15]', 0, 2),
(228, 'Clothes 228', 100, 350, '[0,1,2,3,4,5,6,7,8,9,10,11,12,13,14,15]', 0, 2),
(229, 'Clothes 229', 101, 250, '[0,1,2,3,4,5,6,7,8,9,10,11,12,13,14,15]', 0, 2),
(230, 'Clothes 230', 102, 250, '[0,1,2,3,4,5,6,7,8,9,10,11,12,13,14,15]', 0, 2),
(231, 'Clothes 231', 103, 350, '[0,1,2,3,4,5,6,7,8,9,10,11,12,13,14,15]', 0, 2),
(232, 'Clothes 232', 104, 350, '[0,1,2,3,4,5,6,7,8,9,10,11,12,13,14,15]', 0, 2),
(233, 'Clothes 233', 105, 300, '[0,1,2,3,4,5,6,7,8,9,10,11,12,13,14,15]', 0, 2),
(234, 'Clothes 234', 106, 300, '[0,1,2,3,4,5,6,7,8,9,10,11,12,13,14,15]', 0, 2),
(235, 'Clothes 235', 107, 300, '[0,1,2,3,4,5,6,7,8,9,10,11,12,13,14,15]', 0, 2),
(236, 'Clothes 236', 108, 200, '[0,1,2,3,4,5,6,7,8,9,10,11,12,13,14,15]', 0, 2),
(237, 'Clothes 237', 109, 100, '[0,1,2,3,4,5,6,7,8,9,10,11,12,13,14,15]', 0, 1),
(238, 'Clothes 238', 110, 1000000, '[0,1,2,3,4,5,6,7,8,9,10,11,12,13,14,15]', 0, 3),
(239, 'Clothes 239', 111, 1000000, '[0,1,2,3,4,5,6,7,8,9,10,11,12,13,14,15]', 0, 3),
(243, 'Clothes 243', 115, 10000000, '[0,1,2,3,4,5,6,7,8,9,10,11,12,13,14,15]', 0, 3),
(244, 'Clothes 244', 116, 10000000, '[0,1,2,3,4,5,6,7,8,9,10,11,12,13,14,15]', 0, 3),
(245, 'Clothes 245', 117, 10000000, '[0,1,2,3,4,5,6,7,8,9,10,11,12,13,14,15]', 0, 3),
(246, 'Clothes 246', 118, 10000000, '[0,1,2,3,4,5,6,7,8,9,10,11,12,13,14,15]', 0, 3),
(247, 'Clothes 247', 119, 200, '[0,1,2,3,4,5,6,7,8,9,10,11,12,13,14,15]', 0, 2),
(248, 'Clothes 248', 120, 10000000, '[0,1,2,3,4,5,6,7,8,9,10,11,12,13,14,15]', 0, 3),
(250, 'Clothes 250', 122, 10000000, '[0,1,2,3,4,5,6,7,8,9,10,11,12,13,14,15]', 0, 3),
(251, 'Clothes 251', 123, 10000000, '[0,1,2,3,4,5,6,7,8,9,10,11,12,13,14,15]', 0, 3),
(252, 'Clothes 252', 124, 10000000, '[0,1,2,3,4,5,6,7,8,9,10,11,12,13,14,15]', 0, 3),
(253, 'Clothes 253', 125, 10000000, '[0,1,2,3,4,5,6,7,8,9,10,11,12,13,14,15]', 0, 3),
(254, 'Clothes 254', 126, 200, '[0,1,2,3,4,5,6,7,8,9,10,11,12,13,14,15]', 0, 1);

-- --------------------------------------------------------

--
-- Table structure for table `store_legs`
--

CREATE TABLE `store_legs` (
  `id` int(11) NOT NULL,
  `name` varchar(30) NOT NULL,
  `variation` int(11) NOT NULL,
  `rows` int(11) NOT NULL DEFAULT 2,
  `cols` int(11) NOT NULL DEFAULT 4,
  `price` int(11) NOT NULL,
  `textures` varchar(128) NOT NULL,
  `sex` int(1) NOT NULL,
  `class` int(1) NOT NULL DEFAULT 1
) ENGINE=InnoDB DEFAULT CHARSET=utf8;

--
-- Dumping data for table `store_legs`
--

INSERT INTO `store_legs` (`id`, `name`, `variation`, `rows`, `cols`, `price`, `textures`, `sex`, `class`) VALUES
(1, 'Clothes 1', 0, 2, 4, 300, '[0,1,2,3,4,5,6,7,8,9,10,11,12,13,14,15]', 1, 1),
(2, 'Clothes 2', 1, 2, 4, 470, '[0,1,2,3,4,5,6,7,8,9,10,11,12,13,14,15]', 1, 2),
(3, 'Clothes 3', 2, 2, 4, 60, '[11]', 1, 3),
(4, 'Clothes 4', 3, 2, 4, 130, '[0,1,2,3,4,5,6,7,8,9,10,11,12,13,14,15]', 1, 2),
(5, 'Clothes 5', 4, 2, 4, 520, '[0,1]', 1, 2),
(6, 'Clothes 6', 5, 2, 4, 100, '[0,1,2,3,4,5,6,7,8,9,10,11,12,13,14]', 1, 2),
(7, 'Clothes 7', 6, 2, 4, 75, '[0,1,2,10]', 1, 1),
(8, 'Clothes 8', 7, 2, 4, 120, '[0,1,2,3,4,5,6,7,8,9,10,11,12,13,14,15]', 1, 2),
(9, 'Clothes 9', 8, 2, 4, 217, '[0,3,4,14]', 1, 3),
(10, 'Clothes 10', 9, 2, 4, 750, '[0,1,2,3,4,5,6,7,8,9,10,11,12,13,14,15]', 1, 1),
(11, 'Clothes 11', 10, 2, 4, 225, '[0,1,2]', 1, 3),
(13, 'Clothes 13', 12, 2, 4, 260, '[0,4,5,7]', 1, 2),
(14, 'Clothes 14', 13, 2, 4, 280, '[0,1,2]', 1, 3),
(15, 'Clothes 15', 14, 2, 4, 85, '[0,1,3]', 1, 2),
(16, 'Clothes 16', 15, 2, 4, 120, '[0,1,2,3,4,5,6,7,8,9,10,11,12,13,14,15]', 1, 2),
(17, 'Clothes 17', 16, 2, 4, 210, '[0,1,2,3,4,5,6,7,8,9,10,11]', 1, 2),
(18, 'Clothes 18', 17, 2, 4, 150, '[0,1,2,3,4,5,6,7,8,9,10]', 1, 1),
(19, 'Clothes 19', 18, 2, 4, 640, '[0,1,2,3,4,5,6,7,8,9,10]', 1, 2),
(20, 'Clothes 20', 19, 2, 4, 225, '[0,1]', 1, 3),
(21, 'Clothes 21', 20, 2, 4, 290, '[0,1,2,3]', 1, 3),
(22, 'Clothes 22', 21, 2, 4, 10, '[0]', 1, 3),
(23, 'Clothes 23', 22, 2, 4, 850, '[0,1,2,3,4,5,6,7,8,9,10,11,12]', 1, 3),
(24, 'Clothes 24', 23, 2, 4, 850, '[0,1,2,3,4,5,6,7,8,9,10,11,12]', 1, 3),
(25, 'Clothes 25', 24, 2, 4, 1100, '[0,1,2,3,4,5,6]', 1, 3),
(26, 'Clothes 26', 25, 2, 4, 140, '[0,1,2,3,4,5,6]', 1, 3),
(27, 'Clothes 27', 26, 2, 4, 2500, '[0,1,2,3,4,5,6,7,8,9,10,11]', 1, 2),
(28, 'Clothes 28', 27, 2, 4, 250, '[0,1,2,3,4,5,6,7,8,9,10,11]', 1, 3),
(29, 'Clothes 29', 28, 2, 4, 1950, '[0,1,2,3,4,5,6,7,8,9,10,11,12,13,14,15]', 1, 2),
(30, 'Clothes 30', 29, 2, 4, 1600, '[0,1]', 1, 3),
(32, 'Clothes 32', 31, 2, 4, 1020, '[0,1,2,3]', 1, 2),
(33, 'Clothes 33', 32, 2, 4, 3000, '[0,1,2,3]', 1, 3),
(34, 'Clothes 34', 33, 2, 4, 440, '[0]', 1, 2),
(36, 'Clothes 36', 35, 2, 4, 650, '[0]', 1, 3),
(37, 'Clothes 37', 36, 2, 4, 140, '[0]', 1, 1),
(38, 'Clothes 38', 37, 2, 4, 570, '[0,1,2,3]', 1, 3),
(39, 'Clothes 39', 38, 2, 4, 290, '[0,1,2,3]', 1, 1),
(40, 'Clothes 40', 39, 2, 4, 480, '[0,1,2,3]', 1, 1),
(41, 'Clothes 41', 40, 2, 4, 535, '[0,1,2,3]', 1, 2),
(43, 'Clothes 43', 42, 2, 4, 85, '[0,1,2,3,4,5,6,7]', 1, 1),
(44, 'Clothes 44', 43, 2, 4, 185, '[0,1]', 1, 1),
(48, 'Clothes 48', 47, 2, 4, 850, '[0,1]', 1, 2),
(49, 'Clothes 49', 48, 2, 4, 980, '[0,1,2,3,4]', 1, 3),
(50, 'Clothes 50', 49, 2, 4, 1800, '[0,1,2,3,4]', 1, 3),
(51, 'Clothes 51', 50, 2, 4, 245, '[0,1,2,3]', 1, 3),
(52, 'Clothes 52', 51, 2, 4, 1300, '[0]', 1, 2),
(53, 'Clothes 53', 52, 2, 4, 1800, '[0,1,2,3]', 1, 3),
(55, 'Clothes 55', 54, 2, 4, 850, '[0,1,2,3,4,5,6]', 1, 2),
(56, 'Clothes 56', 55, 2, 4, 170, '[1,2,3,0]', 1, 1),
(58, 'Clothes 58', 57, 2, 4, 750, '[0,1,2]', 1, 3),
(59, 'Clothes 59', 58, 2, 4, 670, '[0,1,2,3,4,5,6,7,8,9,10,11,12,13,14,15]', 1, 3),
(60, 'Clothes 60', 59, 2, 4, 450, '[0,1,2,3,4,5,6,7,8,9]', 1, 2),
(61, 'Clothes 61', 60, 2, 4, 620, '[0,1,2,3,4,5,6,7,8,9,10,11]', 1, 3),
(62, 'Clothes 62', 61, 2, 4, 80, '[0,1,2,3,4,5,6,7,8,9,10,11,12,13]', 1, 2),
(63, 'Clothes 63', 62, 2, 4, 165, '[0,1,2,3]', 1, 1),
(64, 'Clothes 64', 63, 2, 4, 100, '[0]', 1, 1),
(65, 'Clothes 65', 64, 2, 4, 125, '[0,1,2,3,4,5,6,7,8,9,10]', 1, 1),
(66, 'Clothes 66', 65, 2, 4, 1200, '[0,1,2,3,4,5,6,7,8,9,10,11,12,13]', 1, 2),
(69, 'Clothes 69', 68, 2, 4, 2000, '[0,1,2,3,4,5,6,7,8,9]', 1, 2),
(70, 'Clothes 70', 69, 2, 4, 4000, '[0,1,2,3,4,5,6,7,8,9,10,11,12,13,14,15,16,17]', 1, 2),
(71, 'Clothes 71', 70, 2, 4, 2000, '[0,1,2,3]', 1, 2),
(72, 'Clothes 72', 71, 2, 4, 635, '[0,1,2,3,4,5]', 1, 2),
(73, 'Clothes 73', 72, 2, 4, 635, '[0,1,2,3,4,5,6,7,8,9,10,11,12,13,14,15,16,17,18,19,20]', 1, 2),
(74, 'Clothes 74', 73, 2, 4, 635, '[0,1,2,3,4,5]', 1, 2),
(75, 'Clothes 75', 74, 2, 4, 795, '[0,1,2,3,4,5]', 1, 2),
(76, 'Clothes 76', 75, 2, 4, 160, '[0,1,2,3,4,5,6,7]', 1, 1),
(77, 'Clothes 77', 76, 2, 4, 380, '[0,1,2,3,4,5,6,7]', 1, 1),
(79, 'Clothes 79', 78, 2, 4, 880, '[0,1,2,3,4,5,6,7]', 1, 1),
(80, 'Clothes 80', 79, 2, 4, 880, '[0,1]', 1, 1),
(81, 'Clothes 81', 80, 2, 4, 995, '[0,1,2,3,4,5,6,7]', 1, 2),
(82, 'Clothes 82', 81, 2, 4, 990, '[0,1,2]', 1, 2),
(83, 'Clothes 83', 82, 2, 4, 330, '[0,1,2,3,4,5,6,7,8,9]', 1, 1),
(84, 'Clothes 84', 83, 2, 4, 330, '[0,1,2,3]', 1, 1),
(87, 'Clothes 87', 86, 2, 4, 1250, '[0,1,2,3,4,5,6,7,8,9,10,11,12,13,14,15,16,17,18,19,20,21,22,23]', 1, 2),
(88, 'Clothes 88', 87, 2, 4, 1250, '[0,1,2,3,4,5,6,7,8,9,10,11,12,13,14,15,16,17,18,19,20,21,22,23]', 1, 2),
(89, 'Clothes 89', 88, 2, 4, 585, '[0,1,2,3,4,5,6,7,8,9,10,11,12,13,14,15,16,17,18,19,20,21,22,23]', 1, 2),
(90, 'Clothes 90', 89, 2, 4, 750, '[0,1,2,3,4,5,6,7,8,9,10,11,12,13,14,15,16,17,18,19,20,21,22,23]', 1, 2),
(91, 'Clothes 91', 90, 2, 4, 750, '[0,1,2,3,4,5,6,7,8,9]', 1, 1),
(92, 'Clothes 92', 91, 2, 4, 1800, '[0,1,2,3,4,5,6,7,8,9,10,11,12,13]', 1, 2),
(95, 'Clothes 95', 94, 2, 4, 1500, '[0,1,2,3,4,5,6,7,8,9,10,11,12,13,14,15,16,17,18,19,20,21,22,23,24,25]', 1, 2),
(97, 'Clothes 97', 96, 2, 4, 335, '[0,1]', 1, 2),
(98, 'Clothes 98', 97, 2, 4, 735, '[0,1,2,3,4,5,6,7,8,9,10,11,12,13,14,15,16,17,18,19,20,21,22,23,24,25]', 1, 2),
(99, 'Clothes 99', 98, 2, 4, 735, '[0,1,2,3,4,5,6,7,8,9,10,11,12,13,14,15,16,17,18,19,20,21,22,23,24,25]', 1, 2),
(100, 'Clothes 100', 0, 2, 4, 200, '[0,1,2,3,4,5,6,7,8,9,10,11,12,13,14,15]', 0, 1),
(101, 'Clothes 101', 1, 2, 4, 150, '[0,1,2,3,4,5,6,7,8,9,10,11,12,13,14,15]', 0, 1),
(102, 'Clothes 102', 2, 2, 4, 130, '[0]', 0, 1),
(103, 'Clothes 103', 3, 2, 4, 170, '[0,1,2,3,4,5,6,7,8,9,10,11,12,13,14,15,16,17,18,19,20]', 0, 1),
(104, 'Clothes 104', 4, 2, 4, 270, '[0,1,2,3,4,5,6,7,8,9,10,11,12,13,14,15]', 0, 2),
(105, 'Clothes 105', 5, 2, 4, 1000000, '[8,14]', 0, 3),
(106, 'Clothes 106', 6, 2, 4, 400, '[0,1,2]', 0, 3),
(107, 'Clothes 107', 7, 2, 4, 200, '[0,1,2]', 0, 3),
(108, 'Clothes 108', 8, 2, 4, 400, '[0,1,2,3,4,5,6,7,8,9,10,11,12,14]', 0, 2),
(109, 'Clothes 109', 9, 2, 4, 400, '[0,1,2,3,4,5,6,7,8,9,10,11,12,13,14,15]', 0, 2),
(110, 'Clothes 110', 10, 2, 4, 100, '[0,1,2]', 0, 1),
(111, 'Clothes 111', 11, 2, 4, 300, '[0,1,2,3,4,5,6,7,8,9,10,11,12,13,14,15]', 0, 2),
(112, 'Clothes 112', 12, 2, 4, 300, '[0,1,2,3,4,5,6,7,8,9,10,11,12,13,14,15]', 0, 2),
(114, 'Clothes 114', 14, 2, 4, 250, '[0,1,8,9]', 0, 2),
(115, 'Clothes 115', 15, 2, 4, 150, '[0,3,10,11]', 0, 2),
(116, 'Clothes 116', 16, 2, 4, 250, '[0,1,2,3,4,5,6,7,8,9,10,11]', 0, 2),
(117, 'Clothes 117', 17, 2, 4, 150, '[0,1,2,3,4,5,6,7,8,9]', 0, 2),
(118, 'Clothes 118', 18, 2, 4, 400, '[]', 0, 3),
(119, 'Clothes 119', 19, 2, 4, 400, '[0,1,2,3,4]', 0, 2),
(120, 'Clothes 120', 20, 2, 4, 600, '[0,1,2]', 0, 3),
(121, 'Clothes 121', 21, 2, 4, 150, '[0]', 0, 2),
(122, 'Clothes 122', 22, 2, 4, 600, '[0,1,2]', 0, 3),
(123, 'Clothes 123', 23, 2, 4, 400, '[0,1,2,3,4,5,6,7,8,9,10,11,12]', 0, 3),
(124, 'Clothes 124', 24, 2, 4, 350, '[0,1,2,3,4,5,6,7,8,9,10]', 0, 3),
(125, 'Clothes 125', 25, 2, 4, 140, '[0,1,2,3,4,5,6,7,8,9,10,11]', 0, 1),
(126, 'Clothes 126', 26, 2, 4, 300, '[0]', 0, 2),
(127, 'Clothes 127', 27, 2, 4, 300, '[0,1,2,3,4,5,6,7,8,9,10,11,12,13,14,15]', 0, 2),
(128, 'Clothes 128', 28, 2, 4, 400, '[0]', 0, 2),
(129, 'Clothes 129', 29, 2, 4, 500, '[0]', 0, 2),
(130, 'Clothes 130', 30, 2, 4, 220, '[0,1,2,3,4]', 0, 2),
(131, 'Clothes 131', 31, 2, 4, 320, '[0,1]', 0, 2),
(134, 'Clothes 134', 34, 2, 4, 200, '[0,1,2,3,4,5,6,7,8,9,10,11,12,13,14,15,16,17,18,19,20]', 0, 2),
(135, 'Clothes 135', 35, 2, 4, 180, '[0,1,2,3,4,5,6,7,8,9,10,11,12,13,14,15,16,17,18,19,20]', 0, 1),
(136, 'Clothes 136', 36, 2, 4, 500, '[0,1,2,3,4,5,6,7,8,9,10,11,12,13,14,15,16,17,18,19,20]', 0, 3),
(137, 'Clothes 137', 37, 2, 4, 400, '[0,1,2,3,4,5,6,7,8,9,10,11,12,13,14,15,16,17,18,19,20]', 0, 3),
(138, 'Clothes 138', 38, 2, 4, 200, '[0,1,2,3,4,5,6,7,8,9,10,11,12,13,14,15,16,17,18,19,20]', 0, 1),
(139, 'Clothes 139', 39, 2, 4, 200, '[0,1,2,3,4,5,6,7,8,9,10,11,12,13,14,15,16,17,18,19,20]', 0, 1),
(140, 'Clothes 140', 40, 2, 4, 250, '[0,1,2,3,4,5,6,7,8,9,10,11,12,13,14,15,16,17,18,19,20]', 0, 2),
(141, 'Clothes 141', 41, 2, 4, 200, '[0,1,2,3,4,5,6,7,8,9,10,11,12,13,14,15,16,17,18,19,20]', 0, 1),
(142, 'Clothes 142', 42, 2, 4, 400, '[0,1,2,3,4,5,6,7,8,9,10,11,12,13,14,15,16,17,18,19,20]', 0, 2),
(143, 'Clothes 143', 43, 2, 4, 370, '[0,1,2,3,4,5,6,7,8,9,10,11,12,13,14,15,16,17,18,19,20]', 0, 2),
(144, 'Clothes 144', 44, 2, 4, 370, '[0,1,2,3,4,5,6,7,8,9,10,11,12,13,14,15,16,17,18,19,20]', 0, 2),
(145, 'Clothes 145', 45, 2, 4, 250, '[0,1,2,3,4,5,6,7,8,9,10,11,12,13,14,15,16,17,18,19,20]', 0, 2),
(147, 'Clothes 147', 47, 2, 4, 280, '[0,1,2,3,4,5,6,7,8,9,10,11,12,13,14,15,16,17,18,19,20]', 0, 2),
(148, 'Clothes 148', 48, 2, 4, 370, '[0,1,2,3,4,5,6,7,8,9,10,11,12,13,14,15,16,17,18,19,20]', 0, 2),
(149, 'Clothes 149', 49, 2, 4, 370, '[0,1,2,3,4,5,6,7,8,9,10,11,12,13,14,15,16,17,18,19,20]', 0, 2),
(150, 'Clothes 150', 50, 2, 4, 400, '[0,1,2,3,4,5,6,7,8,9,10,11,12,13,14,15,16,17,18,19,20]', 0, 3),
(151, 'Clothes 151', 51, 2, 4, 350, '[0,1,2,3,4,5,6,7,8,9,10,11,12,13,14,15,16,17,18,19,20]', 0, 2),
(152, 'Clothes 152', 52, 2, 4, 400, '[0,1,2,3,4,5,6,7,8,9,10,11,12,13,14,15,16,17,18,19,20]', 0, 3),
(153, 'Clothes 153', 53, 2, 4, 400, '[0,1,2,3,4,5,6,7,8,9,10,11,12,13,14,15,16,17,18,19,20]', 0, 3),
(154, 'Clothes 154', 54, 2, 4, 350, '[0,1,2,3,4,5,6,7,8,9,10,11,12,13,14,15,16,17,18,19,20]', 0, 2),
(155, 'Clothes 155', 55, 2, 4, 350, '[0,1,2,3,4,5,6,7,8,9,10,11,12,13,14,15,16,17,18,19,20]', 0, 2),
(156, 'Clothes 156', 56, 2, 4, 200, '[0,1,2,3,4,5,6,7,8,9,10,11,12,13,14,15,16,17,18,19,20]', 0, 2),
(157, 'Clothes 157', 57, 2, 4, 120, '[0,1,2,3,4,5,6,7,8,9,10,11,12,13,14,15,16,17,18,19,20]', 0, 1),
(158, 'Clothes 158', 58, 2, 4, 150, '[0,1,2,3,4,5,6,7,8,9,10,11,12,13,14,15,16,17,18,19,20]', 0, 1),
(159, 'Clothes 159', 59, 2, 4, 1000000, '[0,1,2,3,4,5,6,7,8,9,10,11,12,13,14,15,16,17,18,19,20]', 0, 3),
(160, 'Clothes 160', 60, 2, 4, 360, '[0,1,2,3,4,5,6,7,8,9,10,11,12,13,14,15,16,17,18,19,20]', 0, 3),
(161, 'Clothes 161', 61, 2, 4, 140, '[0,1,2,3,4,5,6,7,8,9,10,11,12,13,14,15,16,17,18,19,20]', 0, 1),
(162, 'Clothes 162', 62, 2, 4, 300, '[0,1,2,3,4,5,6,7,8,9,10,11,12,13,14,15,16,17,18,19,20]', 0, 2),
(163, 'Clothes 163', 63, 2, 4, 400, '[0,1,2,3,4,5,6,7,8,9,10,11,12,13,14,15,16,17,18,19,20]', 0, 3),
(164, 'Clothes 164', 64, 2, 4, 550, '[0,1,2,3,4,5,6,7,8,9,10,11,12,13,14,15,16,17,18,19,20]', 0, 3),
(165, 'Clothes 165', 65, 2, 4, 270, '[0,1,2,3,4,5,6,7,8,9,10,11,12,13,14,15,16,17,18,19,20]', 0, 2),
(166, 'Clothes 166', 66, 2, 4, 150, '[0,1,2,3,4,5,6,7,8,9,10,11,12,13,14,15,16,17,18,19,20]', 0, 1),
(167, 'Clothes 167', 67, 2, 4, 400, '[0,1,2,3,4,5,6,7,8,9,10,11,12,13,14,15,16,17,18,19,20]', 0, 2),
(168, 'Clothes 168', 68, 2, 4, 550, '[0,1,2,3,4,5,6,7,8,9,10,11,12,13,14,15,16,17,18,19,20]', 0, 2),
(169, 'Clothes 169', 69, 2, 4, 650, '[0,1,2,3,4,5,6,7,8,9,10,11,12,13,14,15,16,17,18,19,20]', 0, 2),
(170, 'Clothes 170', 70, 2, 4, 650, '[0,1,2,3,4,5,6,7,8,9,10,11,12,13,14,15,16,17,18,19,20]', 0, 2),
(171, 'Clothes 171', 71, 2, 4, 300, '[0,1,2,3,4,5,6,7,8,9,10,11,12,13,14,15,16,17,18,19,20]', 0, 1),
(172, 'Clothes 172', 72, 2, 4, 600, '[0,1,2,3,4,5,6,7,8,9,10,11,12,13,14,15,16,17,18,19,20]', 0, 2),
(173, 'Clothes 173', 73, 2, 4, 380, '[0,1,2,3,4,5,6,7,8,9,10,11,12,13,14,15,16,17,18,19,20]', 0, 2),
(174, 'Clothes 174', 74, 2, 4, 380, '[0,1,2,3,4,5,6,7,8,9,10,11,12,13,14,15,16,17,18,19,20]', 0, 2),
(175, 'Clothes 175', 75, 2, 4, 380, '[0,1,2,3,4,5,6,7,8,9,10,11,12,13,14,15,16,17,18,19,20]', 0, 2),
(176, 'Clothes 176', 76, 2, 4, 350, '[0,1,2,3,4,5,6,7,8,9,10,11,12,13,14,15,16,17,18,19,20]', 0, 2),
(177, 'Clothes 177', 77, 2, 4, 350, '[0,1,2,3,4,5,6,7,8,9,10,11,12,13,14,15,16,17,18,19,20]', 0, 2),
(178, 'Clothes 178', 78, 2, 4, 550, '[0,1,2,3,4,5,6,7,8,9,10,11,12,13,14,15,16,17,18,19,20]', 0, 2),
(180, 'Clothes 180', 80, 2, 4, 250, '[0,1,2,3,4,5,6,7,8,9,10,11,12,13,14,15,16,17,18,19,20]', 0, 2),
(181, 'Clothes 181', 81, 2, 4, 250, '[0,1,2,3,4,5,6,7,8,9,10,11,12,13,14,15,16,17,18,19,20]', 0, 1),
(182, 'Clothes 182', 82, 2, 4, 150, '[0,1,2,3,4,5,6,7,8,9,10,11,12,13,14,15,16,17,18,19,20]', 0, 1),
(183, 'Clothes 183', 83, 2, 4, 150, '[0,1,2,3,4,5,6,7,8,9,10,11,12,13,14,15,16,17,18,19,20]', 0, 1),
(184, 'Clothes 184', 84, 2, 4, 250, '[0,1,2,3,4,5,6,7,8,9,10,11,12,13,14,15,16,17,18,19,20]', 0, 1),
(185, 'Clothes 185', 85, 2, 4, 250, '[0,1,2,3,4,5,6,7,8,9,10,11,12,13,14,15,16,17,18,19,20]', 0, 1),
(187, 'Clothes 187', 87, 2, 4, 650, '[0,1,2,3,4,5,6,7,8,9,10,11,12,13,14,15,16,17,18,19,20]', 0, 2),
(189, 'Clothes 189', 89, 2, 4, 500, '[0,1,2,3,4,5,6,7,8,9,10,11,12,13,14,15,16,17,18,19,20]', 0, 2),
(190, 'Clothes 190', 90, 2, 4, 500, '[0,1,2,3,4,5,6,7,8,9,10,11,12,13,14,15,16,17,18,19,20]', 0, 2),
(191, 'Clothes 191', 91, 2, 4, 400, '[0,1,2,3,4,5,6,7,8,9,10,11,12,13,14,15,16,17,18,19,20]', 0, 2),
(192, 'Clothes 192', 92, 2, 4, 800, '[0,1,2,3,4,5,6,7,8,9,10,11,12,13,14,15,16,17,18,19,20]', 0, 2),
(193, 'Clothes 193', 93, 2, 4, 700, '[0,1,2,3,4,5,6,7,8,9,10,11,12,13,14,15,16,17,18,19,20]', 0, 2),
(194, 'Clothes 194', 94, 2, 4, 400, '[0,1,2,3,4,5,6,7,8,9,10,11,12,13,14,15,16,17,18,19,20]', 0, 2),
(195, 'Clothes 195', 95, 2, 4, 400, '[0,1,2,3,4,5,6,7,8,9,10,11,12,13,14,15,16,17,18,19,20]', 0, 2),
(196, 'Clothes 196', 96, 2, 4, 400, '[0,1,2,3,4,5,6,7,8,9,10,11,12,13,14,15,16,17,18,19,20]', 0, 2),
(197, 'Clothes 197', 97, 2, 4, 350, '[0,1,2,3,4,5,6,7,8,9,10,11,12,13,14,15,16,17,18,19,20]', 0, 2),
(199, 'Clothes 199', 99, 2, 4, 200, '[0,1,2,3,4,5,6,7,8,9,10,11,12,13,14,15,16,17,18,19,20]', 0, 1),
(200, 'Clothes 200', 100, 2, 4, 300, '[0,1,2,3,4,5,6,7,8,9,10,11,12,13,14,15,16,17,18,19,20]', 0, 2),
(201, 'Clothes 201', 101, 2, 4, 300, '[0,1,2,3,4,5,6,7,8,9,10,11,12,13,14,15,16,17,18,19,20]', 0, 2),
(202, 'Clothes 202', 102, 2, 4, 400, '[0,1,2,3,4,5,6,7,8,9,10,11,12,13,14,15,16,17,18,19,20]', 0, 2);

-- --------------------------------------------------------

--
-- Table structure for table `store_masks`
--

CREATE TABLE `store_masks` (
  `id` int(11) NOT NULL,
  `name` varchar(30) NOT NULL,
  `variation` int(11) NOT NULL,
  `price` int(11) NOT NULL,
  `textures` varchar(128) NOT NULL,
  `sex` int(1) NOT NULL,
  `class` int(1) NOT NULL DEFAULT 1
) ENGINE=InnoDB DEFAULT CHARSET=utf8;

--
-- Dumping data for table `store_masks`
--

INSERT INTO `store_masks` (`id`, `name`, `variation`, `price`, `textures`, `sex`, `class`) VALUES
(2, 'Clothes 2', 1, 100000, '[0,1,2,3]', 1, 1),
(3, 'Clothes 3', 2, 100000, '[0,1,2,3]', 1, 1),
(4, 'Clothes 4', 3, 100000, '[0]', 1, 1),
(5, 'Clothes 5', 4, 100000, '[0,1,2,3]', 1, 1),
(6, 'Clothes 6', 5, 100000, '[0,1,2,3]', 1, 1),
(7, 'Clothes 7', 6, 100000, '[0,1,2,3]', 1, 1),
(8, 'Clothes 8', 7, 100000, '[0,1,2,3]', 1, 1),
(9, 'Clothes 9', 8, 100000, '[0,1,2]', 1, 1),
(10, 'Clothes 10', 9, 100000, '[0]', 1, 1),
(11, 'Clothes 11', 10, 100000, '[0]', 1, 1),
(12, 'Clothes 12', 11, 100000, '[0,1,2]', 1, 1),
(13, 'Clothes 13', 12, 100000, '[0,1,2]', 1, 1),
(14, 'Clothes 14', 13, 100000, '[0]', 1, 1),
(15, 'Clothes 15', 14, 100000, '[0,1,2,3,4,5,6,7,8,9,10,11,12,13,14,15]', 1, 1),
(16, 'Clothes 16', 15, 100000, '[0,1,2,3]', 1, 1),
(17, 'Clothes 17', 16, 100000, '[0,1,2,3,4,5,6,7,8]', 1, 1),
(18, 'Clothes 18', 17, 100000, '[0,1]', 1, 1),
(19, 'Clothes 19', 18, 100000, '[0,1]', 1, 1),
(20, 'Clothes 20', 19, 100000, '[0,1]', 1, 1),
(21, 'Clothes 21', 20, 100000, '[0,1]', 1, 1),
(22, 'Clothes 22', 21, 100000, '[0,1]', 1, 1),
(23, 'Clothes 23', 22, 100000, '[0,1]', 1, 1),
(24, 'Clothes 24', 23, 100000, '[0,1]', 1, 1),
(25, 'Clothes 25', 24, 100000, '[0,1]', 1, 1),
(26, 'Clothes 26', 25, 100000, '[0,1]', 1, 1),
(27, 'Clothes 27', 26, 100000, '[0,1]', 1, 1),
(28, 'Clothes 28', 27, 100000, '[0]', 1, 1),
(29, 'Clothes 29', 28, 100000, '[0,1,2,3,4]', 1, 1),
(30, 'Clothes 30', 29, 100000, '[0,1,2,3,4]', 1, 1),
(31, 'Clothes 31', 30, 100000, '[0]', 1, 1),
(32, 'Clothes 32', 31, 100000, '[0]', 1, 1),
(33, 'Clothes 33', 32, 100000, '[0]', 1, 1),
(34, 'Clothes 34', 33, 100000, '[0]', 1, 1),
(35, 'Clothes 35', 34, 100000, '[0,1,2]', 1, 1),
(36, 'Clothes 36', 35, 100000, '[0]', 1, 1),
(37, 'Clothes 37', 36, 100000, '[0]', 1, 1),
(38, 'Clothes 38', 37, 100000, '[0]', 1, 1),
(39, 'Clothes 39', 38, 100000, '[0]', 1, 1),
(40, 'Clothes 40', 39, 100000, '[0,1]', 1, 1),
(41, 'Clothes 41', 40, 100000, '[0,1]', 1, 1),
(42, 'Clothes 42', 41, 100000, '[0,1]', 1, 1),
(43, 'Clothes 43', 42, 100000, '[0,1]', 1, 1),
(44, 'Clothes 44', 43, 100000, '[0]', 1, 1),
(45, 'Clothes 45', 44, 100000, '[0]', 1, 1),
(46, 'Clothes 46', 45, 100000, '[0]', 1, 1),
(47, 'Clothes 47', 46, 100000, '[0]', 1, 1),
(48, 'Clothes 48', 47, 100000, '[0,1,2,3]', 1, 1),
(49, 'Clothes 49', 48, 100000, '[0,1,2,3]', 1, 1),
(50, 'Clothes 50', 49, 100000, '[0,1,2,3,4,5,6,7,8,9,10,11,12,13,14,15,16,17,18,19,20,21,22,23,24,25]', 1, 1),
(51, 'Clothes 51', 50, 100000, '[0,1,2,3,4,5,6,7,8,9]', 1, 1),
(52, 'Clothes 52', 51, 100000, '[0,1,2,3,4,5,6,7,8,9]', 1, 1),
(53, 'Clothes 53', 52, 100000, '[0,1,2,3,4,5,6,7,8,9,10]', 1, 1),
(54, 'Clothes 54', 53, 100000, '[0,1,2,3,4,5,6,7,8]', 1, 1),
(55, 'Clothes 55', 54, 100000, '[0,1,2,3,4,5,6,7,8,9,10]', 1, 1),
(56, 'Clothes 56', 55, 100000, '[0,1]', 1, 1),
(57, 'Clothes 57', 56, 100000, '[0,1,2,3,4,5,6,7,8]', 1, 1),
(58, 'Clothes 58', 57, 100000, '[0,1,2,3,4,5,6,7,8,9,10,11,12,13,14,15,16,17,18,19,20,21]', 1, 1),
(59, 'Clothes 59', 58, 100000, '[0,1,2,3,4,5,6,7,8,9]', 1, 1),
(60, 'Clothes 60', 59, 100000, '[0]', 1, 1),
(61, 'Clothes 61', 60, 100000, '[0,1,2]', 1, 1),
(62, 'Clothes 62', 61, 100000, '[0,1,2]', 1, 1),
(63, 'Clothes 63', 62, 100000, '[0,1,2]', 1, 1),
(64, 'Clothes 64', 63, 100000, '[0,1,2]', 1, 1),
(65, 'Clothes 65', 64, 100000, '[0,1,2]', 1, 1),
(66, 'Clothes 66', 65, 100000, '[0,1,2]', 1, 1),
(67, 'Clothes 67', 66, 100000, '[0,1,2]', 1, 1),
(68, 'Clothes 68', 67, 100000, '[0,1,2]', 1, 1),
(69, 'Clothes 69', 68, 100000, '[0,1,2]', 1, 1),
(70, 'Clothes 70', 69, 100000, '[0,1,2]', 1, 1),
(71, 'Clothes 71', 70, 100000, '[0,1,2]', 1, 1),
(72, 'Clothes 72', 71, 100000, '[0,1,2]', 1, 1),
(73, 'Clothes 73', 72, 100000, '[0,1,2]', 1, 1),
(74, 'Clothes 74', 73, 100000, '[0]', 1, 1),
(75, 'Clothes 75', 74, 100000, '[0,1,2]', 1, 1),
(76, 'Clothes 76', 75, 100000, '[0,1,2]', 1, 1),
(77, 'Clothes 77', 76, 100000, '[0,1,2]', 1, 1),
(78, 'Clothes 78', 77, 100000, '[0,1,2,3,4,5]', 1, 1),
(79, 'Clothes 79', 78, 100000, '[0,1]', 1, 1),
(80, 'Clothes 80', 79, 100000, '[0,1,2]', 1, 1),
(81, 'Clothes 81', 80, 100000, '[0,1,2]', 1, 1),
(82, 'Clothes 82', 81, 100000, '[0,1,2]', 1, 1),
(83, 'Clothes 83', 82, 100000, '[0,1,2]', 1, 1),
(84, 'Clothes 84', 83, 100000, '[0,1,2,3]', 1, 1),
(85, 'Clothes 85', 84, 100000, '[0]', 1, 1),
(86, 'Clothes 86', 85, 100000, '[0,1,2]', 1, 1),
(87, 'Clothes 87', 86, 100000, '[0,1,2]', 1, 1),
(88, 'Clothes 88', 87, 100000, '[0,1,2]', 1, 1),
(89, 'Clothes 89', 88, 100000, '[0,1,2]', 1, 1),
(90, 'Clothes 90', 89, 100000, '[0,1,2,3,4]', 1, 1),
(91, 'Clothes 91', 90, 100000, '[0,1,2,3,4,5,6,7]', 1, 1),
(92, 'Clothes 92', 91, 100000, '[0,1,2,3,4,5,6,7,8,9,10]', 1, 1),
(93, 'Clothes 93', 92, 100000, '[0,1,2,3,4,5]', 1, 1),
(94, 'Clothes 94', 93, 100000, '[0,1,2,3,4,5]', 1, 1),
(95, 'Clothes 95', 94, 100000, '[0,1,2,3,4,5]', 1, 1),
(96, 'Clothes 96', 95, 100000, '[0,1,2,3,4,5,6,7]', 1, 1),
(97, 'Clothes 97', 96, 100000, '[0,1,2,3]', 1, 1),
(98, 'Clothes 98', 97, 100000, '[0,1,2,3,4,5]', 1, 1),
(99, 'Clothes 99', 98, 100000, '[0]', 1, 1),
(100, 'Clothes 100', 99, 100000, '[0,1,2,3,4,5]', 1, 1),
(101, 'Clothes 101', 100, 100000, '[0,1,2,3,4,5]', 1, 1),
(102, 'Clothes 102', 101, 100000, '[0,1,2,3,4,5,6,7,8,9,10,11,12,13,14,15]', 1, 1),
(103, 'Clothes 103', 102, 100000, '[0,1,2]', 1, 1),
(104, 'Clothes 104', 103, 100000, '[0,1,2,3,4,5,6,7,8,9,10,11,12,13,14,15,16,17,18,19,20,21,22,23,24,25]', 1, 1),
(105, 'Clothes 105', 104, 100000, '[0,1,2,3,4,5,6,7,8,9,10,11,12,13,14,15,16,17,18,19,20,21,22,23,24,25]', 1, 1),
(106, 'Clothes 106', 105, 100000, '[0,1,2,3,4,5,6,7,8,9,10,11,12,13,14,15,16,17,18,19,20,21,22,23]', 1, 1),
(107, 'Clothes 107', 106, 100000, '[0,1,2,3,4,5,6,7,8,9,10,11,12,13,14,15,16,17,18,19,20,21,22,23,24,25]', 1, 1),
(108, 'Clothes 108', 107, 100000, '[0,1,2,3,4,5,6,7,8,9,10,11,12,13,14,15,16,17,18,19,20,21,22,23]', 1, 1),
(109, 'Clothes 109', 108, 100000, '[0,1,2,3,4,5,6,7,8,9,10,11,12,13,14,15,16,17,18,19,20,21,22,23]', 1, 1),
(110, 'Clothes 110', 109, 100000, '[0,1,2,3,4,5,6,7,8,9,10,11]', 1, 1),
(111, 'Clothes 111', 110, 100000, '[0,1,2,3,4,5,6,7,8,9,10,11,12,13,14,15,16,17,18,19,20,21,22,23,24,25]', 1, 1),
(112, 'Clothes 112', 111, 100000, '[0,1,2,3,4,5,6,7,8,9,10,11,12,13,14,15,16,17,18,19,20,21,22,23,24,25]', 1, 1),
(113, 'Clothes 113', 112, 100000, '[0,1,2,3,4,5,6,7,8,9,10,11,12,13,14,15,16,17,18,19,20,21,22,23,24,25]', 1, 1),
(114, 'Clothes 114', 113, 100000, '[0,1,2,3,4,5,6,7,8,9,10,11,12,13,14,15,16,17,18,19,20,21]', 1, 1),
(115, 'Clothes 115', 114, 100000, '[0,1,2,3,4,5,6,7,8,9,10,11,12,13,14,15,16,17,18,19,20,21,22,23,24,25]', 1, 1),
(116, 'Clothes 116', 115, 100000, '[0,1,2,3,4,5,6,7,8,9,10,11,12,13,14,15,16,17,18,19,20,21,22,23,24,25]', 1, 1),
(117, 'Clothes 117', 116, 100000, '[0,1,2,3,4,5,6,7,8,9,10,11,12,13,14,15,16,17,18,19,20,21,22,23,24,25]', 1, 1),
(118, 'Clothes 118', 117, 100000, '[0,1,2,3,4,5,6,7,8,9,10,11,12,13,14,15,16,17,18,19,20]', 1, 1),
(119, 'Clothes 119', 118, 100000, '[0,1,2,3,4,5,6,7,8,9,10,11,12,13,14,15,16,17,18,19,20,21,22,23,24,25]', 1, 1),
(120, 'Clothes 120', 119, 100000, '[0,1,2,3,4,5,6,7,8,9,10,11,12,13,14,15,16,17,18,19,20,21,22,23,24]', 1, 1),
(121, 'Clothes 121', 120, 100000, '[0]', 1, 1),
(122, 'Clothes 122', 121, 100000, '[0]', 1, 1),
(123, 'Clothes 123', 122, 100000, '[0,1,2]', 1, 1),
(124, 'Clothes 124', 123, 100000, '[0,1,2,3,4,5,6,7,8,9,10,11]', 1, 1),
(125, 'Clothes 125', 124, 100000, '[0,1,2,3,4,5,6,7,8,9,10,11,12,13,14,15,16,17,18,19,20,21,22,23]', 1, 1),
(126, 'Clothes 126', 125, 100000, '[0,1,2,3,4,5,6,7,8,9,10,11,12,13,14,15,16,17,18,19,20,21,22,23,24,25]', 1, 1),
(127, 'Clothes 127', 126, 100000, '[0,1,2,3,4,5,6,7,8,9,10,11,12,13,14,15,16,17]', 1, 1),
(128, 'Clothes 128', 127, 100000, '[0,1,2,3]', 1, 1),
(129, 'Clothes 129', 128, 100000, '[0,1,2,3,4,5,6,7,8,9,10,11,12,13,14,15]', 1, 1),
(130, 'Clothes 130', 129, 100000, '[0,1,2,3,4,5,6,7,8,9,10,11,12,13,14,15,16,17]', 1, 1),
(131, 'Clothes 131', 130, 100000, '[0,1,2,3,4,5,6,7,8,9,10,11,12,13,14,15,16,17,18]', 1, 1),
(132, 'Clothes 132', 131, 100000, '[0,1,2,3]', 1, 1),
(133, 'Clothes 133', 132, 100000, '[0,1,2,3,4,5,6,7,8,9,10,11,12,13,14,15,16,17,18,19,20,21,22,23,24,25]', 1, 1),
(134, 'Clothes 134', 0, 100000, '[0]', 0, 1),
(135, 'Clothes 135', 1, 100000, '[0,1,2,3]', 0, 1),
(136, 'Clothes 136', 2, 100000, '[0,1,2,3]', 0, 1),
(137, 'Clothes 137', 3, 100000, '[0]', 0, 1),
(138, 'Clothes 138', 4, 100000, '[0,1,2,3]', 0, 1),
(139, 'Clothes 139', 5, 100000, '[0,1,2,3]', 0, 1),
(140, 'Clothes 140', 6, 100000, '[0,1,2,3]', 0, 1),
(141, 'Clothes 141', 7, 100000, '[0,1,2,3]', 0, 1),
(142, 'Clothes 142', 8, 100000, '[0,1,2]', 0, 1),
(143, 'Clothes 143', 9, 100000, '[0]', 0, 1),
(144, 'Clothes 144', 10, 100000, '[0]', 0, 1),
(145, 'Clothes 145', 11, 100000, '[0,1,2]', 0, 1),
(146, 'Clothes 146', 12, 100000, '[0,1,2]', 0, 1),
(147, 'Clothes 147', 13, 100000, '[0]', 0, 1),
(148, 'Clothes 148', 14, 100000, '[0,1,2,3,4,5,6,7,8,9,10,11,12,13,14,15]', 0, 1),
(149, 'Clothes 149', 15, 100000, '[0,1,2,3]', 0, 1),
(150, 'Clothes 150', 16, 100000, '[0,1,2,3,4,5,6,7,8]', 0, 1),
(151, 'Clothes 151', 17, 100000, '[0,1]', 0, 1),
(152, 'Clothes 152', 18, 100000, '[0,1]', 0, 1),
(153, 'Clothes 153', 19, 100000, '[0,1]', 0, 1),
(154, 'Clothes 154', 20, 100000, '[0,1]', 0, 1),
(155, 'Clothes 155', 21, 100000, '[0,1]', 0, 1),
(156, 'Clothes 156', 22, 100000, '[0,1]', 0, 1),
(157, 'Clothes 157', 23, 100000, '[0,1]', 0, 1),
(158, 'Clothes 158', 24, 100000, '[0,1]', 0, 1),
(159, 'Clothes 159', 25, 100000, '[0,1]', 0, 1),
(160, 'Clothes 160', 26, 100000, '[0,1]', 0, 1),
(161, 'Clothes 161', 27, 100000, '[0]', 0, 1),
(162, 'Clothes 162', 28, 100000, '[0,1,2,3,4]', 0, 3),
(163, 'Clothes 163', 29, 100000, '[0,1,2,3,4]', 0, 1),
(164, 'Clothes 164', 30, 100000, '[0]', 0, 1),
(165, 'Clothes 165', 31, 100000, '[0]', 0, 1),
(166, 'Clothes 166', 32, 100000, '[0]', 0, 1),
(167, 'Clothes 167', 33, 100000, '[0]', 0, 1),
(168, 'Clothes 168', 34, 100000, '[0,1,2]', 0, 1),
(169, 'Clothes 169', 35, 100000, '[0]', 0, 1),
(170, 'Clothes 170', 36, 100000, '[0]', 0, 1),
(171, 'Clothes 171', 37, 100000, '[0]', 0, 1),
(172, 'Clothes 172', 38, 100000, '[0]', 0, 1),
(173, 'Clothes 173', 39, 100000, '[0,1]', 0, 1),
(174, 'Clothes 174', 40, 100000, '[0,1]', 0, 1),
(175, 'Clothes 175', 41, 100000, '[0,1]', 0, 1),
(176, 'Clothes 176', 42, 100000, '[0,1]', 0, 1),
(177, 'Clothes 177', 43, 100000, '[0]', 0, 1),
(178, 'Clothes 178', 44, 100000, '[0]', 0, 1),
(179, 'Clothes 179', 45, 100000, '[0]', 0, 1),
(180, 'Clothes 180', 46, 100000, '[0]', 0, 1),
(181, 'Clothes 181', 47, 100000, '[0,1,2,3]', 0, 1),
(182, 'Clothes 182', 48, 100000, '[0,1,2,3]', 0, 1),
(183, 'Clothes 183', 49, 100000, '[0,1,2,3,4,5,6,7,8,9,10,11,12,13,14,15,16,17,18,19,20,21,22,23,24,25]', 0, 1),
(184, 'Clothes 184', 50, 100000, '[0,1,2,3,4,5,6,7,8,9]', 0, 1),
(185, 'Clothes 185', 51, 100000, '[0,1,2,3,4,5,6,7,8,9]', 0, 1),
(186, 'Clothes 186', 52, 100000, '[0,1,2,3,4,5,6,7,8,9,10]', 0, 1),
(187, 'Clothes 187', 53, 100000, '[0,1,2,3,4,5,6,7,8]', 0, 1),
(188, 'Clothes 188', 54, 100000, '[0,1,2,3,4,5,6,7,8,9,10]', 0, 1),
(189, 'Clothes 189', 55, 100000, '[0,1]', 0, 1),
(190, 'Clothes 190', 56, 100000, '[0,1,2,3,4,5,6,7,8]', 0, 1),
(191, 'Clothes 191', 57, 100000, '[0,1,2,3,4,5,6,7,8,9,10,11,12,13,14,15,16,17,18,19,20,21]', 0, 1),
(192, 'Clothes 192', 58, 100000, '[0,1,2,3,4,5,6,7,8,9]', 0, 1),
(193, 'Clothes 193', 59, 100000, '[0]', 0, 1),
(194, 'Clothes 194', 60, 100000, '[0,1,2]', 0, 1),
(195, 'Clothes 195', 61, 100000, '[0,1,2]', 0, 1),
(196, 'Clothes 196', 62, 100000, '[0,1,2]', 0, 1),
(197, 'Clothes 197', 63, 100000, '[0,1,2]', 0, 1),
(198, 'Clothes 198', 64, 100000, '[0,1,2]', 0, 1),
(199, 'Clothes 199', 65, 100000, '[0,1,2]', 0, 1),
(200, 'Clothes 200', 66, 100000, '[0,1,2]', 0, 1),
(201, 'Clothes 201', 67, 100000, '[0,1,2]', 0, 1),
(202, 'Clothes 202', 68, 100000, '[0,1,2]', 0, 1),
(203, 'Clothes 203', 69, 100000, '[0,1,2]', 0, 1),
(204, 'Clothes 204', 70, 100000, '[0,1,2]', 0, 1),
(205, 'Clothes 205', 71, 100000, '[0,1,2]', 0, 1),
(206, 'Clothes 206', 72, 100000, '[0,1,2]', 0, 1),
(207, 'Clothes 207', 73, 100000, '[0]', 0, 1),
(208, 'Clothes 208', 74, 100000, '[0,1,2]', 0, 1),
(209, 'Clothes 209', 75, 100000, '[0,1,2]', 0, 1),
(210, 'Clothes 210', 76, 100000, '[0,1,2]', 0, 1),
(211, 'Clothes 211', 77, 100000, '[0,1,2,3,4,5]', 0, 1),
(212, 'Clothes 212', 78, 100000, '[0,1]', 0, 1),
(213, 'Clothes 213', 79, 100000, '[0,1,2]', 0, 1),
(214, 'Clothes 214', 80, 100000, '[0,1,2]', 0, 1),
(215, 'Clothes 215', 81, 100000, '[0,1,2]', 0, 1),
(216, 'Clothes 216', 82, 100000, '[0,1,2]', 0, 1),
(217, 'Clothes 217', 83, 100000, '[0,1,2,3]', 0, 1),
(218, 'Clothes 218', 84, 100000, '[0]', 0, 1),
(219, 'Clothes 219', 85, 100000, '[0,1,2]', 0, 1),
(220, 'Clothes 220', 86, 100000, '[0,1,2]', 0, 1),
(221, 'Clothes 221', 87, 100000, '[0,1,2]', 0, 1),
(222, 'Clothes 222', 88, 100000, '[0,1,2]', 0, 1),
(223, 'Clothes 223', 89, 100000, '[0,1,2,3,4]', 0, 1),
(224, 'Clothes 224', 90, 100000, '[0,1,2,3,4,5,6,7]', 0, 1),
(225, 'Clothes 225', 91, 100000, '[0,1,2,3,4,5,6,7,8,9,10]', 0, 1),
(226, 'Clothes 226', 92, 100000, '[0,1,2,3,4,5]', 0, 1),
(227, 'Clothes 227', 93, 100000, '[0,1,2,3,4,5]', 0, 1),
(228, 'Clothes 228', 94, 100000, '[0,1,2,3,4,5]', 0, 1),
(229, 'Clothes 229', 95, 100000, '[0,1,2,3,4,5,6,7]', 0, 1),
(230, 'Clothes 230', 96, 100000, '[0,1,2,3]', 0, 1),
(231, 'Clothes 231', 97, 100000, '[0,1,2,3,4,5]', 0, 1),
(232, 'Clothes 232', 98, 100000, '[0]', 0, 1),
(233, 'Clothes 233', 99, 100000, '[0,1,2,3,4,5]', 0, 1),
(234, 'Clothes 234', 100, 100000, '[0,1,2,3,4,5]', 0, 1),
(235, 'Clothes 235', 101, 100000, '[0,1,2,3,4,5,6,7,8,9,10,11,12,13,14,15]', 0, 1),
(236, 'Clothes 236', 102, 100000, '[0,1,2]', 0, 1),
(237, 'Clothes 237', 103, 100000, '[0,1,2,3,4,5,6,7,8,9,10,11,12,13,14,15,16,17,18,19,20,21,22,23,24,25]', 0, 1),
(238, 'Clothes 238', 104, 100000, '[0,1,2,3,4,5,6,7,8,9,10,11,12,13,14,15,16,17,18,19,20,21,22,23,24,25]', 0, 1),
(239, 'Clothes 239', 105, 100000, '[0,1,2,3,4,5,6,7,8,9,10,11,12,13,14,15,16,17,18,19,20,21,22,23]', 0, 1),
(240, 'Clothes 240', 106, 100000, '[0,1,2,3,4,5,6,7,8,9,10,11,12,13,14,15,16,17,18,19,20,21,22,23,24,25]', 0, 1),
(241, 'Clothes 241', 107, 100000, '[0,1,2,3,4,5,6,7,8,9,10,11,12,13,14,15,16,17,18,19,20,21,22,23]', 0, 1),
(242, 'Clothes 242', 108, 100000, '[0,1,2,3,4,5,6,7,8,9,10,11,12,13,14,15,16,17,18,19,20,21,22,23]', 0, 1),
(243, 'Clothes 243', 109, 100000, '[0,1,2,3,4,5,6,7,8,9,10,11]', 0, 1),
(244, 'Clothes 244', 110, 100000, '[0,1,2,3,4,5,6,7,8,9,10,11,12,13,14,15,16,17,18,19,20,21,22,23,24,25]', 0, 1),
(245, 'Clothes 245', 111, 100000, '[0,1,2,3,4,5,6,7,8,9,10,11,12,13,14,15,16,17,18,19,20,21,22,23,24,25]', 0, 1),
(246, 'Clothes 246', 112, 100000, '[0,1,2,3,4,5,6,7,8,9,10,11,12,13,14,15,16,17,18,19,20,21,22,23,24,25]', 0, 1),
(247, 'Clothes 247', 113, 300, '[0,1,2,3,4,5,6,7,8,9,10,11,12,13,14,15,16,17,18,19,20,21]', 0, 2),
(248, 'Clothes 248', 114, 300, '[0,1,2,3,4,5,6,7,8,9,10,11,12,13,14,15,16,17,18,19,20,21,22,23,24,25]', 0, 2),
(249, 'Clothes 249', 115, 300, '[0,1,2,3,4,5,6,7,8,9,10,11,12,13,14,15,16,17,18,19,20,21,22,23,24,25]', 0, 2),
(250, 'Clothes 250', 116, 300, '[0,1,2,3,4,5,6,7,8,9,10,11,12,13,14,15,16,17,18,19,20,21,22,23,24,25]', 0, 2),
(251, 'Clothes 251', 117, 300, '[0,1,2,3,4,5,6,7,8,9,10,11,12,13,14,15,16,17,18,19,20]', 0, 2),
(252, 'Clothes 252', 118, 300, '[0,1,2,3,4,5,6,7,8,9,10,11,12,13,14,15,16,17,18,19,20,21,22,23,24,25]', 0, 2),
(253, 'Clothes 253', 119, 300, '[0,1,2,3,4,5,6,7,8,9,10,11,12,13,14,15,16,17,18,19,20,21,22,23,24]', 0, 2),
(254, 'Clothes 254', 120, 100000, '[0]', 0, 1),
(255, 'Clothes 255', 121, 100000, '[0]', 0, 1),
(256, 'Clothes 256', 122, 100000, '[0,1,2]', 0, 1),
(257, 'Clothes 257', 123, 1000000, '[0,1,2,3,4,5,6,7,8,9,10,11]', 0, 3),
(258, 'Clothes 258', 124, 1000000, '[0,1,2,3,4,5,6,7,8,9,10,11,12,13,14,15,16,17,18,19,20,21,22,23]', 0, 3),
(259, 'Clothes 259', 125, 1000000, '[0,1,2,3,4,5,6,7,8,9,10,11,12,13,14,15,16,17,18,19,20,21,22,23,24,25]', 0, 3),
(260, 'Clothes 260', 126, 1000000, '[0,1,2,3,4,5,6,7,8,9,10,11,12,13,14,15,16,17]', 0, 3),
(261, 'Clothes 261', 127, 1000000, '[0,1,2,3]', 0, 3),
(262, 'Clothes 262', 128, 1000000, '[0,1,2,3,4,5,6,7,8,9,10,11,12,13,14,15]', 0, 3),
(263, 'Clothes 263', 129, 1000000, '[0,1,2,3,4,5,6,7,8,9,10,11,12,13,14,15,16,17]', 0, 3),
(264, 'Clothes 264', 130, 1000000, '[0,1,2,3,4,5,6,7,8,9,10,11,12,13,14,15,16,17,18]', 0, 3),
(265, 'Clothes 265', 131, 1000000, '[0,1,2,3]', 0, 3),
(266, 'Clothes 266', 132, 1000000, '[0,1,2,3,4,5,6,7,8,9,10,11,12,13,14,15,16,17,18,19,20,21,22,23,24,25]', 0, 3);

-- --------------------------------------------------------

--
-- Table structure for table `store_ties`
--

CREATE TABLE `store_ties` (
  `id` int(11) NOT NULL,
  `name` varchar(30) NOT NULL,
  `variation` int(11) NOT NULL,
  `price` int(11) NOT NULL,
  `textures` varchar(128) NOT NULL,
  `sex` int(1) NOT NULL,
  `class` int(1) NOT NULL DEFAULT 1
) ENGINE=InnoDB DEFAULT CHARSET=utf8;

--
-- Dumping data for table `store_ties`
--

INSERT INTO `store_ties` (`id`, `name`, `variation`, `price`, `textures`, `sex`, `class`) VALUES
(2, 'Clothes 2', 10, 200, '[0,1,2,3]', 1, 3),
(3, 'Clothes 3', 11, 100, '[0]', 1, 3),
(4, 'Clothes 4', 12, 200, '[0,1,2]', 1, 3),
(5, 'Clothes 5', 16, 200, '[0,1,2]', 1, 3),
(6, 'Clothes 6', 17, 200, '[0,1,2]', 1, 3),
(7, 'Clothes 7', 18, 200, '[0]', 1, 3),
(8, 'Clothes 8', 19, 200, '[0]', 1, 3),
(9, 'Clothes 9', 20, 200, '[0]', 1, 3),
(10, 'Clothes 10', 21, 200, '[0,1,2,3,4,5,6,7,8,9,10,11,12]', 1, 3),
(11, 'Clothes 11', 22, 100, '[0,1,2,3,4,5,6,7,8,9,10,11,12,13,14]', 1, 3),
(12, 'Clothes 12', 23, 220, '[0]', 1, 3),
(13, 'Clothes 13', 24, 200, '[0,1,2,3,4,5,6,7,8,9,10,11,12,13,14,15]', 1, 3),
(14, 'Clothes 14', 25, 200, '[0,1,2,3,4,5,6,7,8,9,10,11,12,13,14,15]', 1, 3),
(15, 'Clothes 15', 26, 200, '[0,1,2,3,4,5,6,7,8,9,10,11,12,13,14,15]', 1, 3),
(16, 'Clothes 16', 27, 200, '[0,1,2,3,4,5,6,7,8,9,10,11,12,13,14,15]', 1, 3),
(17, 'Clothes 17', 28, 200, '[0]', 1, 3),
(18, 'Clothes 18', 29, 200, '[0,1,2,3,4,5,6,7,8,9,10,11,12,13,14,15]', 1, 3),
(19, 'Clothes 19', 30, 400, '[0,1,2,3,4,5]', 1, 3),
(20, 'Clothes 20', 31, 400, '[0,1,2,3,4,5]', 1, 3),
(21, 'Clothes 21', 32, 300, '[0,1,2]', 1, 3),
(23, 'Clothes 23', 34, 370, '[0,1,2]', 1, 3),
(24, 'Clothes 24', 35, 370, '[0,1,2]', 1, 3),
(25, 'Clothes 25', 36, 70, '[0]', 1, 3),
(26, 'Clothes 26', 37, 270, '[0]', 1, 3),
(27, 'Clothes 27', 38, 300, '[0,1,2,3,4,5,6,7,8,9,10]', 1, 3),
(28, 'Clothes 28', 39, 200, '[0,1,2,3,4,5,6,7,8,9,10,11,12,13,14,15]', 1, 3),
(31, 'Clothes 31', 42, 5000, '[0,1]', 1, 3),
(32, 'Clothes 32', 43, 5000, '[0,1]', 1, 3),
(33, 'Clothes 33', 44, 5000, '[0]', 1, 3),
(34, 'Clothes 34', 45, 5000, '[0,1]', 1, 3),
(35, 'Clothes 35', 46, 5000, '[0,1]', 1, 3),
(36, 'Clothes 36', 47, 25000, '[0,1]', 1, 3),
(37, 'Clothes 37', 48, 25000, '[0,1]', 1, 3),
(38, 'Clothes 38', 49, 25000, '[0,1]', 1, 3),
(39, 'Clothes 39', 50, 30000, '[0,1]', 1, 3),
(40, 'Clothes 40', 51, 27000, '[0]', 1, 3),
(41, 'Clothes 41', 52, 40000, '[0]', 1, 3),
(42, 'Clothes 42', 53, 40000, '[0]', 1, 3),
(43, 'Clothes 43', 54, 20000, '[0]', 1, 3),
(44, 'Clothes 44', 55, 20000, '[0]', 1, 3),
(45, 'Clothes 45', 74, 15000, '[0]', 1, 3),
(46, 'Clothes 46', 75, 20000, '[0]', 1, 3),
(47, 'Clothes 47', 76, 25000, '[0]', 1, 3),
(48, 'Clothes 48', 77, 18000, '[0]', 1, 3),
(49, 'Clothes 49', 78, 15000, '[0]', 1, 3),
(50, 'Clothes 50', 79, 32000, '[0]', 1, 3),
(51, 'Clothes 51', 80, 24000, '[0]', 1, 3),
(52, 'Clothes 52', 81, 19000, '[0]', 1, 3),
(53, 'Clothes 53', 82, 20000, '[0]', 1, 3),
(54, 'Clothes 54', 83, 20000, '[0]', 1, 3),
(55, 'Clothes 55', 85, 18000, '[0]', 1, 3),
(56, 'Clothes 56', 86, 27000, '[0]', 1, 3),
(57, 'Clothes 57', 87, 22000, '[0]', 1, 3),
(58, 'Clothes 58', 88, 20000, '[0]', 1, 3),
(59, 'Clothes 59', 89, 16000, '[0]', 1, 3),
(60, 'Clothes 60', 90, 30000, '[0]', 1, 3),
(61, 'Clothes 61', 91, 35000, '[0]', 1, 3),
(62, 'Clothes 62', 92, 33000, '[0]', 1, 3),
(63, 'Clothes 63', 93, 26000, '[0]', 1, 3),
(64, 'Clothes 64', 94, 20000, '[0]', 1, 3),
(65, 'Clothes 65', 110, 21000, '[0]', 1, 3),
(66, 'Clothes 66', 111, 24000, '[0]', 1, 3),
(67, 'Clothes 67', 112, 500, '[0]', 1, 3),
(68, 'Clothes 68', 113, 100, '[0]', 1, 3),
(69, 'Clothes 69', 114, 100, '[0]', 1, 3),
(70, 'Clothes 70', 115, 500, '[0,1]', 1, 3),
(71, 'Clothes 71', 116, 200, '[0,1,2,3,4,5,6,7,8,9]', 1, 3),
(72, 'Clothes 72', 117, 200, '[0,1,2,3,4,5,6,7,8,9]', 1, 3),
(73, 'Clothes 73', 118, 200, '[0]', 1, 3),
(74, 'Clothes 74', 119, 1200, '[0]', 1, 3),
(75, 'Clothes 75', 120, 1200, '[0]', 1, 3),
(76, 'Clothes 76', 121, 1200, '[0]', 1, 3),
(77, 'Clothes 77', 122, 1200, '[0]', 1, 3),
(78, 'Clothes 78', 123, 120, '[0]', 1, 3),
(79, 'Clothes 79', 124, 120, '[0]', 1, 3),
(84, 'Clothes 84', 0, 1000000, '[0,1,2,3,4,5,6,7,8,9,10,11,12,13,14,15]', 0, 3),
(85, 'Clothes 85', 10, 200, '[0,1,2,3,4,5,6,7,8,9,10,11,12,13,14,15]', 0, 3),
(86, 'Clothes 86', 11, 200, '[0,1,2,3,4,5,6,7,8,9,10,11,12,13,14,15]', 0, 3),
(87, 'Clothes 87', 12, 400, '[0,1,2,3,4,5,6,7,8,9,10,11,12,13,14,15]', 0, 3),
(88, 'Clothes 88', 16, 1000000, '[0,1,2,3,4,5,6,7,8,9,10,11,12,13,14,15]', 0, 3),
(89, 'Clothes 89', 17, 400, '[0,1,2,3,4,5,6,7,8,9,10,11,12,13,14,15]', 0, 3),
(90, 'Clothes 90', 18, 400, '[0,1,2,3,4,5,6,7,8,9,10,11,12,13,14,15]', 0, 3),
(91, 'Clothes 91', 19, 100, '[0,1,2,3,4,5,6,7,8,9,10,11,12,13,14,15]', 0, 3),
(92, 'Clothes 92', 20, 200, '[0,1,2,3,4,5,6,7,8,9,10,11,12,13,14,15]', 0, 3),
(93, 'Clothes 93', 21, 200, '[0,1,2,3,4,5,6,7,8,9,10,11,12,13,14,15]', 0, 3),
(94, 'Clothes 94', 22, 200, '[0,1,2,3,4,5,6,7,8,9,10,11,12,13,14,15]', 0, 3),
(95, 'Clothes 95', 23, 200, '[0,1,2,3,4,5,6,7,8,9,10,11,12,13,14,15]', 0, 3),
(96, 'Clothes 96', 24, 1000000, '[0,1,2,3,4,5,6,7,8,9,10,11,12,13,14,15]', 0, 3),
(97, 'Clothes 97', 25, 1000000, '[0,1,2,3,4,5,6,7,8,9,10,11,12,13,14,15]', 0, 3),
(98, 'Clothes 98', 26, 200, '[0,1,2,3,4,5,6,7,8,9,10,11,12,13,14,15]', 0, 3),
(99, 'Clothes 99', 27, 200, '[0,1,2,3,4,5,6,7,8,9,10,11,12,13,14,15]', 0, 3),
(100, 'Clothes 100', 28, 200, '[0,1,2,3,4,5,6,7,8,9,10,11,12,13,14,15]', 0, 3),
(101, 'Clothes 101', 29, 1000, '[0,1,2,3,4,5,6,7,8,9,10,11,12,13,14,15]', 0, 3),
(102, 'Clothes 102', 30, 1000, '[0,1,2,3,4,5,6,7,8,9,10,11,12,13,14,15]', 0, 3),
(103, 'Clothes 103', 31, 600, '[0,1,2,3,4,5,6,7,8,9,10,11,12,13,14,15]', 0, 3),
(104, 'Clothes 104', 32, 1100, '[0,1,2,3,4,5,6,7,8,9,10,11,12,13,14,15]', 0, 3),
(105, 'Clothes 105', 33, 1100, '[0,1,2,3,4,5,6,7,8,9,10,11,12,13,14,15]', 0, 3),
(106, 'Clothes 106', 34, 1100, '[0,1,2,3,4,5,6,7,8,9,10,11,12,13,14,15]', 0, 3),
(107, 'Clothes 107', 35, 1100, '[0,1,2,3,4,5,6,7,8,9,10,11,12,13,14,15]', 0, 3),
(108, 'Clothes 108', 36, 1100, '[0,1,2,3,4,5,6,7,8,9,10,11,12,13,14,15]', 0, 3),
(109, 'Clothes 109', 37, 1100, '[0,1,2,3,4,5,6,7,8,9,10,11,12,13,14,15]', 0, 3),
(110, 'Clothes 110', 38, 800, '[0,1,2,3,4,5,6,7,8,9,10,11,12,13,14,15]', 0, 3),
(111, 'Clothes 111', 39, 1000, '[0,1,2,3,4,5,6,7,8,9,10,11,12,13,14,15]', 0, 3),
(112, 'Clothes 112', 40, 1000, '[0,1,2,3,4,5,6,7,8,9,10,11,12,13,14,15]', 0, 3),
(113, 'Clothes 113', 41, 1000, '[0,1,2,3,4,5,6,7,8,9,10,11,12,13,14,15]', 0, 3),
(114, 'Clothes 114', 42, 1000, '[0,1,2,3,4,5,6,7,8,9,10,11,12,13,14,15]', 0, 3),
(115, 'Clothes 115', 43, 1000000, '[0,1,2,3,4,5,6,7,8,9,10,11,12,13,14,15]', 0, 3),
(116, 'Clothes 116', 44, 1000000, '[0,1,2,3,4,5,6,7,8,9,10,11,12,13,14,15]', 0, 3),
(117, 'Clothes 117', 45, 1000000, '[0,1,2,3,4,5,6,7,8,9,10,11,12,13,14,15]', 0, 3),
(118, 'Clothes 118', 46, 1000000, '[0,1,2,3,4,5,6,7,8,9,10,11,12,13,14,15]', 0, 3),
(119, 'Clothes 119', 47, 1000000, '[0,1,2,3,4,5,6,7,8,9,10,11,12,13,14,15]', 0, 3),
(120, 'Clothes 120', 48, 1000000, '[0,1,2,3,4,5,6,7,8,9,10,11,12,13,14,15]', 0, 3),
(121, 'Clothes 121', 49, 1000000, '[0,1,2,3,4,5,6,7,8,9,10,11,12,13,14,15]', 0, 3),
(122, 'Clothes 122', 50, 1000000, '[0,1,2,3,4,5,6,7,8,9,10,11,12,13,14,15]', 0, 3),
(123, 'Clothes 123', 51, 1000000, '[0,1,2,3,4,5,6,7,8,9,10,11,12,13,14,15]', 0, 3),
(124, 'Clothes 124', 52, 1000000, '[0,1,2,3,4,5,6,7,8,9,10,11,12,13,14,15]', 0, 3),
(125, 'Clothes 125', 53, 1000, '[0,1,2,3,4,5,6,7,8,9,10,11,12,13,14,15]', 0, 3),
(126, 'Clothes 126', 54, 1000, '[0,1,2,3,4,5,6,7,8,9,10,11,12,13,14,15]', 0, 3),
(127, 'Clothes 127', 55, 1000, '[0,1,2,3,4,5,6,7,8,9,10,11,12,13,14,15]', 0, 3),
(128, 'Clothes 128', 74, 1000000, '[0,1,2,3,4,5,6,7,8,9,10,11,12,13,14,15]', 0, 3),
(129, 'Clothes 129', 75, 1000000, '[0,1,2,3,4,5,6,7,8,9,10,11,12,13,14,15]', 0, 3),
(130, 'Clothes 130', 76, 1000000, '[0,1,2,3,4,5,6,7,8,9,10,11,12,13,14,15]', 0, 3),
(131, 'Clothes 131', 77, 1000000, '[0,1,2,3,4,5,6,7,8,9,10,11,12,13,14,15]', 0, 3),
(132, 'Clothes 132', 78, 1000000, '[0,1,2,3,4,5,6,7,8,9,10,11,12,13,14,15]', 0, 3),
(133, 'Clothes 133', 79, 1000000, '[0,1,2,3,4,5,6,7,8,9,10,11,12,13,14,15]', 0, 3),
(134, 'Clothes 134', 80, 1000000, '[0,1,2,3,4,5,6,7,8,9,10,11,12,13,14,15]', 0, 3),
(135, 'Clothes 135', 81, 1200, '[0,1,2,3,4,5,6,7,8,9,10,11,12,13,14,15]', 0, 3),
(136, 'Clothes 136', 82, 1200, '[0,1,2,3,4,5,6,7,8,9,10,11,12,13,14,15]', 0, 3),
(137, 'Clothes 137', 83, 500, '[0,1,2,3,4,5,6,7,8,9,10,11,12,13,14,15]', 0, 3),
(138, 'Clothes 138', 85, 200, '[0,1,2,3,4,5,6,7,8,9,10,11,12,13,14,15]', 0, 3),
(139, 'Clothes 139', 86, 200, '[0,1,2,3,4,5,6,7,8,9,10,11,12,13,14,15]', 0, 3),
(140, 'Clothes 140', 87, 200, '[0,1,2,3,4,5,6,7,8,9,10,11,12,13,14,15]', 0, 3),
(141, 'Clothes 141', 88, 200, '[0,1,2,3,4,5,6,7,8,9,10,11,12,13,14,15]', 0, 3),
(142, 'Clothes 142', 89, 1200, '[0,1,2,3,4,5,6,7,8,9,10,11,12,13,14,15]', 0, 3),
(143, 'Clothes 143', 90, 1200, '[0,1,2,3,4,5,6,7,8,9,10,11,12,13,14,15]', 0, 3),
(144, 'Clothes 144', 91, 1200, '[0,1,2,3,4,5,6,7,8,9,10,11,12,13,14,15]', 0, 3),
(145, 'Clothes 145', 92, 1200, '[0,1,2,3,4,5,6,7,8,9,10,11,12,13,14,15]', 0, 3),
(146, 'Clothes 146', 93, 200, '[0,1,2,3,4,5,6,7,8,9,10,11,12,13,14,15]', 0, 3),
(147, 'Clothes 147', 94, 200, '[0,1,2,3,4,5,6,7,8,9,10,11,12,13,14,15]', 0, 3),
(148, 'Clothes 148', 110, 1000000, '[0,1,2,3,4,5,6,7,8,9,10,11,12,13,14,15]', 0, 3),
(149, 'Clothes 149', 111, 1000000, '[0,1,2,3,4,5,6,7,8,9,10,11,12,13,14,15]', 0, 3),
(150, 'Clothes 150', 112, 1000000, '[0,1,2,3,4,5,6,7,8,9,10,11,12,13,14,15]', 0, 3),
(151, 'Clothes 151', 113, 1000000, '[0,1,2,3,4,5,6,7,8,9,10,11,12,13,14,15]', 0, 3),
(152, 'Clothes 152', 114, 1000000, '[0,1,2,3,4,5,6,7,8,9,10,11,12,13,14,15]', 0, 3),
(153, 'Clothes 153', 115, 1000000, '[0,1,2,3,4,5,6,7,8,9,10,11,12,13,14,15]', 0, 3),
(154, 'Clothes 154', 116, 1000000, '[0,1,2,3,4,5,6,7,8,9,10,11,12,13,14,15]', 0, 3),
(155, 'Clothes 155', 117, 1000000, '[0,1,2,3,4,5,6,7,8,9,10,11,12,13,14,15]', 0, 3),
(156, 'Clothes 156', 118, 1000000, '[0,1,2,3,4,5,6,7,8,9,10,11,12,13,14,15]', 0, 3),
(157, 'Clothes 157', 119, 1000000, '[0,1,2,3,4,5,6,7,8,9,10,11,12,13,14,15]', 0, 3),
(158, 'Clothes 158', 120, 1000000, '[0,1,2,3,4,5,6,7,8,9,10,11,12,13,14,15]', 0, 3),
(159, 'Clothes 159', 121, 1000000, '[0,1,2,3,4,5,6,7,8,9,10,11,12,13,14,15]', 0, 3),
(160, 'Clothes 160', 122, 1000000, '[0,1,2,3,4,5,6,7,8,9,10,11,12,13,14,15]', 0, 3),
(161, 'Clothes 161', 123, 1000000, '[0,1,2,3,4,5,6,7,8,9,10,11,12,13,14,15]', 0, 3),
(162, 'Clothes 162', 124, 1000000, '[0,1,2,3,4,5,6,7,8,9,10,11,12,13,14,15]', 0, 3),
(163, 'Clothes 163', 125, 1000000, '[0,1,2,3,4,5,6,7,8,9,10,11,12,13,14,15]', 0, 3),
(164, 'Clothes 164', 126, 1000000, '[0,1,2,3,4,5,6,7,8,9,10,11,12,13,14,15]', 0, 3),
(165, 'Clothes 165', 127, 1000000, '[0,1,2,3,4,5,6,7,8,9,10,11,12,13,14,15]', 0, 3),
(166, 'Clothes 166', 128, 1000000, '[0,1,2,3,4,5,6,7,8,9,10,11,12,13,14,15]', 0, 3);

-- --------------------------------------------------------

--
-- Table structure for table `store_top`
--

CREATE TABLE `store_top` (
  `id` int(11) NOT NULL,
  `name` varchar(30) NOT NULL,
  `variation` int(11) NOT NULL,
  `rows` int(11) NOT NULL DEFAULT 3,
  `cols` int(11) NOT NULL DEFAULT 3,
  `price` int(11) NOT NULL,
  `textures` varchar(128) NOT NULL,
  `sex` int(1) NOT NULL,
  `torso` int(11) NOT NULL,
  `class` int(1) NOT NULL DEFAULT 1
) ENGINE=InnoDB DEFAULT CHARSET=utf8;

--
-- Dumping data for table `store_top`
--

INSERT INTO `store_top` (`id`, `name`, `variation`, `rows`, `cols`, `price`, `textures`, `sex`, `torso`, `class`) VALUES
(1, 'Clothes 1', 0, 3, 3, 75, '[0,1,2,3,4,5,7,8,11]', 1, 0, 1),
(2, 'Clothes 2', 1, 3, 3, 85, '[0,1,3,4,5,6,7,8,11,12,14]', 1, 0, 2),
(4, 'Clothes 4', 3, 3, 3, 200, '[0,1,2,3,4,5,6,7,8,9,10,11,12,13,14,15]', 1, 14, 2),
(5, 'Clothes 5', 4, 3, 3, 900, '[0,2,3,11,14]', 1, 14, 3),
(6, 'Clothes 6', 5, 3, 3, 200, '[0,1,2,7]', 1, 5, 1),
(7, 'Clothes 7', 6, 3, 3, 400, '[0,1,3,4,5,6,8,9,11]', 1, 14, 2),
(8, 'Clothes 8', 7, 3, 3, 130, '[0,1,2,3,4,5,6,7,8,9,10,11,12,13,14,15]', 1, 14, 2),
(9, 'Clothes 9', 8, 3, 3, 45, '[0,10,13,14]', 1, 8, 2),
(10, 'Clothes 10', 9, 3, 3, 300, '[0,1,2,3,4,5,6,7,10,11,12,13,14,15]', 1, 0, 2),
(11, 'Clothes 11', 10, 3, 3, 900, '[0,1,2]', 1, 14, 3),
(12, 'Clothes 12', 11, 3, 3, 200, '[0,1,7,14]', 1, 15, 3),
(13, 'Clothes 13', 12, 3, 3, 130, '[0,1,2,3,4,5,6,7,8,9,10,11]', 1, 12, 2),
(14, 'Clothes 14', 13, 3, 3, 200, '[0,1,2,3,5,13]', 1, 11, 2),
(15, 'Clothes 15', 14, 3, 3, 150, '[0,1,2,3,4,5,6,7,8,9,10,11,12,13,14,15]', 1, 12, 2),
(17, 'Clothes 17', 16, 3, 3, 85, '[0,1,2]', 1, 0, 2),
(18, 'Clothes 18', 17, 3, 3, 20, '[0,1,2,3,4,5]', 1, 5, 1),
(19, 'Clothes 19', 18, 3, 3, 6000, '[0,1,2,3]', 1, 0, 3),
(20, 'Clothes 20', 19, 3, 3, 2000, '[0,1]', 1, 14, 3),
(21, 'Clothes 21', 20, 3, 3, 3000, '[0,1,2,3]', 1, 14, 3),
(22, 'Clothes 22', 21, 3, 3, 700, '[0,1,2,3]', 1, 15, 3),
(23, 'Clothes 23', 22, 3, 3, 80, '[0,1,2]', 1, 0, 2),
(24, 'Clothes 24', 23, 3, 3, 1300, '[0,1,2,3]', 1, 14, 3),
(25, 'Clothes 25', 24, 3, 3, 2300, '[0,1,2,3,4,5,6,7,8,9,10,11,12]', 1, 14, 3),
(26, 'Clothes 26', 25, 3, 3, 500, '[0,1,2,3,4,5,6,7,8,9]', 1, 15, 3),
(27, 'Clothes 27', 26, 3, 3, 160, '[0,1,2,3,4,5,6,7,8,9]', 1, 11, 2),
(28, 'Clothes 28', 27, 3, 3, 1600, '[0,1,2]', 1, 14, 3),
(29, 'Clothes 29', 28, 3, 3, 1000, '[0,1,2]', 1, 14, 3),
(30, 'Clothes 30', 29, 3, 3, 1600, '[0,1,2,3,4,5,6,7]', 1, 14, 3),
(31, 'Clothes 31', 30, 3, 3, 1400, '[0,1,2,3,4,5,6,7]', 1, 14, 3),
(32, 'Clothes 32', 31, 3, 3, 1000, '[0,1,2,3,4,5,6,7]', 1, 14, 3),
(33, 'Clothes 33', 32, 3, 3, 1000, '[0,1,2,3,4,5,6,7]', 1, 14, 3),
(34, 'Clothes 34', 33, 3, 3, 170, '[0]', 1, 0, 2),
(35, 'Clothes 35', 34, 3, 3, 165, '[0,1]', 1, 0, 2),
(36, 'Clothes 36', 35, 3, 3, 3000, '[0,1,2,3,4,5,6]', 1, 14, 3),
(37, 'Clothes 37', 36, 3, 3, 90, '[0,1,2,3,4,5]', 1, 5, 2),
(38, 'Clothes 38', 37, 3, 3, 1400, '[0,1,2]', 1, 14, 2),
(39, 'Clothes 39', 38, 3, 3, 210, '[0,1,2,3,4]', 1, 8, 2),
(40, 'Clothes 40', 39, 3, 3, 340, '[0,1]', 1, 0, 2),
(41, 'Clothes 41', 40, 3, 3, 350, '[0,1]', 1, 15, 3),
(42, 'Clothes 42', 41, 3, 3, 150, '[0,1,2,3]', 1, 12, 2),
(43, 'Clothes 43', 42, 3, 3, 180, '[0]', 1, 11, 2),
(44, 'Clothes 44', 43, 3, 3, 280, '[0]', 1, 11, 2),
(45, 'Clothes 45', 44, 3, 3, 220, '[0,1,2,3]', 1, 0, 1),
(46, 'Clothes 46', 45, 3, 3, 1000, '[0,1,2]', 1, 15, 3),
(47, 'Clothes 47', 46, 3, 3, 1000, '[0,1,2]', 1, 14, 3),
(48, 'Clothes 48', 47, 3, 3, 600, '[0,1]', 1, 0, 2),
(52, 'Clothes 52', 51, 3, 3, 850, '[0,1,2]', 1, 1, 3),
(53, 'Clothes 53', 52, 3, 3, 700, '[0,1,2,3]', 1, 2, 2),
(54, 'Clothes 54', 53, 3, 3, 800, '[0,1,2,3]', 1, 0, 2),
(57, 'Clothes 57', 56, 3, 3, 5, '[0]', 1, 0, 1),
(58, 'Clothes 58', 57, 3, 3, 265, '[0]', 1, 0, 1),
(59, 'Clothes 59', 58, 3, 3, 600, '[0]', 1, 14, 3),
(60, 'Clothes 60', 59, 3, 3, 1430, '[0,1,2,3]', 1, 14, 3),
(61, 'Clothes 61', 60, 3, 3, 1430, '[0,1,2,3]', 1, 15, 3),
(62, 'Clothes 62', 61, 3, 3, 925, '[0,1,2,3]', 1, 0, 2),
(63, 'Clothes 63', 62, 3, 3, 1000, '[0]', 1, 14, 2),
(64, 'Clothes 64', 63, 3, 3, 200, '[0]', 1, 5, 1),
(65, 'Clothes 65', 64, 3, 3, 1400, '[0]', 1, 14, 2),
(66, 'Clothes 66', 65, 3, 3, 300, '[0,1,2,3]', 1, 14, 1),
(67, 'Clothes 67', 66, 3, 3, 285, '[0,1,2,3]', 1, 15, 1),
(68, 'Clothes 68', 67, 3, 3, 500, '[0,1,2,3]', 1, 1, 2),
(69, 'Clothes 69', 68, 3, 3, 435, '[0,1,2,3,4,5]', 1, 14, 2),
(70, 'Clothes 70', 69, 3, 3, 435, '[0,1,2,3,4,5]', 1, 14, 2),
(74, 'Clothes 74', 73, 3, 3, 1000, '[0,1,2,3,4,5,6,7,8,9,10,11,12,13,14,15,16,17,18]', 1, 14, 2),
(75, 'Clothes 75', 74, 3, 3, 4500, '[0,1,2,3,4,5,6,7,8,9,10]', 1, 14, 3),
(76, 'Clothes 76', 75, 3, 3, 4500, '[0,1,2,3,4,5,6,7,8,9,10]', 1, 14, 3),
(77, 'Clothes 77', 76, 3, 3, 2200, '[0,1,2,3,4]', 1, 14, 3),
(78, 'Clothes 78', 77, 3, 3, 2420, '[0,1,2,3]', 1, 14, 3),
(79, 'Clothes 79', 78, 3, 3, 1300, '[0,1,2,3,4,5,6,7,8,9,10,11,12,13,14,15]', 1, 14, 3),
(80, 'Clothes 80', 79, 3, 3, 740, '[0]', 1, 14, 3),
(81, 'Clothes 81', 80, 3, 3, 190, '[0,1,2]', 1, 0, 1),
(82, 'Clothes 82', 81, 3, 3, 145, '[0,1,2]', 1, 0, 1),
(83, 'Clothes 83', 82, 3, 3, 295, '[0,1,2,3,4,5,6,7,8,9,10,11,12,13,14,15]', 1, 0, 1),
(84, 'Clothes 84', 83, 3, 3, 110, '[0,1,2,3,4]', 1, 0, 1),
(85, 'Clothes 85', 84, 3, 3, 200, '[0,1,2,3,4,5]', 1, 1, 1),
(86, 'Clothes 86', 85, 3, 3, 220, '[0]', 1, 1, 2),
(87, 'Clothes 87', 86, 3, 3, 350, '[0,1,2,3,4]', 1, 1, 2),
(88, 'Clothes 88', 87, 3, 3, 1310, '[0,1,2,3,4,5,6,7,8,9,10,11]', 1, 1, 2),
(89, 'Clothes 89', 88, 3, 3, 1310, '[0,1,2,3,4,5,6,7,8,9,10,11]', 1, 14, 2),
(90, 'Clothes 90', 89, 3, 3, 240, '[0,1,2,3]', 1, 14, 2),
(91, 'Clothes 91', 90, 3, 3, 900, '[0]', 1, 14, 2),
(93, 'Clothes 93', 92, 3, 3, 1540, '[0,1,2,3,4,5,6]', 1, 6, 2),
(94, 'Clothes 94', 93, 3, 3, 910, '[0,1,2]', 1, 0, 2),
(95, 'Clothes 95', 94, 3, 3, 910, '[0,1,2]', 1, 0, 2),
(96, 'Clothes 96', 95, 3, 3, 160, '[0,1,2]', 1, 11, 2),
(97, 'Clothes 97', 96, 3, 3, 550, '[0]', 1, 11, 2),
(98, 'Clothes 98', 97, 3, 3, 10, '[0,1]', 1, 0, 1),
(100, 'Clothes 100', 99, 3, 3, 1400, '[0,1,2,3,4]', 1, 14, 3),
(101, 'Clothes 101', 100, 3, 3, 1400, '[0,1,2,3,4]', 1, 14, 3),
(106, 'Clothes 106', 105, 3, 3, 770, '[0]', 1, 11, 1),
(107, 'Clothes 107', 106, 3, 3, 1000, '[0]', 1, 14, 2),
(108, 'Clothes 108', 107, 3, 3, 500, '[0,1,2,3,4]', 1, 14, 2),
(109, 'Clothes 109', 108, 3, 3, 1100, '[0,1,2,3,4,5,6,7,8,9,10]', 1, 14, 3),
(110, 'Clothes 110', 109, 3, 3, 300, '[0]', 1, 5, 1),
(111, 'Clothes 111', 110, 3, 3, 1400, '[0]', 1, 1, 2),
(112, 'Clothes 112', 111, 3, 3, 230, '[0,1,2,3,4,5]', 1, 4, 1),
(113, 'Clothes 113', 112, 3, 3, 1000, '[0]', 1, 14, 3),
(114, 'Clothes 114', 113, 3, 3, 340, '[0,1,2,3]', 1, 6, 2),
(116, 'Clothes 116', 115, 3, 3, 1700, '[0]', 1, 14, 2),
(117, 'Clothes 117', 116, 3, 3, 2000, '[0,1,2]', 1, 14, 1),
(118, 'Clothes 118', 117, 3, 3, 640, '[0,1,2,3,4,5,6,7,8,9,10,11,12,13,14,15]', 1, 6, 2),
(119, 'Clothes 119', 118, 3, 3, 800, '[0,1,2,3,4,5,6,7,8,9]', 1, 14, 2),
(120, 'Clothes 120', 119, 3, 3, 3300, '[0,1,2,3,4,5,6,7,8,9,10,11]', 1, 14, 3),
(121, 'Clothes 121', 120, 3, 3, 1200, '[0,1,2,3,4,5,6,7,8,9,10,11]', 1, 15, 2),
(122, 'Clothes 122', 121, 3, 3, 600, '[0,1,2,3,4,5,6,7,8,9,10,11]', 1, 14, 2),
(123, 'Clothes 123', 122, 3, 3, 900, '[0,1,2,3,4,5,6,7,8,9,10,11,12,13]', 1, 14, 2),
(124, 'Clothes 124', 123, 3, 3, 200, '[0,1,2]', 1, 11, 1),
(125, 'Clothes 125', 124, 3, 3, 700, '[0]', 1, 14, 2),
(126, 'Clothes 126', 125, 3, 3, 800, '[0]', 1, 14, 2),
(127, 'Clothes 127', 126, 3, 3, 140, '[0,1,2,3,4,5,6,7,8,9,10,11,12,13,14]', 1, 1, 2),
(128, 'Clothes 128', 127, 3, 3, 140, '[0,1,2,3,4,5,6,7,8,9,10,11,12,13,14]', 1, 14, 1),
(129, 'Clothes 129', 128, 3, 3, 80, '[0,1,2,3,4,5,6,7,8,9]', 1, 0, 1),
(130, 'Clothes 130', 129, 3, 3, 800, '[0]', 1, 0, 2),
(131, 'Clothes 131', 130, 3, 3, 530, '[0]', 1, 14, 2),
(132, 'Clothes 132', 131, 3, 3, 530, '[0]', 1, 0, 2),
(133, 'Clothes 133', 132, 3, 3, 840, '[0]', 1, 0, 2),
(134, 'Clothes 134', 133, 3, 3, 640, '[0]', 1, 0, 2),
(135, 'Clothes 135', 134, 3, 3, 110, '[0,1,2]', 1, 0, 2),
(136, 'Clothes 136', 135, 3, 3, 580, '[0,1,2,3,4,5,6]', 1, 0, 2),
(137, 'Clothes 137', 136, 3, 3, 1600, '[0,1,2,3,4,5,6]', 1, 14, 2),
(138, 'Clothes 138', 137, 3, 3, 305, '[0,1,2]', 1, 15, 2),
(139, 'Clothes 139', 138, 3, 3, 1000, '[0,1,2]', 1, 14, 2),
(140, 'Clothes 140', 139, 3, 3, 300, '[0,1,2,3,4,5,6,7]', 1, 12, 1),
(141, 'Clothes 141', 140, 3, 3, 1300, '[0,1,2,3,4,5,6,7,8,9,10,11,12,13,14]', 1, 14, 3),
(142, 'Clothes 142', 141, 3, 3, 875, '[0,1,2,3,4,5,6,7,8,9,10]', 1, 6, 2),
(143, 'Clothes 143', 142, 3, 3, 1500, '[0,1,2]', 1, 14, 2),
(144, 'Clothes 144', 143, 3, 3, 500, '[0,1,2,3,4,5,6,7,8,9]', 1, 14, 2),
(145, 'Clothes 145', 144, 3, 3, 900, '[0,1,2,3,4,5,6,7,8,9,10,11,12,13]', 1, 6, 2),
(146, 'Clothes 146', 145, 3, 3, 3500, '[0,1,2,3,4,5,6,7,8,9,10,11,12,13]', 1, 14, 3),
(147, 'Clothes 147', 146, 3, 3, 75, '[0,1,2,3,4,5,6,7,8]', 1, 0, 1),
(148, 'Clothes 148', 147, 3, 3, 1400, '[0,1,2,3,4,5,6,7,8,9]', 1, 4, 2),
(150, 'Clothes 150', 149, 3, 3, 2000, '[0,1,2,3,4,5,6,7,8,9]', 1, 14, 2),
(151, 'Clothes 151', 150, 3, 3, 2500, '[0,1,2,3,4,5,6,7,8,9,10,11]', 1, 14, 3),
(152, 'Clothes 152', 151, 3, 3, 600, '[0,1,2,3,4,5]', 1, 14, 2),
(153, 'Clothes 153', 152, 3, 3, 1900, '[0,1,2,3,4,5,6,7,8,9,10,11,12,13,14,15]', 1, 14, 2),
(154, 'Clothes 154', 153, 3, 3, 620, '[0,1,2,3,4,5,6,7,8,9,10,11,12,13,14,15,16,17,18,19,20,21,22,23,24,25]', 1, 14, 2),
(155, 'Clothes 155', 154, 3, 3, 110, '[0,1,2,3,4,5,6,7]', 1, 14, 2),
(156, 'Clothes 156', 155, 3, 3, 2000, '[0,1,2,3]', 1, 14, 2),
(157, 'Clothes 157', 156, 3, 3, 1000, '[0,1,2,3,4,5]', 1, 14, 2),
(158, 'Clothes 158', 157, 3, 3, 400, '[0,1,2,3]', 1, 15, 2),
(159, 'Clothes 159', 158, 3, 3, 400, '[0,1,2]', 1, 15, 2),
(160, 'Clothes 160', 159, 3, 3, 630, '[0,1]', 1, 15, 2),
(161, 'Clothes 161', 160, 3, 3, 630, '[0,1]', 1, 15, 2),
(162, 'Clothes 162', 161, 3, 3, 1300, '[0,1,2,3]', 1, 14, 2),
(163, 'Clothes 163', 162, 3, 3, 1000, '[0,1,2,3]', 1, 15, 2),
(164, 'Clothes 164', 163, 3, 3, 1300, '[0]', 1, 14, 2),
(165, 'Clothes 165', 164, 3, 3, 1300, '[0,1,2]', 1, 0, 1),
(166, 'Clothes 166', 165, 3, 3, 1200, '[0,1,2,3,4,5,6]', 1, 0, 2),
(167, 'Clothes 167', 166, 3, 3, 1000, '[0,1,2,3,4,5]', 1, 14, 2),
(168, 'Clothes 168', 167, 3, 3, 1125, '[0,1,2,3,4,5,6,7,8,9,10,11,12,13,14,15]', 1, 14, 2),
(169, 'Clothes 169', 168, 3, 3, 1400, '[0,1,2]', 1, 14, 2),
(170, 'Clothes 170', 169, 3, 3, 450, '[0,1,2,3]', 1, 14, 1),
(171, 'Clothes 171', 170, 3, 3, 450, '[0,1,2,3]', 1, 15, 1),
(172, 'Clothes 172', 171, 3, 3, 600, '[0,1]', 1, 1, 2),
(173, 'Clothes 173', 172, 3, 3, 850, '[0,1,2,3]', 1, 14, 2),
(174, 'Clothes 174', 173, 3, 3, 850, '[0,1,2,3]', 1, 15, 2),
(175, 'Clothes 175', 174, 3, 3, 1600, '[0,1,2,3]', 1, 14, 2),
(176, 'Clothes 176', 175, 3, 3, 1600, '[0,1,2,3]', 1, 15, 2),
(177, 'Clothes 177', 176, 3, 3, 740, '[0]', 1, 15, 2),
(178, 'Clothes 178', 177, 3, 3, 1000, '[0,1,2,3,4,5,6]', 1, 15, 2),
(180, 'Clothes 180', 179, 3, 3, 635, '[0,1,2,3]', 1, 15, 2),
(181, 'Clothes 181', 180, 3, 3, 655, '[0,1,2]', 1, 15, 2),
(182, 'Clothes 182', 181, 3, 3, 1300, '[0,1,2,3,4,5]', 1, 15, 2),
(183, 'Clothes 183', 182, 3, 3, 625, '[0,1]', 1, 1, 1),
(184, 'Clothes 184', 183, 3, 3, 1830, '[0,1,2,3,4,5]', 1, 14, 3),
(185, 'Clothes 185', 184, 3, 3, 1100, '[0,1,2,3]', 1, 14, 2),
(186, 'Clothes 186', 185, 3, 3, 1100, '[0,1,2,3]', 1, 14, 2),
(188, 'Clothes 188', 187, 3, 3, 1235, '[0,1,2,3,4,5,6,7,8,9,10,11,12]', 1, 14, 2),
(189, 'Clothes 189', 188, 3, 3, 1500, '[0,1,2,3,4,5,6,7,8,9,10]', 1, 14, 2),
(190, 'Clothes 190', 189, 3, 3, 1500, '[0,1,2,3,4,5,6,7,8,9,10]', 1, 14, 2),
(191, 'Clothes 191', 190, 3, 3, 940, '[0,1,2,3,4,5,6,7,8,9,10,11,12,13,14,15,16,17,18,19,20,21,22,23,24,25]', 1, 14, 3),
(192, 'Clothes 192', 191, 3, 3, 1800, '[0,1,2,3,4,5,6,7,8,9,10,11,12,13,14,15,16,17,18,19,20,21,22,23,24,25]', 1, 14, 2),
(193, 'Clothes 193', 192, 3, 3, 2200, '[0,1,2,3,4,5,6,7,8,9,10,11]', 1, 14, 2),
(194, 'Clothes 194', 193, 3, 3, 145, '[0,1,2,3,4,5,6,7,8,9,10,11,12,13,14,15,16,17,18,19,20,21,22,23,24,25]', 1, 0, 1),
(195, 'Clothes 195', 194, 3, 3, 2000, '[0,1,2]', 1, 1, 2),
(196, 'Clothes 196', 195, 3, 3, 1800, '[0,1,2]', 1, 1, 2),
(197, 'Clothes 197', 196, 3, 3, 1730, '[0,1,2,3,4,5,6,7,8,9,10,11,12,13,14,15]', 1, 1, 2),
(198, 'Clothes 198', 197, 3, 3, 1645, '[0,1,2,3,4,5,6,7,8,9,10,11,12,13,14,15]', 1, 1, 2),
(199, 'Clothes 199', 198, 3, 3, 1400, '[0,1,2,3,4,5,6,7]', 1, 1, 2),
(200, 'Clothes 200', 199, 3, 3, 1400, '[0,1,2,3,4,5,6,7]', 1, 1, 2),
(201, 'Clothes 201', 200, 3, 3, 1250, '[0,1,2,3,4,5,6,7,8,9,10,11,12,13,14,15,16,17,18,19,20,21,22,23,24,25]', 1, 1, 2),
(203, 'Clothes 203', 202, 3, 3, 1000, '[0,1,2,3,4]', 1, 5, 2),
(204, 'Clothes 204', 203, 3, 3, 1250, '[0,1,2,3,4,5,6,7,8,9,10,11,12,13,14,15,16,17,18,19,20,21,22,23,24,25]', 1, 1, 2),
(205, 'Clothes 205', 204, 3, 3, 1000, '[0,1,2,3,4,5,6,7,8,9,10,11,12]', 1, 6, 2),
(206, 'Clothes 206', 205, 3, 3, 1250, '[0,1,2,3,4]', 1, 5, 2),
(207, 'Clothes 207', 206, 3, 3, 1420, '[0,1,2,3,4,5,6,7,8,9,10,11,12,13,14,15,16,17,18,19,20,21,22,23]', 1, 5, 2),
(208, 'Clothes 208', 207, 3, 3, 1420, '[0,1,2,3,4,5,6,7,8,9,10,11,12,13,14,15,16,17,18,19,20,21,22,23]', 1, 5, 2),
(209, 'Clothes 209', 208, 3, 3, 500, '[0,1,2,3,4,5,6,7,8,9,10,11,12,13,14,15,16,17,18,19,20,21,22,23]', 1, 0, 2),
(210, 'Clothes 210', 209, 3, 3, 1910, '[0,1,2,3,4,5,6,7,8,9,10,11,12,13,14,15,16,17,18,19,20,21,22,23]', 1, 0, 2),
(211, 'Clothes 211', 210, 3, 3, 1910, '[0,1,2,3,4,5,6,7,8,9,10,11,12,13,14,15,16,17,18,19,20,21,22,23]', 1, 0, 2),
(212, 'Clothes 212', 211, 3, 3, 1910, '[0,1,2,3,4,5,6,7,8,9,10,11,12,13,14,15,16,17,18,19,20,21,22,23]', 1, 0, 2),
(213, 'Clothes 213', 212, 3, 3, 1910, '[0,1,2,3,4,5,6,7,8,9,10,11,12,13,14,15,16,17,18,19,20,21,22,23]', 1, 14, 2),
(214, 'Clothes 214', 213, 3, 3, 815, '[0,1,2,3,4,5,6,7,8,9,10,11,12,13,14,15,16,17,18,19,20,21,22,23]', 1, 15, 2),
(215, 'Clothes 215', 214, 3, 3, 975, '[0,1,2,3,4,5,6,7,8,9,10,11,12,13,14,15,16,17,18,19,20,21,22,23]', 1, 14, 2),
(216, 'Clothes 216', 215, 3, 3, 985, '[0,1,2,3,4,5,6,7,8,9,10,11,12,13,14,15,16,17,18,19,20,21,22,23]', 1, 14, 2),
(217, 'Clothes 217', 216, 3, 3, 655, '[0,1,2,3,4,5,6,7,8,9,10,11,12,13,14,15,16,17,18,19,20,21,22,23]', 1, 15, 2),
(218, 'Clothes 218', 217, 3, 3, 1600, '[0,1,2,3,4,5,6,7,8,9,10,11,12,13,14]', 1, 14, 2),
(219, 'Clothes 219', 218, 3, 3, 1600, '[0,1,2,3,4,5,6,7,8,9,10,11,12,13,14]', 1, 14, 2),
(220, 'Clothes 220', 219, 3, 3, 805, '[0,1,2,3,4,5,6,7,8,9,10,11,12,13,14,15,16,17,18,19,20,21,22,23,24,25]', 1, 15, 2),
(224, 'Clothes 224', 223, 3, 3, 600, '[0,1,2,3,4,5,6,7,8,9,10,11,12,13,14,15]', 1, 5, 2),
(225, 'Clothes 225', 224, 3, 3, 755, '[0,1,2,3,4,5,6,7,8,9,10,11,12,13,14,15]', 1, 1, 2),
(226, 'Clothes 226', 225, 3, 3, 95, '[0,1]', 1, 8, 2),
(227, 'Clothes 227', 226, 3, 3, 605, '[0]', 1, 0, 2),
(228, 'Clothes 228', 227, 3, 3, 2205, '[0,1,2,3,4,5,6,7,8,9,10,11,12,13]', 1, 4, 2),
(230, 'Clothes 230', 229, 3, 3, 1200, '[0,1,2,3,4,5,6,7,8,9,10,11]', 1, 14, 2),
(231, 'Clothes 231', 230, 3, 3, 1200, '[0,1,2,3,4,5,6,7,8,9,10,11]', 1, 14, 2),
(233, 'Clothes 233', 232, 3, 3, 985, '[0,1,2,3,4,5,6,7,8,9]', 1, 14, 2),
(234, 'Clothes 234', 233, 3, 3, 985, '[0,1,2,3,4,5,6,7,8,9]', 1, 14, 2),
(235, 'Clothes 235', 234, 3, 3, 820, '[0,1,2,3,4,5,6,7,8,9,10,11,12,13,14,15,16,17,18,19,20,21,22,23,24,25]', 1, 11, 1),
(236, 'Clothes 236', 235, 3, 3, 965, '[0,1,2,3,4,5,6,7,8,9,10,11]', 1, 0, 2),
(237, 'Clothes 237', 236, 3, 3, 965, '[0,1,2,3,4,5,6,7,8,9,10,11]', 1, 0, 2),
(238, 'Clothes 238', 237, 3, 3, 20, '[0,1,2,3,4,5,6,7,8,9,10,11,12,13,14,15,16,17,18,19,20,21,22,23,24,25]', 1, 5, 1),
(239, 'Clothes 239', 238, 3, 3, 40, '[0,1,2,3,4,5]', 1, 2, 1),
(240, 'Clothes 240', 239, 3, 3, 45, '[0,1,2,3,4,5,6,7,8,9,10,11,12,13,14,15,16,17,18,19,20,21,22,23]', 1, 2, 2),
(242, 'Clothes 242', 241, 3, 3, 95, '[0,1,2,3,4,5]', 1, 0, 2),
(243, 'Clothes 243', 242, 3, 3, 95, '[0,1,2,3,4,5]', 1, 0, 2),
(244, 'Clothes 244', 243, 3, 3, 220, '[0,1,2,3,4,5,6,7,8,9,10,11,12,13,14,15,16,17,18,19,20,21,22,23,24,25]', 1, 4, 2),
(245, 'Clothes 245', 244, 3, 3, 730, '[0,1,2,3,4,5,6,7,8,9,10,11,12,13,14,15,16,17,18,19,20,21,22,23,24,25]', 1, 14, 2),
(246, 'Clothes 246', 245, 3, 3, 4800, '[0,1,2,3,4,5,6,7,8,9]', 1, 6, 2),
(248, 'Clothes 248', 247, 3, 3, 910, '[0,1,2,3,4,5,6,7,8,9,10,11,12,13,14,15,16,17,18,19,20,21,22,23,24,25]', 1, 5, 2),
(249, 'Clothes 249', 248, 3, 3, 1050, '[0,1,2,3,4,5,6,7,8,9,10,11,12,13,14,15,16,17,18,19,20,21,22,23,24,25]', 1, 6, 2),
(250, 'Clothes 250', 249, 3, 3, 1000, '[0,1]', 1, 6, 1),
(251, 'Clothes 251', 250, 3, 3, 150, '[0,1]', 1, 0, 1),
(252, 'Clothes 252', 251, 3, 3, 1650, '[0,1,2,3,4,5,6,7,8,9,10,11,12,13,14,15,16,17,18,19,20,21,22,23,24,25]', 1, 4, 2),
(254, 'Clothes 254', 253, 3, 3, 1650, '[0,1,2,3,4,5,6,7,8,9,10,11,12,13,14,15,16,17,18,19,20,21,22,23,24,25]', 1, 4, 2),
(256, 'Clothes 256', 1, 3, 3, 280, '[0,1,2,4,5,6,9,11,14]', 0, 5, 2),
(257, 'Clothes 257', 2, 3, 3, 200, '[0,1,2,3,4,5,6,7,8,9,10,11,12,13,14,15]', 0, 2, 2),
(258, 'Clothes 258', 3, 3, 3, 350, '[0,1,2,3,4,10,11,12,13,14]', 0, 3, 2),
(259, 'Clothes 259', 4, 3, 3, 100, '[13,14]', 0, 4, 1),
(260, 'Clothes 260', 5, 3, 3, 100, '[0,1,7,9]', 0, 4, 1),
(261, 'Clothes 261', 6, 3, 3, 1000, '[0,1,2,4]', 0, 5, 3),
(262, 'Clothes 262', 7, 3, 3, 1100, '[0,1,2,8]', 0, 5, 3),
(263, 'Clothes 263', 8, 3, 3, 300, '[0,1,2,12]', 0, 5, 2),
(264, 'Clothes 264', 9, 3, 3, 150, '[0,1,2,3,4,5,6,7,8,9,10,11,12,13,14]', 0, 0, 2),
(265, 'Clothes 265', 10, 3, 3, 250, '[0,1,2,7,10,11,13,15]', 0, 5, 2),
(266, 'Clothes 266', 11, 3, 3, 200, '[0,1,2,10,11,15]', 0, 4, 2),
(267, 'Clothes 267', 12, 3, 3, 200, '[7,8,9]', 0, 12, 2),
(268, 'Clothes 268', 13, 3, 3, 400, '[0,1,2,3,4,5,6,7,8,9,10,11,12,13,14,15]', 0, 15, 3),
(269, 'Clothes 269', 14, 3, 3, 150, '[0,1,2,3,4,5,6,7,8,9,10,11,12,13,14,15]', 0, 14, 1),
(270, 'Clothes 270', 15, 3, 3, 150, '[0,3,10,11]', 0, 15, 2),
(271, 'Clothes 271', 16, 3, 3, 250, '[0,1,2,3,4,5,6]', 0, 15, 2),
(272, 'Clothes 272', 17, 3, 3, 350, '[0]', 0, 0, 2),
(273, 'Clothes 273', 18, 3, 3, 150, '[0,1,2,3,4,5,6,7,8,9,10,11]', 0, 15, 2),
(274, 'Clothes 274', 19, 3, 3, 450, '[0,1,2,3]', 0, 15, 2),
(275, 'Clothes 275', 20, 3, 3, 1450, '[0,1]', 0, 5, 3),
(276, 'Clothes 276', 21, 3, 3, 1000, '[0,1,2,3,4,5]', 0, 4, 2),
(277, 'Clothes 277', 22, 3, 3, 500, '[0,1,2,3,4]', 0, 4, 2),
(278, 'Clothes 278', 23, 3, 3, 100, '[0,1,2]', 0, 4, 1),
(279, 'Clothes 279', 24, 3, 3, 1400, '[0,1,2,3,4,5,6,7,8,9,10,11]', 0, 5, 3),
(280, 'Clothes 280', 25, 3, 3, 1500, '[0,1,2,3,4,5,6,7,8,9,10]', 0, 5, 3),
(281, 'Clothes 281', 26, 3, 3, 300, '[0,1,2,3,4,5,6,7,8,9,10,11,12]', 0, 12, 2),
(282, 'Clothes 282', 27, 3, 3, 150, '[0,1,2,3,4,5]', 0, 0, 2),
(283, 'Clothes 283', 28, 3, 3, 800, '[0,1,2,3,4,5,6,7,8,9,10,11,12,13,14,15]', 0, 15, 3),
(285, 'Clothes 285', 30, 3, 3, 150, '[0,1,2]', 0, 2, 2),
(286, 'Clothes 286', 31, 3, 3, 350, '[0,1,2,3,4,5,6]', 0, 5, 2),
(287, 'Clothes 287', 32, 3, 3, 300, '[0,1,2]', 0, 4, 2),
(288, 'Clothes 288', 33, 3, 3, 300, '[0,1,2,3,4,5,6,7,8]', 0, 4, 2),
(289, 'Clothes 289', 34, 3, 3, 1000, '[0]', 0, 6, 2),
(290, 'Clothes 290', 35, 3, 3, 400, '[0,1,2,3,4,5,6,7,8,9,10,11]', 0, 5, 2),
(291, 'Clothes 291', 36, 3, 3, 200, '[0,1,2,3,4]', 0, 4, 2),
(292, 'Clothes 292', 37, 3, 3, 1000, '[0,1,2,3,4,5]', 0, 4, 2),
(293, 'Clothes 293', 38, 3, 3, 400, '[0,1,2,3]', 0, 2, 2),
(294, 'Clothes 294', 39, 3, 3, 400, '[0]', 0, 1, 2),
(295, 'Clothes 295', 40, 3, 3, 300, '[0,1]', 0, 2, 2),
(298, 'Clothes 298', 43, 3, 3, 400, '[0,1,2,3,4]', 0, 3, 3),
(299, 'Clothes 299', 44, 3, 3, 500, '[0,1,2]', 0, 3, 3),
(300, 'Clothes 300', 45, 3, 3, 500, '[0,1,2,3]', 0, 3, 3),
(301, 'Clothes 301', 46, 3, 3, 500, '[0,1,2,3]', 0, 3, 3),
(304, 'Clothes 304', 49, 3, 3, 500, '[0,1]', 0, 14, 3),
(305, 'Clothes 305', 50, 3, 3, 500, '[0]', 0, 14, 3),
(306, 'Clothes 306', 51, 3, 3, 500, '[0]', 0, 6, 3),
(307, 'Clothes 307', 52, 3, 3, 500, '[0,1,2,3]', 0, 6, 3),
(308, 'Clothes 308', 53, 3, 3, 500, '[0,1,2,3]', 0, 5, 3),
(309, 'Clothes 309', 54, 3, 3, 500, '[0,1,2,3]', 0, 5, 3),
(310, 'Clothes 310', 55, 3, 3, 500, '[0]', 0, 5, 3),
(311, 'Clothes 311', 56, 3, 3, 250, '[0]', 0, 14, 1),
(312, 'Clothes 312', 57, 3, 3, 400, '[0,1,2,3,4,5,6,7,8]', 0, 5, 2),
(313, 'Clothes 313', 58, 3, 3, 400, '[0,1,2,3,4,5,6,7,8]', 0, 5, 2),
(314, 'Clothes 314', 59, 3, 3, 400, '[0,1,2,3]', 0, 5, 2),
(315, 'Clothes 315', 60, 3, 3, 400, '[0,1,2,3]', 0, 14, 2),
(316, 'Clothes 316', 61, 3, 3, 400, '[0,1,2,3]', 0, 3, 2),
(317, 'Clothes 317', 62, 3, 3, 400, '[0,1,2,3,4,5]', 0, 5, 2),
(318, 'Clothes 318', 63, 3, 3, 400, '[0,1,2,3,4,5]', 0, 5, 2),
(319, 'Clothes 319', 64, 3, 3, 600, '[0,1,2,3,4]', 0, 5, 2),
(320, 'Clothes 320', 65, 3, 3, 600, '[0,1,2,3,4,5,6,7,8,9,10,11]', 0, 5, 2),
(321, 'Clothes 321', 66, 3, 3, 600, '[0,1,2,3]', 0, 6, 2),
(322, 'Clothes 322', 67, 3, 3, 222, '[0]', 0, 2, 2),
(323, 'Clothes 323', 68, 3, 3, 222, '[0,1,2,3,4,5,6,7,8,9,10,11,12,13,14,15,16,17,18,19]', 0, 0, 2),
(324, 'Clothes 324', 69, 3, 3, 600, '[0]', 0, 0, 2),
(325, 'Clothes 325', 70, 3, 3, 600, '[0,1,2,3,4]', 0, 0, 2),
(326, 'Clothes 326', 71, 3, 3, 600, '[0,1,2,3,4,5,6,7,8,9,10,11,12,13,14,15]', 0, 0, 2),
(327, 'Clothes 327', 72, 3, 3, 600, '[0]', 0, 0, 2),
(328, 'Clothes 328', 73, 3, 3, 200, '[0,1,2]', 0, 14, 2),
(329, 'Clothes 329', 74, 3, 3, 222, '[0,1,2]', 0, 15, 2),
(330, 'Clothes 330', 75, 3, 3, 500, '[0,1,2,3]', 0, 9, 3),
(331, 'Clothes 331', 76, 3, 3, 200, '[0,1,2,3,4]', 0, 9, 1),
(332, 'Clothes 332', 77, 3, 3, 400, '[0]', 0, 9, 2),
(333, 'Clothes 333', 78, 3, 3, 400, '[0,1,2,3,4,5,6,7]', 0, 9, 2),
(334, 'Clothes 334', 79, 3, 3, 400, '[0,1,2,3]', 0, 9, 2),
(335, 'Clothes 335', 80, 3, 3, 600, '[0]', 0, 9, 2),
(336, 'Clothes 336', 81, 3, 3, 600, '[0,1,2,3,4,5,6,7,8,9,10,11]', 0, 9, 2),
(337, 'Clothes 337', 83, 3, 3, 600, '[0,1,2,3,4,5,6]', 0, 9, 2),
(338, 'Clothes 338', 84, 3, 3, 300, '[0,1,2]', 0, 14, 2),
(339, 'Clothes 339', 85, 3, 3, 300, '[0,1,2]', 0, 14, 2),
(340, 'Clothes 340', 86, 3, 3, 300, '[0,1,2]', 0, 9, 2),
(341, 'Clothes 341', 87, 3, 3, 300, '[0]', 0, 9, 2),
(342, 'Clothes 342', 88, 3, 3, 300, '[0,1]', 0, 0, 2),
(343, 'Clothes 343', 89, 3, 3, 600, '[0,1]', 0, 0, 2),
(344, 'Clothes 344', 90, 3, 3, 600, '[0,1,2,3,4]', 0, 6, 3),
(345, 'Clothes 345', 91, 3, 3, 600, '[0,1,2,3,4]', 0, 6, 3),
(346, 'Clothes 346', 92, 3, 3, 300, '[0,1,2,3]', 0, 5, 2),
(347, 'Clothes 347', 93, 3, 3, 300, '[0,1,2,3]', 0, 5, 2),
(348, 'Clothes 348', 94, 3, 3, 400, '[0]', 0, 5, 3),
(349, 'Clothes 349', 95, 3, 3, 400, '[0]', 0, 5, 3),
(350, 'Clothes 350', 96, 3, 3, 400, '[0]', 0, 4, 3),
(351, 'Clothes 351', 97, 3, 3, 600, '[0]', 0, 5, 2),
(352, 'Clothes 352', 98, 3, 3, 800, '[0,1,2,3,4]', 0, 5, 3),
(353, 'Clothes 353', 99, 3, 3, 800, '[0,1,2,3,4,5,6,7,8,9,10]', 0, 5, 3),
(354, 'Clothes 354', 100, 3, 3, 200, '[0]', 0, 0, 2),
(355, 'Clothes 355', 101, 3, 3, 200, '[0,1,2,3,4,5]', 0, 15, 2),
(356, 'Clothes 356', 102, 3, 3, 800, '[0]', 0, 3, 2),
(357, 'Clothes 357', 103, 3, 3, 200, '[0,1,2,3,4,5]', 0, 3, 2),
(358, 'Clothes 358', 104, 3, 3, 800, '[0]', 0, 5, 3),
(359, 'Clothes 359', 105, 3, 3, 200, '[0,1,2,3,4,5,6,7]', 0, 4, 2),
(360, 'Clothes 360', 106, 3, 3, 200, '[0,1,2,3]', 0, 6, 2),
(361, 'Clothes 361', 107, 3, 3, 800, '[0]', 0, 6, 3),
(362, 'Clothes 362', 108, 3, 3, 900, '[0,1,2]', 0, 6, 3),
(363, 'Clothes 363', 109, 3, 3, 300, '[0,1,2,3,4,5,6,7,8,9,10,11,12,13,14,15]', 0, 6, 2),
(364, 'Clothes 364', 110, 3, 3, 800, '[0,1,2,3,4,5,6,7,8,9]', 0, 6, 2),
(365, 'Clothes 365', 111, 3, 3, 500, '[0,1,2,3,4,5,6,7,8,9,10,11]', 0, 4, 2),
(366, 'Clothes 366', 112, 3, 3, 500, '[0,1,2]', 0, 4, 2),
(367, 'Clothes 367', 113, 3, 3, 500, '[0,1,2]', 0, 4, 2),
(368, 'Clothes 368', 114, 3, 3, 500, '[0,1,2]', 0, 4, 2),
(369, 'Clothes 369', 115, 3, 3, 500, '[0,1,2]', 0, 4, 2),
(370, 'Clothes 370', 116, 3, 3, 500, '[0,1,2]', 0, 4, 2),
(371, 'Clothes 371', 117, 3, 3, 200, '[0,1,2]', 0, 11, 1),
(372, 'Clothes 372', 118, 3, 3, 200, '[0,1,2]', 0, 11, 1),
(373, 'Clothes 373', 119, 3, 3, 200, '[0,1,2]', 0, 11, 2),
(374, 'Clothes 374', 120, 3, 3, 400, '[0,1,2,3,4,5,6,7,8,9,10,11,12,13,14,15,16]', 0, 6, 2),
(375, 'Clothes 375', 121, 3, 3, 200, '[0,1,2,3,4,5,6,7,8,9,10,11,12,13,14,15,16]', 0, 6, 2),
(376, 'Clothes 376', 122, 3, 3, 400, '[0]', 0, 2, 2),
(377, 'Clothes 377', 123, 3, 3, 400, '[0,1,2,3,4,5,6,7,8,9,10,11]', 0, 2, 2),
(378, 'Clothes 378', 125, 3, 3, 200, '[0,1,2,3,4,5,6,7,8,9]', 0, 14, 2),
(379, 'Clothes 379', 126, 3, 3, 200, '[0,1,2]', 0, 14, 2),
(380, 'Clothes 380', 127, 3, 3, 600, '[0]', 0, 14, 2),
(381, 'Clothes 381', 128, 3, 3, 400, '[0]', 0, 14, 3),
(382, 'Clothes 382', 129, 3, 3, 400, '[0]', 0, 14, 3),
(383, 'Clothes 383', 130, 3, 3, 400, '[0]', 0, 0, 3),
(384, 'Clothes 384', 131, 3, 3, 400, '[0,1,2]', 0, 3, 3),
(385, 'Clothes 385', 132, 3, 3, 400, '[0,1,2,3,4,5,6]', 0, 2, 2),
(386, 'Clothes 386', 133, 3, 3, 600, '[0,1,2,3,4,5,6]', 0, 5, 2),
(387, 'Clothes 387', 135, 3, 3, 400, '[0,1,2]', 0, 3, 2),
(388, 'Clothes 388', 136, 3, 3, 400, '[0,1,2,3,4,5,6,7]', 0, 3, 2),
(389, 'Clothes 389', 137, 3, 3, 600, '[0,1,2,3,4,5,6,7,8,9,10,11,12,13,14]', 0, 5, 3),
(390, 'Clothes 390', 138, 3, 3, 250, '[0,1,2,3,4,5,6,7,8,9,10]', 0, 6, 2),
(391, 'Clothes 391', 139, 3, 3, 600, '[0,1,2]', 0, 5, 2),
(392, 'Clothes 392', 140, 3, 3, 600, '[0,1,2,3,4,5,6,7,8,9]', 0, 5, 2),
(393, 'Clothes 393', 141, 3, 3, 200, '[0,1,2,3,4,5]', 0, 14, 2),
(394, 'Clothes 394', 142, 3, 3, 300, '[0,1,2,3,4,5,6,7,8,9,10,11,12,13]', 0, 9, 2),
(395, 'Clothes 395', 143, 3, 3, 700, '[0,1,2,3,4,5,6,7,8,9,10,11,12,13]', 0, 5, 2),
(396, 'Clothes 396', 144, 3, 3, 400, '[0,1,2,3,4,5,6,7,8,9]', 0, 3, 2),
(397, 'Clothes 397', 145, 3, 3, 400, '[0,1,2,3,4,5,6,7,8,9,10,11]', 0, 3, 2),
(398, 'Clothes 398', 146, 3, 3, 200, '[0,1,2,3,4,5,6,7,8,9]', 0, 7, 1),
(399, 'Clothes 399', 147, 3, 3, 400, '[0,1,2,3,4,5,6,7,8,9,10,11]', 0, 1, 2),
(400, 'Clothes 400', 148, 3, 3, 300, '[0,1,2,3,4,5]', 0, 5, 2),
(401, 'Clothes 401', 149, 3, 3, 600, '[0,1,2,3,4,5,6,7,8,9,10,11,12,13,14,15]', 0, 5, 2),
(402, 'Clothes 402', 150, 3, 3, 300, '[0,1,2,3,4,5,6,7,8,9,10,11,12,13,14,15,16,17,18,19,20,21,22,23,24,25]', 0, 0, 2),
(403, 'Clothes 403', 151, 3, 3, 300, '[0,1,2,3,4,5,6,7]', 0, 0, 2),
(404, 'Clothes 404', 152, 3, 3, 200, '[0,1,2,3]', 0, 7, 1),
(405, 'Clothes 405', 153, 3, 3, 400, '[0,1,2,3,4,5]', 0, 5, 2),
(406, 'Clothes 406', 154, 3, 3, 200, '[0,1,2,3]', 0, 15, 1),
(407, 'Clothes 407', 155, 3, 3, 200, '[0,1,2]', 0, 15, 1),
(408, 'Clothes 408', 156, 3, 3, 200, '[0,1]', 0, 15, 1),
(409, 'Clothes 409', 157, 3, 3, 200, '[0,1]', 0, 15, 1),
(410, 'Clothes 410', 158, 3, 3, 300, '[0,1,2,3]', 0, 15, 2),
(411, 'Clothes 411', 159, 3, 3, 300, '[0,1,2,3]', 0, 15, 2),
(412, 'Clothes 412', 160, 3, 3, 300, '[0]', 0, 15, 2),
(413, 'Clothes 413', 161, 3, 3, 300, '[0,1,2]', 0, 11, 1),
(414, 'Clothes 414', 162, 3, 3, 600, '[0,1,2,3,4,5,6]', 0, 0, 2),
(415, 'Clothes 415', 163, 3, 3, 600, '[0,1,2,3,4,5]', 0, 5, 2),
(416, 'Clothes 416', 164, 3, 3, 600, '[0,1,2,3,4,5,6,7,8,9,10,11,12,13,14,15]', 0, 5, 2),
(417, 'Clothes 417', 165, 3, 3, 300, '[0,1,2]', 0, 5, 2),
(418, 'Clothes 418', 166, 3, 3, 300, '[0,1,2,3]', 0, 5, 2),
(419, 'Clothes 419', 167, 3, 3, 200, '[0,1,2,3]', 0, 15, 1),
(420, 'Clothes 420', 168, 3, 3, 200, '[0,1,2,3,4,5]', 0, 15, 1),
(421, 'Clothes 421', 169, 3, 3, 200, '[0,1,2,3,4,5]', 0, 15, 1),
(422, 'Clothes 422', 170, 3, 3, 200, '[0,1,2,3,4,5]', 0, 15, 1),
(423, 'Clothes 423', 171, 3, 3, 200, '[0,1,2,3,4,5,6,7]', 0, 15, 1),
(424, 'Clothes 424', 172, 3, 3, 400, '[0,1]', 0, 14, 2),
(425, 'Clothes 425', 173, 3, 3, 200, '[0]', 0, 15, 1),
(426, 'Clothes 426', 174, 3, 3, 400, '[0,1,2,3]', 0, 15, 2),
(427, 'Clothes 427', 175, 3, 3, 200, '[0,1,2,3]', 0, 15, 1),
(428, 'Clothes 428', 176, 3, 3, 400, '[0,1,2,3]', 0, 15, 2),
(429, 'Clothes 429', 177, 3, 3, 200, '[0,1,2,3]', 0, 15, 1),
(430, 'Clothes 430', 178, 3, 3, 200, '[0]', 0, 15, 1),
(431, 'Clothes 431', 179, 3, 3, 400, '[0,1,2,3,4,5,6]', 0, 11, 3),
(433, 'Clothes 433', 181, 3, 3, 200, '[0,1,2,3]', 0, 15, 2),
(434, 'Clothes 434', 182, 3, 3, 200, '[0,1,2]', 0, 15, 2),
(435, 'Clothes 435', 183, 3, 3, 600, '[0,1,2,3,4,5]', 0, 15, 2),
(436, 'Clothes 436', 184, 3, 3, 300, '[0,1]', 0, 14, 2),
(437, 'Clothes 437', 185, 3, 3, 500, '[0,1,2,3,4,5]', 0, 6, 2),
(438, 'Clothes 438', 186, 3, 3, 500, '[0,1,2,3]', 0, 6, 2),
(439, 'Clothes 439', 187, 3, 3, 500, '[0,1,2,3]', 0, 6, 2),
(441, 'Clothes 441', 189, 3, 3, 500, '[0,1,2,3,4,5,6,7,8,9,10,11,12]', 0, 6, 2),
(442, 'Clothes 442', 190, 3, 3, 500, '[0,1,2,3,4,5,6,7,8,9,10]', 0, 6, 2),
(443, 'Clothes 443', 191, 3, 3, 500, '[0,1,2,3,4,5,6,7,8,9,10]', 0, 6, 2),
(444, 'Clothes 444', 192, 3, 3, 300, '[0,1,2,3,4,5,6,7,8,9,10,11,12,13,14,15,16,17,18,19,20,21,22,23,24,25]', 0, 5, 2),
(445, 'Clothes 445', 193, 3, 3, 1000, '[0,1,2,3,4,5,6,7,8,9,10,11,12,13,14,15,16,17,18,19,20,21,22,23,24,25]', 0, 5, 2),
(446, 'Clothes 446', 194, 3, 3, 1200, '[0,1,2,3,4,5,6,7,8,9,10,11]', 0, 5, 3),
(447, 'Clothes 447', 195, 3, 3, 200, '[0,1,2,3,4,5,6,7,8,9,10,11,12,13,14,15,16,17,18,19,20,21,22,23,24,25]', 0, 4, 2),
(448, 'Clothes 448', 196, 3, 3, 800, '[0,1,2]', 0, 1, 2),
(449, 'Clothes 449', 197, 3, 3, 800, '[0,1,2]', 0, 1, 2),
(450, 'Clothes 450', 198, 3, 3, 300, '[0,1,2,3,4,5,6,7,8,9,10,11,12,13,14,15]', 0, 1, 2),
(451, 'Clothes 451', 199, 3, 3, 300, '[0,1,2,3,4,5,6,7,8,9,10,11,12,13,14,15]', 0, 1, 2),
(452, 'Clothes 452', 200, 3, 3, 600, '[0,1,2,3,4,5,6,7]', 0, 1, 3),
(453, 'Clothes 453', 201, 3, 3, 600, '[0,1,2,3,4,5,6,7]', 0, 1, 3),
(454, 'Clothes 454', 202, 3, 3, 600, '[0,1,2,3,4,5,6,7,8,9,10,11,12,13,14,15,16,17,18,19,20,21,22,23,24,25]', 0, 1, 3),
(456, 'Clothes 456', 204, 3, 3, 400, '[0,1,2,3,4]', 0, 4, 2),
(457, 'Clothes 457', 205, 3, 3, 400, '[0,1,2,3,4,5,6,7,8,9,10,11,12,13,14,15,16,17,18,19,20,21,22,23,24,25]', 0, 0, 2),
(458, 'Clothes 458', 206, 3, 3, 400, '[0,1,2,3,4,5,6,7,8,9,10,11,12]', 0, 1, 3),
(459, 'Clothes 459', 207, 3, 3, 400, '[0,1,2,3,4]', 0, 4, 3),
(460, 'Clothes 460', 208, 3, 3, 300, '[0,1,2,3,4,5,6,7,8,9,10,11,12,13,14,15,16]', 0, 11, 2),
(461, 'Clothes 461', 209, 3, 3, 300, '[0,1,2,3,4,5,6,7,8,9,10,11,12,13,14,15,16]', 0, 11, 2),
(462, 'Clothes 462', 210, 3, 3, 500, '[0,1,2,3,4,5,6,7,8,9,10,11,12,13,14,15,16,17,18,19,20,21,22,23]', 0, 11, 3),
(463, 'Clothes 463', 211, 3, 3, 500, '[0,1,2,3,4,5,6,7,8,9,10,11,12,13,14,15,16,17,18,19,20,21,22,23]', 0, 11, 3),
(464, 'Clothes 464', 212, 3, 3, 300, '[0,1,2,3,4,5,6,7,8,9,10,11,12,13,14,15,16,17,18,19,20,21,22,23]', 0, 0, 2),
(465, 'Clothes 465', 213, 3, 3, 500, '[0,1,2,3,4,5,6,7,8,9,10,11,12,13,14,15,16,17,18,19,20,21,22,23]', 0, 1, 3),
(466, 'Clothes 466', 214, 3, 3, 500, '[0,1,2,3,4,5,6,7,8,9,10,11,12,13,14,15,16,17,18,19,20,21,22,23]', 0, 1, 3),
(467, 'Clothes 467', 215, 3, 3, 600, '[0,1,2,3,4,5,6,7,8,9,10,11,12,13,14,15,16,17,18,19,20,21,22,23]', 0, 1, 2),
(468, 'Clothes 468', 216, 3, 3, 600, '[0,1,2,3,4,5,6,7,8,9,10,11,12,13,14,15,16,17,18,19,20,21,22,23]', 0, 5, 2),
(469, 'Clothes 469', 217, 3, 3, 600, '[0,1,2,3,4,5,6,7,8,9,10,11,12,13,14,15,16,17,18,19,20,21,22,23]', 0, 4, 2),
(470, 'Clothes 470', 218, 3, 3, 600, '[0,1,2,3,4,5,6,7,8,9,10,11,12,13,14,15,16,17,18,19,20,21,22,23]', 0, 0, 2),
(471, 'Clothes 471', 219, 3, 3, 600, '[0,1,2,3,4,5,6,7,8,9,10,11,12,13,14,15,16,17,18,19,20,21,22,23]', 0, 5, 2),
(472, 'Clothes 472', 220, 3, 3, 600, '[0,1,2,3,4,5,6,7,8,9,10,11,12,13,14,15,16,17,18,19,20,21,22,23]', 0, 15, 2),
(473, 'Clothes 473', 221, 3, 3, 500, '[0,1,2,3,4,5,6,7,8,9,10,11,12,13,14,15,16,17,18,19,20,21,22,23]', 0, 15, 2),
(474, 'Clothes 474', 222, 3, 3, 500, '[0,1,2,3,4,5,6,7,8,9,10,11,12,13,14,15,16,17,18,19,20,21,22,23]', 0, 15, 2),
(475, 'Clothes 475', 223, 3, 3, 500, '[0,1,2,3,4,5,6,7,8,9,10,11,12,13,14,15,16,17,18,19,20,21,22,23]', 0, 15, 2),
(476, 'Clothes 476', 224, 3, 3, 500, '[0,1,2,3,4,5,6,7,8,9,10,11,12,13,14,15,16,17,18,19,20,21,22,23]', 0, 14, 2),
(477, 'Clothes 477', 225, 3, 3, 500, '[0,1,2,3,4,5,6,7,8,9,10,11,12,13,14,15,16,17,18,19,20,21,22,23]', 0, 15, 2),
(478, 'Clothes 478', 226, 3, 3, 500, '[0,1,2,3,4,5,6,7,8,9,10,11,12,13,14,15,16,17,18,19,20,21,22,23]', 0, 11, 2),
(479, 'Clothes 479', 227, 3, 3, 450, '[0,1,2,3,4,5,6,7,8,9,10,11,12,13,14]', 0, 3, 2),
(480, 'Clothes 480', 228, 3, 3, 450, '[0,1,2,3,4,5,6,7,8,9,10,11,12,13,14]', 0, 3, 2),
(481, 'Clothes 481', 229, 3, 3, 650, '[0,1,2,3,4,5,6,7,8,9,10,11,12,13,14,15,16,17,18,19,20,21,22,23,24,25]', 0, 4, 2),
(482, 'Clothes 482', 230, 3, 3, 650, '[0,1,2,3,4,5,6,7,8,9,10,11,12,13,14,15,16,17,18,19,20,21,22,23,24,25]', 0, 0, 2),
(483, 'Clothes 483', 231, 3, 3, 650, '[0,1,2,3,4,5,6,7,8,9,10,11,12,13,14,15,16,17,18,19,20,21,22,23,24,25]', 0, 0, 2),
(484, 'Clothes 484', 232, 3, 3, 650, '[0,1,2,3,4,5,6,7,8,9,10,11,12,13,14,15,16,17,18,19,20,21,22,23,24,25]', 0, 0, 2),
(485, 'Clothes 485', 233, 3, 3, 650, '[0,1,2,3,4,5,6,7,8,9,10,11,12,13,14,15]', 0, 11, 2),
(486, 'Clothes 486', 234, 3, 3, 650, '[0,1,2,3,4,5,6,7,8,9,10,11,12,13,14,15]', 0, 6, 2),
(487, 'Clothes 487', 235, 3, 3, 250, '[0,1]', 0, 1, 2),
(488, 'Clothes 488', 236, 3, 3, 250, '[0]', 0, 14, 2),
(489, 'Clothes 489', 237, 3, 3, 750, '[0,1,2,3,4,5,6,7,8,9,10,11,12,13]', 0, 3, 2),
(491, 'Clothes 491', 239, 3, 3, 450, '[0,1,2,3,4,5,6,7,8,9,10,11]', 0, 3, 2),
(492, 'Clothes 492', 240, 3, 3, 450, '[0,1,2,3,4,5,6,7,8,9,10,11]', 0, 5, 2),
(494, 'Clothes 494', 242, 3, 3, 750, '[0,1,2,3,4,5,6,7,8,9]', 0, 6, 2),
(495, 'Clothes 495', 243, 3, 3, 750, '[0,1,2,3,4,5,6,7,8,9]', 0, 6, 2),
(496, 'Clothes 496', 244, 3, 3, 250, '[0,1,2,3,4,5,6,7,8,9,10,11,12,13,14,15,16,17,18,19,20,21,22,23,24,25]', 0, 9, 2),
(497, 'Clothes 497', 245, 3, 3, 250, '[0,1,2,3,4,5,6,7,8,9,10,11]', 0, 14, 2),
(498, 'Clothes 498', 246, 3, 3, 250, '[0,1,2,3,4,5,6,7,8,9,10,11]', 0, 14, 2),
(499, 'Clothes 499', 247, 3, 3, 150, '[0,1,2,3,4,5,6,7,8,9,10,11,12,13,14,15,16,17,18,19,20,21,22,23,24,25]', 0, 4, 2),
(500, 'Clothes 500', 248, 3, 3, 1000, '[0,1,2,3,4,5]', 0, 5, 2),
(501, 'Clothes 501', 249, 3, 3, 1000000, '[0,1,2,3,4,5]', 0, 0, 3),
(502, 'Clothes 502', 250, 3, 3, 1000000, '[0,1,2,3,4,5]', 0, 0, 3),
(503, 'Clothes 503', 251, 3, 3, 1000000, '[0,1,2,3,4,5,6,7,8,9,10,11,12,13,14,15,16,17,18,19,20,21,22,23,24,25]', 0, 3, 3),
(504, 'Clothes 504', 252, 3, 3, 1000000, '[0,1,2,3,4,5,6,7,8,9,10,11,12,13,14,15,16,17,18,19,20,21,22,23,24,25]', 0, 5, 3),
(505, 'Clothes 505', 253, 3, 3, 1000000, '[0,1,2,3,4,5,6,7,8,9]', 0, 1, 3),
(507, 'Clothes 507', 255, 3, 3, 1000000, '[0,1,2,3,4,5,6,7,8,9,10,11,12,13,14,15,16,17,18,19,20,21,22,23,24,25]', 0, 11, 3),
(508, 'Clothes 508', 256, 3, 3, 100, '[0,1,2,3,4,5,6,7,8,9,10,11,12,13,14,15,16,17,18,19,20,21,22,23,24,25]', 0, 9, 1),
(509, 'Clothes 509', 257, 3, 3, 200, '[0,1]', 0, 6, 2),
(510, 'Clothes 510', 258, 3, 3, 300, '[0,1]', 0, 0, 2),
(511, 'Clothes 511', 259, 3, 3, 600, '[0,1,2,3,4,5,6,7,8,9,10,11,12,13,14,15,16,17,18,19,20,21,22,23,24,25]', 0, 3, 2),
(513, 'Clothes 513', 261, 3, 3, 1000000, '[0,1,2,3,4,5,6,7,8,9,10,11,12,13,14,15,16,17,18,19,20,21,22,23,24,25]', 0, 3, 3),
(514, 'Clothes 514', 262, 3, 3, 1000, '[0,1,2,3,4,5,6,7,8,9,10,11,12,13,14,15,16,17,18,19,20]', 0, 7, 3);

-- --------------------------------------------------------

--
-- Table structure for table `store_watches`
--

CREATE TABLE `store_watches` (
  `id` int(11) NOT NULL,
  `name` varchar(30) NOT NULL,
  `variation` int(11) NOT NULL,
  `price` int(11) NOT NULL,
  `textures` varchar(128) NOT NULL,
  `sex` int(1) NOT NULL,
  `class` int(1) NOT NULL DEFAULT 1
) ENGINE=InnoDB DEFAULT CHARSET=utf8;

--
-- Dumping data for table `store_watches`
--

INSERT INTO `store_watches` (`id`, `name`, `variation`, `price`, `textures`, `sex`, `class`) VALUES
(1, 'Clothes 1', 0, 16000, '[0,1,2,3,4,5,6,7,8,9,10,11,12,13,14,15,16,17,18,19,20]', 1, 3),
(2, 'Clothes 2', 1, 2000, '[0,1,2,3,4,5,6,7,8,9,10,11,12,13,14,15,16,17,18,19,20]', 1, 3),
(3, 'Clothes 3', 2, 20000, '[0,1,2,3,4,5,6,7,8,9,10,11,12,13,14,15,16,17,18,19,20]', 1, 2),
(4, 'Clothes 4', 3, 3000, '[0,1,2,3,4,5,6,7,8,9,10,11,12,13,14,15,16,17,18,19,20]', 1, 3),
(5, 'Clothes 5', 4, 12000, '[0,1,2,3,4,5,6,7,8,9,10,11,12,13,14,15,16,17,18,19,20]', 1, 3),
(6, 'Clothes 6', 5, 2000, '[0,1,2,3,4,5,6,7,8,9,10,11,12,13,14,15,16,17,18,19,20]', 1, 3),
(7, 'Clothes 7', 6, 30000, '[0,1,2,3,4,5,6,7,8,9,10,11,12,13,14,15,16,17,18,19,20]', 1, 3),
(8, 'Clothes 8', 7, 7000, '[0,1,2,3,4,5,6,7,8,9,10,11,12,13,14,15,16,17,18,19,20]', 1, 3),
(9, 'Clothes 9', 8, 23000, '[0,1,2,3,4,5,6,7,8,9,10,11,12,13,14,15,16,17,18,19,20]', 1, 3),
(10, 'Clothes 10', 9, 4000, '[0,1,2,3,4,5,6,7,8,9,10,11,12,13,14,15,16,17,18,19,20]', 1, 3),
(11, 'Clothes 11', 10, 16000, '[0,1,2,3,4,5,6,7,8,9,10,11,12,13,14,15,16,17,18,19,20]', 1, 3),
(12, 'Clothes 12', 11, 24000, '[0,1,2,3,4,5,6,7,8,9,10,11,12,13,14,15,16,17,18,19,20]', 1, 3),
(13, 'Clothes 13', 12, 800, '[0,1,2,3,4,5,6,7,8,9,10,11,12,13,14,15,16,17,18,19,20]', 1, 3),
(14, 'Clothes 14', 13, 800, '[0,1,2,3,4,5,6,7,8,9,10,11,12,13,14,15,16,17,18,19,20]', 1, 3),
(15, 'Clothes 15', 14, 44000, '[0,1,2,3,4,5,6,7,8,9,10,11,12,13,14,15,16,17,18,19,20]', 1, 3),
(16, 'Clothes 16', 15, 2000, '[0,1,2,3,4,5,6,7,8,9,10,11,12,13,14,15,16,17,18,19,20]', 1, 3),
(17, 'Clothes 17', 16, 2500, '[0,1,2,3,4,5,6,7,8,9,10,11,12,13,14,15,16,17,18,19,20]', 1, 3),
(18, 'Clothes 18', 17, 4000, '[0,1,2,3,4,5,6,7,8,9,10,11,12,13,14,15,16,17,18,19,20]', 1, 3),
(19, 'Clothes 19', 18, 4500, '[0,1,2,3,4,5,6,7,8,9,10,11,12,13,14,15,16,17,18,19,20]', 1, 3),
(20, 'Clothes 20', 19, 4200, '[0,1,2,3,4,5,6,7,8,9,10,11,12,13,14,15,16,17,18,19,20]', 1, 3),
(21, 'Clothes 21', 20, 19000, '[0,1,2,3,4,5,6,7,8,9,10,11,12,13,14,15,16,17,18,19,20]', 1, 3),
(22, 'Clothes 22', 21, 800, '[0,1,2,3,4,5,6,7,8,9,10,11,12,13,14,15,16,17,18,19,20]', 1, 3),
(23, 'Clothes 23', 22, 500, '[0,1,2,3,4,5,6,7,8,9,10,11,12,13,14,15,16,17,18,19,20]', 1, 3),
(24, 'Clothes 24', 23, 900, '[0,1,2,3,4,5,6,7,8,9,10,11,12,13,14,15,16,17,18,19,20]', 1, 3),
(25, 'Clothes 25', 24, 900, '[0,1,2,3,4,5,6,7,8,9,10,11,12,13,14,15,16,17,18,19,20]', 1, 3),
(26, 'Clothes 26', 25, 800, '[0,1,2,3,4,5,6,7,8,9,10,11,12,13,14,15,16,17,18,19,20]', 1, 3),
(27, 'Clothes 27', 26, 700, '[0,1,2,3,4,5,6,7,8,9,10,11,12,13,14,15,16,17,18,19,20]', 1, 3),
(28, 'Clothes 28', 27, 700, '[0,1,2,3,4,5,6,7,8,9,10,11,12,13,14,15,16,17,18,19,20]', 1, 3),
(29, 'Clothes 29', 28, 960, '[0,1,2,3,4,5,6,7,8,9,10,11,12,13,14,15,16,17,18,19,20]', 1, 3),
(30, 'Clothes 30', 29, 730, '[0,1,2,3,4,5,6,7,8,9,10,11,12,13,14,15,16,17,18,19,20]', 1, 3),
(31, 'Clothes 31', 0, 400, '[0,1,2,3,4,5,6,7,8,9,10,11,12,13,14,15,16,17,18,19,20]', 0, 3),
(32, 'Clothes 32', 1, 100000, '[0,1,2,3,4,5,6,7,8,9,10,11,12,13,14,15,16,17,18,19,20]', 0, 3),
(33, 'Clothes 33', 2, 1000, '[0,1,2,3,4,5,6,7,8,9,10,11,12,13,14,15,16,17,18,19,20]', 0, 3),
(34, 'Clothes 34', 3, 1000, '[0,1,2,3,4,5,6,7,8,9,10,11,12,13,14,15,16,17,18,19,20]', 0, 3),
(35, 'Clothes 35', 4, 500, '[0,1,2,3,4,5,6,7,8,9,10,11,12,13,14,15,16,17,18,19,20]', 0, 3),
(36, 'Clothes 36', 5, 500, '[0,1,2,3,4,5,6,7,8,9,10,11,12,13,14,15,16,17,18,19,20]', 0, 3),
(37, 'Clothes 37', 6, 500, '[0,1,2,3,4,5,6,7,8,9,10,11,12,13,14,15,16,17,18,19,20]', 0, 3),
(38, 'Clothes 38', 7, 500, '[0,1,2,3,4,5,6,7,8,9,10,11,12,13,14,15,16,17,18,19,20]', 0, 3),
(39, 'Clothes 39', 8, 500, '[0,1,2,3,4,5,6,7,8,9,10,11,12,13,14,15,16,17,18,19,20]', 0, 3),
(40, 'Clothes 40', 9, 600, '[0,1,2,3,4,5,6,7,8,9,10,11,12,13,14,15,16,17,18,19,20]', 0, 3),
(41, 'Clothes 41', 10, 600, '[0,1,2,3,4,5,6,7,8,9,10,11,12,13,14,15,16,17,18,19,20]', 0, 3),
(42, 'Clothes 42', 11, 400, '[0,1,2,3,4,5,6,7,8,9,10,11,12,13,14,15,16,17,18,19,20]', 0, 3),
(43, 'Clothes 43', 12, 400, '[0,1,2,3,4,5,6,7,8,9,10,11,12,13,14,15,16,17,18,19,20]', 0, 3),
(44, 'Clothes 44', 13, 400, '[0,1,2,3,4,5,6,7,8,9,10,11,12,13,14,15,16,17,18,19,20]', 0, 3),
(45, 'Clothes 45', 14, 400, '[0,1,2,3,4,5,6,7,8,9,10,11,12,13,14,15,16,17,18,19,20]', 0, 3),
(46, 'Clothes 46', 15, 300, '[0,1,2,3,4,5,6,7,8,9,10,11,12,13,14,15,16,17,18,19,20]', 0, 3),
(47, 'Clothes 47', 16, 300, '[0,1,2,3,4,5,6,7,8,9,10,11,12,13,14,15,16,17,18,19,20]', 0, 3),
(48, 'Clothes 48', 17, 500, '[0,1,2,3,4,5,6,7,8,9,10,11,12,13,14,15,16,17,18,19,20]', 0, 3),
(49, 'Clothes 49', 18, 200, '[0,1,2,3,4,5,6,7,8,9,10,11,12,13,14,15,16,17,18,19,20]', 0, 3);

-- --------------------------------------------------------

--
-- Table structure for table `terminal_cmds`
--

CREATE TABLE `terminal_cmds` (
  `id` int(11) NOT NULL,
  `cmd` varchar(50) NOT NULL,
  `name` varchar(50) NOT NULL,
  `description` text NOT NULL,
  `minLevel` int(11) NOT NULL
) ENGINE=InnoDB DEFAULT CHARSET=utf8;

--
-- Dumping data for table `terminal_cmds`
--

INSERT INTO `terminal_cmds` (`id`, `cmd`, `name`, `description`, `minLevel`) VALUES
(1, 'veh_color', 'veh_color', 'Change vehicle color', 8),
(2, 'alock', 'alock', 'Open/close cars within a 5m radius.', 7),
(3, 'animator', 'animator', 'On/off animation play mode.', 7),
(4, 'anim', 'anim', 'Play a certain animation.', 7),
(5, 'give_money', 'give_money', 'Give the money to the player.', 9),
(6, 'takeaway_money', 'takeaway_money', 'Take money from the player.', 7),
(7, 'weapon', 'weapon', 'Give a temporary weapon to the player.', 7),
(8, 'restart', 'restart', 'Restart server (linux only).', 8),
(9, 'set_walking', 'set_walking', 'Change the player\'s walkstyle.', 7),
(10, 'set_house_owner', 'set_house_owner', 'Change the homeowner.', 8),
(11, 'ammo', 'ammo', 'Get the current amount of chuck.', 7),
(12, 'removeWeapon', 'removeWeapon', 'Удалить ган.', 7),
(13, 'calltaxi', 'calltaxi', 'Вызвать такси.', 1),
(14, 'canceltaxi', 'canceltaxi', 'Отменить вызов такси такси.', 7),
(15, 'effect', 'effect', 'Включить Screen FX.', 7),
(16, 'set_biz_owner', 'set_biz_owner', 'Change владельца бизнеса.', 7),
(17, 'tp_biz', 'tp_biz', 'Телепортироваться в бизнесу.', 7),
(18, 'items_list', 'items_list', 'Посмотреть предметы инвентаря на сервере. Обновление на вашем клиенте произойдет после релога!', 7),
(19, 'set_faction_products', 'set_faction_products', 'Change количество товара на складе организации.', 7),
(20, 'set_faction_maxproducts', 'set_faction_maxproducts', 'Change вместимость товара на складе организации.', 7),
(21, 'delete_veh', 'delete_veh', 'Удалить авто. Если авто есть в БД, то также удаляется.', 8),
(22, 'makeadmin', 'makeadmin', 'Назначить игрока администратором.', 9),
(23, 'add_newbie_veh', 'add_newbie_veh', 'Добавить/обновить авто для новичков (цвет2 нужно указывать, пока не будет фикс RAGEMP).', 8),
(24, 'add_lic_veh', 'add_lic_veh', 'Добавить/обновить авто для автошколы (цвет2 нужно указывать, пока не будет фикс RAGEMP).', 8),
(25, 'add_farm_veh', 'add_farm_veh', 'Добавить/обновить авто для фермы (цвет2 нужно указывать, пока не будет фикс RAGEMP).', 8),
(26, 'create_tpmarker', 'create_tpmarker', 'Создать маркер для телепорта. (укажите координаты конечного маркера)', 8),
(27, 'delete_tpmarker', 'delete_tpmarker', 'Удалить маркер для телепорта.', 8),
(28, 'bizes', 'bizes', 'Вывести координаты бизы.', 8),
(29, 'obj', 'obj', 'Создать объект.', 8),
(30, 'clothes', 'clothes', 'Сменить одежду.', 7),
(31, 'info_flight', 'info_flight', 'Информация о маршрутах для Автобусов.', 8),
(32, 'clear_inventory', 'clear_inventory', 'Очистить инвентарь игрока.', 7),
(33, 'clear_floor_items', 'clear_floor_items', 'Очистить предметы инвентаря с пола на сервере.', 8),
(34, 'set_faction_name', 'set_faction_name', 'Сменить имя организации.', 8),
(35, 'set_faction_blipcolor', 'set_faction_blipcolor', 'Change цвет блипа на карте у организации.', 8),
(36, 'set_faction_position', 'set_faction_position', 'Change позицию организации. Позиция берется от игрока.', 8),
(37, 'set_faction_storage', 'set_faction_storage', 'Change позицию выдачи предметов организации. Позиция берется от игрока.', 8),
(38, 'set_faction_rankname', 'set_faction_rankname', 'Change название ранга.', 8),
(39, 'set_faction_rankpay', 'set_faction_rankpay', 'Change зарплату ранга.', 8),
(40, 'add_faction_veh', 'add_faction_veh', 'Добавить/обновить авто организации (цвет2 нужно указывать, пока не будет фикс RAGEMP).', 8),
(41, 'set_faction_veh_rank', 'set_faction_veh_rank', 'Добавить/обновить мин. ранг для доступа к авто организации.', 8),
(42, 'settime', 'settime', 'Change время на сервере.', 9),
(43, 'economy_list', 'economy_list', 'Просмотреть экономику сервера.', 9),
(44, 'set_economy', 'set_economy', 'Change экономику сервера. (просмотр всех переменных - economy_list)', 9),
(45, 'request_ipl', 'request_ipl', 'Загрузить IPL. (для дополнительных интерьеров и локаций)', 9),
(46, 'save_obj', 'save_obj', 'Сохранить объект в БД (берется из /obj).', 9),
(47, 'add_job_veh', 'add_job_veh', 'Добавить/обновить рабочее авто (цвет2 нужно указывать, пока не будет фикс RAGEMP).', 9),
(48, 'update', 'update', 'Обновить мод до последней версии.', 9),
(49, 'jobs_list', 'jobs_list', 'Посмотреть список работ.', 9),
(50, 'set_job_name', 'set_job_name', 'Change название работы.', 9),
(51, 'set_job_level', 'set_job_level', 'Change мин. Level игрока для работы.', 9),
(52, 'set_job', 'set_job', 'Change работу игрока.', 9),
(53, 'set_job_skills', 'set_job_skills', 'Change Skills работы игрока.', 9),
(54, 'terminal_cmd_name', 'terminal_cmd_name', 'Change название команды.', 9),
(55, 'terminal_cmd_description', 'terminal_cmd_description', 'Change описание команды.', 9),
(56, 'terminal_cmd_minlevel', 'terminal_cmd_minlevel', 'Change мин. Level команды.', 9),
(57, 'create_ped', 'create_ped', 'Создать педа.', 9),
(58, 'delete_ped', 'delete_ped', 'Удалить ближайшего педа.', 9),
(59, 'delete_house', 'delete_house', 'Удалить дом.', 9),
(60, 'set_house_interior', 'set_house_interior', 'Change интерьер дома.', 9),
(61, 'set_house_price', 'set_house_price', 'Change цену дома.', 9),
(62, 'set_house_class', 'set_house_class', 'Change класс дома. Классы: A,B,C,D,E,F.', 9),
(63, 'set_house_garage', 'set_house_garage', 'Change гараж дома.', 9),
(64, 'set_house_vehspawn', 'set_house_vehspawn', 'Установить позицию спавна авто при выезде из гаража. Установка происходит по позиции авто, в котором находится игрок.', 9),
(65, 'set_house_garageenter', 'set_house_garageenter', 'Установить позицию входа в гараж с улицы. Установка происходит по позиции игрока.', 9),
(66, 'set_interior_spawn', 'set_interior_spawn', 'Установить позицию спавна в интерьере. Установка происходит по позиции игрока.', 9),
(67, 'set_interior_enter', 'set_interior_enter', 'Установить позицию входа в интерьер. Установка происходит по позиции игрока.', 9),
(68, 'set_interior_garage', 'set_interior_garage', 'Установить позицию входа в гараж. Установка происходит по позиции игрока.', 9),
(69, 'set_interior_rooms', 'set_interior_rooms', 'Установить количество комнат у интерьера.', 9),
(70, 'set_interior_square', 'set_interior_square', 'Установить площадь у интерьера.', 9),
(71, 'set_garage_enter', 'set_garage_enter', 'Установить позицию входа в гараж. Установка происходит по позиции игрока.', 9),
(72, 'pinfo', 'pinfo', 'Вывести игрока в консоль.', 9),
(73, 'vinfo', 'vinfo', 'Вывести машину в консоль.', 9),
(74, 'iinfo', 'iinfo', 'Вывести предметы инвентаря в консоль.', 9),
(75, 'bank', 'bank', 'Тестовое уведомление из банка.', 9),
(76, 'task_goto', 'task_goto', 'Следование игрока в точку.', 9),
(77, 'event', 'event', 'Вызвать событие на клиенте.', 9),
(78, 'show_ai', 'show_ai', 'Посмотреть текущий AUTO_INCREMENT от players_inventory.', 9),
(79, 'crash_items_test', 'crash_items_test', 'Краш-тест на предметы инвентаря.', 9),
(80, 'take_object', 'take_object', 'Взять объект.', 9),
(81, 'put_object', 'put_object', 'Положить объект.', 9),
(82, 'test_attach', 'test_attach', 'Тестовый аттач.', 9),
(83, 'test_attach_off', 'test_attach_off', 'Очистить тестовый аттач.', 9),
(84, 'test_blip', 'test_blip', 'Создать тестовый блип.', 9),
(85, 'prop', 'prop', 'Сменить проп.', 9),
(86, 'select_flight', 'select_flight', 'Выбрать маршрут для внесения изменений в него.', 9),
(87, 'create_point', 'create_point', 'Создать чекпоинт для маршрута (0 - промежуток, 1 - остановка).', 9),
(88, 'delete_point', 'delete_point', 'Удалить чекпоинт для маршрута.', 9),
(89, 'stop_flight', 'stop_flight', 'Прекратить работу маршрутом.', 9),
(90, 'create_flight', 'create_flight', 'Создать новый маршрут для Автобусов.', 9),
(91, 'delete_flight', 'delete_flight', 'Удалить маршрут для Автобусов.', 9),
(92, 'change_pos_point', 'change_pos_point', 'Change позицию чекпоинта для маршрута.', 9),
(93, 'change_status_point', 'change_status_point', 'Change статус чекпоинта для маршрута (0 - промежуток, 1 - остановка).', 9),
(94, 'change_name_flight', 'change_name_flight', 'Change название маршрута для Автобусов.', 9),
(95, 'change_salary_flight', 'change_salary_flight', 'Change зарплату за маршрут для Автобусов.', 9),
(96, 'tpbone', 'tpbone', 'ТП к кости авто.', 9),
(97, 'test_mcall', 'test_mcall', 'Тестовый вызов медика.', 9),
(98, 'test_mcallremove', 'test_mcallremove', 'Тестовое принятие/отклонение вызова медика.', 9),
(99, 'test_pcall', 'test_pcall', 'Тестовый вызов копа.', 9),
(100, 'test_pcallremove', 'test_pcallremove', 'Тестовое принятие/отклонение вызова копа.', 9),
(101, 'sound', 'sound', 'Включить звук.', 9),
(102, 'delete_biz', 'delete_biz', 'Удалить бизнес', 9),
(103, 'set_biz_name', 'set_biz_name', 'Change имя бизнеса', 9),
(104, 'delete_biz_owner', 'delete_biz_owner', 'Удалить владельца бизнеса.', 9),
(105, 'set_biz_price', 'set_biz_price', 'Change стоимость бизнеса', 9),
(106, 'set_biz_products', 'set_biz_products', 'Change количество товара на складе бизнеса.', 9),
(107, 'set_biz_maxproducts', 'set_biz_maxproducts', 'Change вместимость товара на складе бизнеса.', 9),
(108, 'set_biz_productprice', 'set_biz_productprice', 'Change цену за 1 ед. товара у бизнеса.', 9),
(109, 'set_biz_balance', 'set_biz_balance', 'Change Balance бизнеса.', 9),
(110, 'set_biz_type', 'set_biz_type', 'Change тип бизнеса.', 9),
(111, 'set_biz_status', 'set_biz_status', 'Change статус бизнеса.<br/>Статусы:<br/>0 - закрыт<br/>1- открыт', 9),
(112, 'set_biz_position', 'set_biz_position', 'Change позицию бизнеса. Позиция берется от игрока.', 9),
(113, 'set_item_name', 'set_item_name', 'Change название предмета инвентаря. (см. items_list)', 9),
(114, 'set_item_desc', 'set_item_desc', 'Change описание предмета инвентаря. (см. items_list)', 9),
(115, 'set_item_weight', 'set_item_weight', 'Change вес предмета инвентаря. (см. items_list)', 9),
(116, 'set_item_size', 'set_item_size', 'Change описание предмета инвентаря. (см. items_list)', 9),
(117, 'set_item_model', 'set_item_model', 'Change модель предмета инвентаря. Эта модель используется, когда игрок выкидывает предмет. (см. items_list)', 9),
(118, 'set_item_deltaz', 'set_item_deltaz', 'Change deltaZ предмета инвентаря. Смещение модели по высоте, когда игрок выкидывает предмет. (см. items_list)', 9),
(119, 'set_item_rotation', 'set_item_rotation', 'Change rotation предмета инвентаря. Поворота модели, когда игрок выкидывает предмет. (см. items_list)', 9),
(120, 'give_test_items', 'give_test_items', 'Выдать тестовые предметы игроку.', 9),
(121, 'add_routep', 'add_routep', 'Добавить точку маршрута.', 9),
(122, 'delete_routep', 'delete_routep', 'Удалить точку маршрута.', 9),
(123, 'set_step_routep', 'set_step_routep', 'Change порядковый номер точки', 9),
(124, 'set_name_routep', 'set_name_routep', 'Change название точки', 9),
(125, 'set_type_routep', 'set_type_routep', 'Change тип (номер маршрута) точки', 9),
(126, 'set_pos_routep', 'set_pos_routep', 'Change позицию точки', 9),
(127, 'set_station_routep', 'set_station_routep', 'Change позицию точки', 9),
(128, 'show_route', 'show_route', 'Показать маршрут полностью.', 9),
(129, 'start_route', 'start_route', 'Начать маршрут.', 9),
(130, 'hide_route', 'hide_route', 'Скрыть маршрут.', 9),
(131, 'clothes_variation', 'clothes_variation', 'Сменить variation одежды. Type:<br/>bracelets,ears,feets,glasses,hats,legs,masks,ties,top,watches', 9),
(132, 'clothes_price', 'clothes_price', 'Сменить price одежды. Type:<br/>bracelets,ears,feets,glasses,hats,legs,masks,ties,top,watches', 9),
(133, 'clothes_size', 'clothes_size', 'Сменить rows и cols. Эти параметры определяют, сколько может хранить предметов одежда. Type:<br/>legs,top', 9),
(134, 'clothes_addtexture', 'clothes_addtexture', 'Добавить texture одежды. Type:<br/>bracelets,ears,feets,glasses,hats,legs,masks,ties,top,watches', 9),
(135, 'clothes_deletetexture', 'clothes_deletetexture', 'Удалить texture одежды. Type:<br/>bracelets,ears,feets,glasses,hats,legs,masks,ties,top,watches', 9),
(136, 'hp', 'hp', 'Пополнить здоровье себе.', 1),
(137, 'tp', 'tp', 'Телепортироваться по координатам.', 2),
(138, 'tps', 'tps', 'Телепортироваться по координатам.', 2),
(139, 'armour', 'armour', 'Пополнить броню себе.', 2),
(140, 'kill', 'kill', 'Убить себя.', 2),
(141, 'kick', 'kick', 'Кикнуть игрока с сервера.', 2),
(142, 'goto', 'goto', 'Телепортироваться к игроку.', 2),
(143, 'freeze', 'freeze', 'Заморозить игрока.', 2),
(144, 'unfreeze', 'unfreeze', 'Разморозить игрока.', 2),
(145, 'gethere', 'gethere', 'Телепортировать игрока к себе.', 3),
(146, 'fuel', 'fuel', 'Change количество топлива в машине.', 2),
(147, 'tp_house', 'tp_house', 'Телепортироваться в дому.', 4),
(148, 'door', 'door', 'Открыть дверь авто.', 3),
(149, 'tp_faction', 'tp_faction', 'Телепортироваться к организации.', 3),
(150, 'freeze_radius', 'freeze_radius', 'Заморозить игроков в радиусе.', 3),
(151, 'unfreeze_radius', 'unfreeze_radius', 'Разморозить игроков в радиусе.', 3),
(152, 'set_hp', 'set_hp', 'Выдать здоровье игроку.', 3),
(153, 'veh', 'veh', 'Создать автомобиль.', 4),
(154, 'tp_interior', 'tp_interior', 'Телепортироваться в интерьер.', 5),
(155, 'tp_garage', 'tp_garage', 'Телепортироваться в гараж.', 5),
(156, 'tp_vehicle', 'tp_vehicle', 'Телепортироваться к авто.', 4),
(157, 'set_skin', 'set_skin', 'Change скин игрока.', 6),
(158, 'skick', 'skick', 'Кикнуть игрока с сервера ( без уведомления игрока )', 4),
(159, 'get_ip', 'get_ip', 'Узнать IP адрес игрока.', 4),
(160, 'dm', 'dm', 'Посадить игрока в деморган.', 3),
(161, 'undm', 'undm', 'Выпустить игрока из деморгана.', 3),
(162, 'gg', 'gg', 'Пожелать приятной игры игроку.', 1),
(163, 'aspawn', 'aspawn', 'Заспавнить игрока на возможных спавнах.', 1),
(164, 'stats', 'stats', 'Просмотреть статистику игрока.', 5),
(165, 'ban_char', 'ban_char', 'Выдать бан персонажу', 3),
(166, 'unban_char', 'unban_char', 'Разбанить character', 4),
(167, 'invis', 'invis', 'Сделать игрока видимым/невидимым.', 1),
(168, 'global', 'global', 'Написать Message всем игрокам.', 5),
(169, 'parking_create', 'parking_create', 'Создать новую парковку. Позиция блипа и расположение педа берется из позиции игрока(поворот туловища учитывается)', 9),
(170, 'parking_delete', 'parking_delete', 'Удалить парковку', 9),
(171, 'parking_update', 'parking_update', 'Change имя парковки и позицию блипа', 9),
(172, 'parking_create_slot', 'parking_create_slot', 'Создать парковочное место. Позиция берется только у игрока в машине(Поставьте машину так как она спавнится)', 9),
(173, 'parking_delete_slot', 'parking_delete_slot', 'Создать парковочное место. Позиция берется только у игрока в машине(Поставьте машину так как она спавнится)', 9),
(174, 'parking_update_slot', 'parking_update_slot', 'Change координаты парковочного места. Позиция берется только у игрока в машине(Поставьте машину так как она спавнится)', 9),
(175, 'parking_tp', 'parking_tp', 'Телепортироватся к парковке.', 9),
(176, 'parking_slot_show', 'parking_slot_show', 'Отобразить маркеры и подписать SlotID слотов на парковке.', 9),
(177, 'parking_slot_hide', 'parking_slot_hide', 'Удалить маркеры расположения слотов на парковке.', 9),
(178, 'cutscene_start', 'cutscene_start', 'Запустить катсцену.', 8),
(179, 'cutscene_stop', 'cutscene_stop', 'Остановить катсцену.', 8),
(180, 'cutscenes_list', 'cutscenes_list', 'Посмотреть список катсцен.', 8),
(181, 'warn', 'warn', 'Выдать предупреждение.', 3),
(182, 'unwarn', 'unwarn', 'Снять предупреждение.', 3),
(183, 'sp', 'sp', 'Начать слежку за игроком.', 1),
(184, 'unsp', 'unsp', 'Закончить слежку за игроком.', 1),
(185, 'delete_spawn', 'delete_spawn', 'Удалить спавн для игроков.', 9),
(186, 'create_spawn', 'create_spawn', 'Создать спавн для игроков.', 9),
(187, 'info_spawn', 'info_spawn', 'Информация о спавнах.', 9),
(188, 'set_dimension', 'set_dimension', 'Сменить измерение.', 9),
(189, 'test_veh_attach', 'test_veh_attach', 'Тестовый аттач к авто. Параметр number используется для аттача нескольких объектов.', 9),
(190, 'test_veh_attach_off', 'test_veh_attach_off', 'Очистить тестовый аттач от авто.', 9),
(191, 'ban_ip', 'ban_ip', 'Забанить ip адрес.', 4),
(192, 'unban_ip', 'unban_ip', 'Разбанить ip адрес.', 4),
(193, 'test_cropload', 'test_cropload', 'Тестовая команда для визуализации урожая в фермерском пикапе.', 9),
(194, 'set_house_position', 'set_house_position', 'Change позицию дома.', 9),
(195, 'bone_index', 'bone_index', 'Получить индекс кости по названию.', 9),
(196, 'add_rent_veh', 'add_rent_veh', 'Добавить/обновить арендованное авто.', 9),
(197, 'set_faction_warehouse', 'set_faction_warehouse', 'Change позицию склада организации. Позиция берется от игрока.', 9),
(198, 'clear_faction_items', 'clear_faction_items', 'Удалить предметы инвентаря от организации, принадлежащие игроку с сервера.', 8),
(199, 'farm_field_fill', 'farm_field_fill', 'Засеять поле.', 8),
(200, 'set_cutscene_name', 'set_cutscene_name', 'Change имя катсцены.', 8),
(201, 'set_cutscene_finaltext', 'set_cutscene_finaltext', 'Change финальный текст катсцены.', 8),
(202, 'set_cutscene_point_speed', 'set_cutscene_point_speed', 'Change скорость полета камеры у кадра катсцены.', 8),
(203, 'set_cutscene_point_text', 'set_cutscene_point_text', 'Change текст кадра катсцены.', 8),
(204, 'set_cutscene_point_startpos', 'set_cutscene_point_startpos', 'Change начальную позицию камеры у кадра катсцены.', 8),
(205, 'set_cutscene_point_endrot', 'set_cutscene_point_endrot', 'Change конечный поворот камеры у кадра катсцены.', 8),
(206, 'set_cutscene_point_endpos', 'set_cutscene_point_endpos', 'Change конечную позицию камеры у кадра катсцены.', 8),
(207, 'set_cutscene_point_startrot', 'set_cutscene_point_startrot', 'Change начальный поворот камеры у кадра катсцены.', 8),
(208, 'cutscene_add_point', 'cutscene_add_point', 'Добавить кадр в катсцену.', 8),
(209, 'cutscene_delete_point', 'cutscene_delete_point', 'Удалить кадр из катсцены.', 8),
(210, 'cutscene_points', 'cutscene_points', 'Посмотреть список кадров у катсцены.', 8),
(211, 'set_faction_leader', 'set_faction_leader', 'Сменить лидера организации. Используйте несуществующий ник для удаления владельца.', 6),
(212, 'veh_license', 'veh_license', 'Change лицензию для вождения авто. Типы:<br/>1 - авто<br/>2 - мото<br/>3 - Лодка<br/>4 - Яхта<br/>11 - вертолёт<br/>12 - самолёт', 7),
(213, 'create_biz', 'create_biz', 'Создать бизнес. Маркер ставится по позиции игрока.<br/>Тип:<br/>1 - закусочная<br/>2 - бар<br/>3 - магазин одежды<br/>4 - барбершоп<br/>5 - АЗС<br/>6 - 24/7<br/>7 - тату салон<br/>8 - оружейный магазин<br/>9 - автосалон<br/>10 - LS Customs<br/>11 - СТО', 9),
(214, 'create_house', 'create_house', 'Создать новый дом. Позиция Exitа из дома берётся по положению игрока (не забывайте про поворот туловища, чтобы игрок смотрел в противоп. сторону от двери).', 9),
(215, 'mute', 'mute', 'Выдать мут игроку.', 2),
(216, 'unmute', 'unmute', 'Снять мут с игрока.', 2),
(217, 'give_licenses', 'give_licenses', 'Выдать все License игроку.', 3);

-- --------------------------------------------------------

--
-- Table structure for table `unitpay_payments`
--

CREATE TABLE `unitpay_payments` (
  `id` int(10) NOT NULL,
  `unitpayId` varchar(255) NOT NULL,
  `account` varchar(255) NOT NULL,
  `sum` float NOT NULL,
  `itemsCount` int(11) NOT NULL DEFAULT 1,
  `dateCreate` datetime NOT NULL,
  `dateComplete` datetime DEFAULT NULL,
  `status` tinyint(4) NOT NULL DEFAULT 0
) ENGINE=InnoDB DEFAULT CHARSET=utf8;

-- --------------------------------------------------------

--
-- Table structure for table `v2_reports`
--

CREATE TABLE `v2_reports` (
  `id` int(11) NOT NULL,
  `playerId` int(11) NOT NULL,
  `adminId` int(11) DEFAULT NULL,
  `type` varchar(128) NOT NULL,
  `status` tinyint(11) NOT NULL DEFAULT 0,
  `date` int(11) DEFAULT NULL,
  `messages` varchar(540) CHARACTER SET utf8mb4 DEFAULT NULL,
  `text` varchar(540) CHARACTER SET utf8mb4 DEFAULT NULL
) ENGINE=InnoDB DEFAULT CHARSET=latin1;

--
-- Dumping data for table `v2_reports`
--

INSERT INTO `v2_reports` (`id`, `playerId`, `adminId`, `type`, `status`, `date`, `messages`, `text`) VALUES
(1, 1, 1, 'help', 0, 1564932368, NULL, NULL),
(2, 2, 2, 'help', 0, 1564956334, NULL, NULL),
(3, 2, 2, 'claim', 0, 1564956373, NULL, NULL),
(4, 2, 2, 'help', 0, 1564956449, NULL, NULL),
(5, 1, 1, 'claim', 0, 1564956526, NULL, NULL),
(6, 2, 1, 'help', 0, 1564957017, NULL, NULL);

-- --------------------------------------------------------

--
-- Table structure for table `v2_reports_messages`
--

CREATE TABLE `v2_reports_messages` (
  `id` int(11) NOT NULL,
  `reportId` int(11) DEFAULT 1,
  `name` varchar(50) DEFAULT NULL,
  `serverId` int(11) DEFAULT NULL,
  `playerId` int(11) DEFAULT NULL,
  `message` varchar(540) CHARACTER SET utf8mb4 DEFAULT NULL,
  `date` int(11) DEFAULT NULL,
  `text` varchar(540) CHARACTER SET utf8mb4 DEFAULT NULL
) ENGINE=InnoDB DEFAULT CHARSET=latin1;

--
-- Dumping data for table `v2_reports_messages`
--

INSERT INTO `v2_reports_messages` (`id`, `reportId`, `name`, `serverId`, `playerId`, `message`, `date`, `text`) VALUES
(1, 1, 'Cubix Qbix', NULL, 1, NULL, 1564932368, 'I need some help nown'),
(2, 2, 'Vali Zum', NULL, 2, NULL, 1564956334, 'HEi'),
(3, 2, 'Vali Zum', NULL, 2, NULL, 1564956352, 'what hapend ?'),
(4, 3, 'Vali Zum', NULL, 2, NULL, 1564956373, 'help'),
(5, 3, 'Vali Zum', NULL, 2, NULL, 1564956405, 'yes'),
(6, 2, 'Vali Zum', NULL, 2, NULL, 1564956417, 'yes'),
(7, 4, 'Vali Zum', NULL, 2, NULL, 1564956450, 'HELP'),
(8, 5, 'Cubix Qbix', NULL, 1, NULL, 1564956526, 'Vali este but!'),
(9, 6, 'Vali Zum', NULL, 2, NULL, 1564957017, 'HELP CUBIX'),
(10, 6, 'Cubix Qbix', NULL, 1, NULL, 1564957040, 'Esti un but spune ce s-a intamplat?'),
(11, 6, 'Vali Zum', NULL, 2, NULL, 1564957065, 'ai stricat jocul'),
(12, 6, 'Cubix Qbix', NULL, 1, NULL, 1564957099, 'Tot but ramai xD');

-- --------------------------------------------------------

--
-- Table structure for table `vehicles`
--

CREATE TABLE `vehicles` (
  `id` int(11) NOT NULL,
  `owner` int(11) NOT NULL COMMENT '[-100;-1] - Job, [1;100] - Faction, [1001;n] - Players, -1001 - Begginers, -2001 - DMV School, -3001 - Farm',
  `model` varchar(128) NOT NULL,
  `color1` int(11) NOT NULL DEFAULT 0,
  `color2` int(11) NOT NULL DEFAULT 0,
  `x` float NOT NULL,
  `y` float NOT NULL,
  `z` float NOT NULL,
  `h` float NOT NULL,
  `fuel` int(11) NOT NULL DEFAULT 70,
  `health` int(11) NOT NULL DEFAULT 1000,
  `consumption` int(11) NOT NULL DEFAULT 2,
  `maxFuel` int(11) NOT NULL DEFAULT 70,
  `dimension` int(11) NOT NULL DEFAULT 0,
  `license` int(11) NOT NULL DEFAULT 1,
  `mileage` float NOT NULL DEFAULT 0,
  `engineBroken` int(1) NOT NULL DEFAULT 0,
  `oilBroken` int(1) NOT NULL DEFAULT 0,
  `accumulatorBroken` int(1) NOT NULL DEFAULT 0,
  `enabledNeons` varchar(64) DEFAULT NULL,
  `neonColor` varchar(64) DEFAULT NULL,
  `hasXenon` tinyint(1) DEFAULT NULL,
  `wheel` int(11) DEFAULT NULL,
  `backWheel` int(11) DEFAULT NULL,
  `tiresCustomDesign` tinyint(1) DEFAULT NULL,
  `tiresCanBurst` tinyint(1) DEFAULT NULL,
  `tiresSmokeColor` varchar(64) DEFAULT NULL,
  `turbo` tinyint(1) DEFAULT NULL,
  `wheelType` tinyint(4) DEFAULT NULL,
  `numberPlateType` tinyint(4) DEFAULT NULL,
  `wheelColor` smallint(6) DEFAULT NULL,
  `windowTint` tinyint(4) DEFAULT NULL,
  `data` varchar(128) NOT NULL DEFAULT '{}'
) ENGINE=InnoDB DEFAULT CHARSET=utf8 ROW_FORMAT=COMPACT;

--
-- Dumping data for table `vehicles`
--

INSERT INTO `vehicles` (`id`, `owner`, `model`, `color1`, `color2`, `x`, `y`, `z`, `h`, `fuel`, `health`, `consumption`, `maxFuel`, `dimension`, `license`, `mileage`, `engineBroken`, `oilBroken`, `accumulatorBroken`, `enabledNeons`, `neonColor`, `hasXenon`, `wheel`, `backWheel`, `tiresCustomDesign`, `tiresCanBurst`, `tiresSmokeColor`, `turbo`, `wheelType`, `numberPlateType`, `wheelColor`, `windowTint`, `data`) VALUES
(17, 2, 'riot', 112, 0, 485.245, -1110.95, 28.8509, 91.136, 70, 1000, 2, 70, 0, 1, 3.5, 0, 0, 0, NULL, NULL, NULL, NULL, NULL, NULL, NULL, NULL, NULL, NULL, NULL, NULL, NULL, '{\"rank\":9}'),
(18, 2, 'riot', 112, 0, 484.979, -1102.22, 28.8521, 89.7039, 70, 1000, 2, 70, 0, 1, 2.8, 0, 0, 0, NULL, NULL, NULL, NULL, NULL, NULL, NULL, NULL, NULL, NULL, NULL, NULL, NULL, '{\"rank\":9}'),
(19, 2, 'riot', 112, 0, 484.987, -1106.63, 28.8476, 90.7783, 70, 1000, 2, 70, 0, 1, 5.2, 0, 0, 0, NULL, NULL, NULL, NULL, NULL, NULL, NULL, NULL, NULL, NULL, NULL, NULL, NULL, '{\"rank\":9}'),
(32, 3, 'sheriff2', 112, 0, -460.898, 6047.21, 30.9628, 135.71, 70, 1000, 2, 70, 0, 1, 12, 0, 0, 0, NULL, NULL, NULL, NULL, NULL, NULL, NULL, NULL, NULL, NULL, NULL, NULL, NULL, '{}'),
(33, 3, 'sheriff2', 112, 0, -457.706, 6043.86, 30.9626, 134.346, 70, 1000, 2, 70, 0, 1, 41.9, 0, 0, 0, NULL, NULL, NULL, NULL, NULL, NULL, NULL, NULL, NULL, NULL, NULL, NULL, NULL, '{}'),
(34, 3, 'sheriff2', 112, 0, -454.307, 6040.64, 30.9629, 135.524, 70, 1000, 2, 70, 0, 1, 165, 0, 0, 0, NULL, NULL, NULL, NULL, NULL, NULL, NULL, NULL, NULL, NULL, NULL, NULL, NULL, '{}'),
(41, 3, 'Polmav', 0, 0, -484.135, 5989.4, 31.723, 227.847, 70, 1000, 2, 70, 0, 1, 60.9, 0, 0, 0, NULL, NULL, NULL, NULL, NULL, NULL, NULL, NULL, NULL, NULL, NULL, NULL, NULL, '{}'),
(42, 3, 'Polmav', 0, 0, -475.167, 5998.4, 31.7188, 224.739, 70, 1000, 2, 70, 0, 1, 20, 0, 0, 0, NULL, NULL, NULL, NULL, NULL, NULL, NULL, NULL, NULL, NULL, NULL, NULL, NULL, '{}'),
(53, 4, 'fbi', 0, 0, 166.018, -733.617, 32.7816, 69.9776, 70, 1000, 2, 70, 0, 1, 64, 0, 0, 0, NULL, NULL, NULL, NULL, NULL, NULL, NULL, NULL, NULL, NULL, NULL, NULL, NULL, '{}'),
(54, 4, 'fbi', 0, 0, 164.542, -737.61, 32.779, 72.8948, 70, 1000, 2, 70, 0, 1, 81.8, 0, 0, 0, NULL, NULL, NULL, NULL, NULL, NULL, NULL, NULL, NULL, NULL, NULL, NULL, NULL, '{}'),
(55, 4, 'fbi', 0, 0, 163.26, -741.39, 32.7821, 72.6929, 70, 1000, 2, 70, 0, 1, 37.6, 0, 0, 0, NULL, NULL, NULL, NULL, NULL, NULL, NULL, NULL, NULL, NULL, NULL, NULL, NULL, '{}'),
(56, 4, 'fbi', 0, 0, 161.929, -745.065, 32.7794, 69.8724, 70, 1000, 2, 70, 0, 1, 128.2, 0, 0, 0, NULL, NULL, NULL, NULL, NULL, NULL, NULL, NULL, NULL, NULL, NULL, NULL, NULL, '{}'),
(57, 4, 'insurgent2', 0, 0, 154.855, -749.271, 33.0619, 339.171, 70, 1000, 2, 70, 0, 1, 44.8, 0, 0, 0, NULL, NULL, NULL, NULL, NULL, NULL, NULL, NULL, NULL, NULL, NULL, NULL, NULL, '{}'),
(58, 4, 'insurgent2', 0, 0, 151.253, -747.719, 33.0629, 339.565, 70, 1000, 2, 70, 0, 1, 22.1, 0, 0, 0, NULL, NULL, NULL, NULL, NULL, NULL, NULL, NULL, NULL, NULL, NULL, NULL, NULL, '{}'),
(59, 4, 'insurgent2', 0, 0, 147.726, -746.272, 33.0618, 338.953, 70, 1000, 2, 70, 0, 1, 28, 0, 0, 0, NULL, NULL, NULL, NULL, NULL, NULL, NULL, NULL, NULL, NULL, NULL, NULL, NULL, '{}'),
(60, 4, 'riot2', 0, 0, 119.412, -735.503, 32.9725, 340.486, 70, 1000, 2, 70, 0, 1, 1.4, 0, 0, 0, NULL, NULL, NULL, NULL, NULL, NULL, NULL, NULL, NULL, NULL, NULL, NULL, NULL, '{}'),
(61, 4, 'riot2', 0, 0, 115.496, -734.038, 32.969, 339.272, 70, 1000, 2, 70, 0, 1, 7, 0, 0, 0, NULL, NULL, NULL, NULL, NULL, NULL, NULL, NULL, NULL, NULL, NULL, NULL, NULL, '{}'),
(62, 4, 'fbi', 0, 0, 180.401, -695.478, 32.7736, 70.2063, 70, 1000, 2, 70, 0, 1, 59.1, 0, 0, 0, NULL, NULL, NULL, NULL, NULL, NULL, NULL, NULL, NULL, NULL, NULL, NULL, NULL, '{}'),
(65, 4, 'fbi', 0, 0, 179.049, -698.754, 32.7727, 68.745, 70, 1000, 2, 70, 0, 1, 112.2, 0, 0, 0, NULL, NULL, NULL, NULL, NULL, NULL, NULL, NULL, NULL, NULL, NULL, NULL, NULL, '{}'),
(66, 4, 'police4', 0, 0, 156.308, -680.787, 32.7386, 159.344, 70, 1000, 2, 70, 0, 1, 46.1, 0, 0, 0, NULL, NULL, NULL, NULL, NULL, NULL, NULL, NULL, NULL, NULL, NULL, NULL, NULL, '{}'),
(67, 4, 'police4', 0, 0, 159.952, -682.062, 32.7351, 160.547, 70, 1000, 2, 70, 0, 1, 117.9, 0, 0, 0, NULL, NULL, NULL, NULL, NULL, NULL, NULL, NULL, NULL, NULL, NULL, NULL, NULL, '{}'),
(68, 4, 'police4', 0, 0, 163.682, -683.377, 32.7322, 158.726, 70, 1000, 2, 70, 0, 1, 102, 0, 0, 0, NULL, NULL, NULL, NULL, NULL, NULL, NULL, NULL, NULL, NULL, NULL, NULL, NULL, '{}'),
(69, 4, 'fbi', 0, 0, 176.141, -706.536, 32.775, 71.6883, 70, 1000, 2, 70, 0, 1, 20.2, 0, 0, 0, NULL, NULL, NULL, NULL, NULL, NULL, NULL, NULL, NULL, NULL, NULL, NULL, NULL, '{}'),
(70, 4, 'fbi2', 0, 0, 169.619, -685.891, 32.748, 159.182, 70, 1000, 2, 70, 0, 1, 26.2, 0, 0, 0, NULL, NULL, NULL, NULL, NULL, NULL, NULL, NULL, NULL, NULL, NULL, NULL, NULL, '{}'),
(71, 4, 'fbi2', 0, 0, 172.982, -687.008, 32.7466, 159.578, 70, 1000, 2, 70, 0, 1, 46.5, 0, 0, 0, NULL, NULL, NULL, NULL, NULL, NULL, NULL, NULL, NULL, NULL, NULL, NULL, NULL, '{}'),
(72, 4, 'fbi', 0, 0, 174.829, -710.078, 32.7764, 68.025, 70, 1000, 2, 70, 0, 1, 122.1, 0, 0, 0, NULL, NULL, NULL, NULL, NULL, NULL, NULL, NULL, NULL, NULL, NULL, NULL, NULL, '{}'),
(73, 4, 'frogger2', 0, 0, 204.46, -718.709, 46.792, 70.0955, 70, 1000, 2, 70, 0, 1, 116.7, 0, 0, 0, NULL, NULL, NULL, NULL, NULL, NULL, NULL, NULL, NULL, NULL, NULL, NULL, NULL, '{}'),
(74, 4, 'frogger2', 0, 0, 199.894, -731.11, 46.7901, 69.8724, 70, 1000, 2, 70, 0, 1, 21.6, 0, 0, 0, NULL, NULL, NULL, NULL, NULL, NULL, NULL, NULL, NULL, NULL, NULL, NULL, NULL, '{}'),
(75, 2, 'Polmav', 0, 0, 449.144, -981.53, 44.0818, 179.326, 70, 1000, 2, 70, 0, 1, 87.8, 0, 0, 0, NULL, NULL, NULL, NULL, NULL, NULL, NULL, NULL, NULL, NULL, NULL, NULL, NULL, '{}'),
(76, 2, 'Polmav', 0, 0, 481.563, -982.287, 41.3935, 89.5759, 70, 1000, 2, 70, 0, 1, 49.9, 0, 0, 0, NULL, NULL, NULL, NULL, NULL, NULL, NULL, NULL, NULL, NULL, NULL, NULL, NULL, '{}'),
(79, 2, 'policeb', 112, 0, 454.706, -1026.54, 27.9676, 6.20303, 70, 1000, 2, 70, 0, 1, 14.9, 0, 0, 0, NULL, NULL, NULL, NULL, NULL, NULL, NULL, NULL, NULL, NULL, NULL, NULL, NULL, '{\"rank\":1}'),
(80, 2, 'policeb', 112, 0, 456.603, -1026.35, 27.9321, 1.82458, 70, 1000, 2, 70, 0, 1, 1.6, 0, 0, 0, NULL, NULL, NULL, NULL, NULL, NULL, NULL, NULL, NULL, NULL, NULL, NULL, NULL, '{\"rank\":1}'),
(81, 2, 'policeb', 112, 0, 458.493, -1025.99, 27.8816, 1.66827, 70, 1000, 2, 70, 0, 1, 0, 0, 0, 1, NULL, NULL, NULL, NULL, NULL, NULL, NULL, NULL, NULL, NULL, NULL, NULL, NULL, '{\"rank\":1}'),
(86, 2, 'police2', 112, 0, 438.645, -1026.64, 28.4003, 6.03348, 70, 1000, 2, 70, 0, 1, 34.1, 0, 0, 0, NULL, NULL, NULL, NULL, NULL, NULL, NULL, NULL, NULL, NULL, NULL, NULL, NULL, '{\"rank\":2}'),
(87, 2, 'police2', 112, 0, 442.492, -1026.29, 28.3288, 4.50323, 70, 1000, 2, 70, 0, 1, 1.5, 0, 0, 0, NULL, NULL, NULL, NULL, NULL, NULL, NULL, NULL, NULL, NULL, NULL, NULL, NULL, '{\"rank\":1}'),
(92, 2, 'police2', 112, 0, 449.629, -1025.78, 28.1953, 3.62775, 70, 1000, 2, 70, 0, 1, 50, 0, 0, 0, NULL, NULL, NULL, NULL, NULL, NULL, NULL, NULL, NULL, NULL, NULL, NULL, NULL, '{\"rank\":1}'),
(93, 2, 'police2', 112, 0, 446.393, -1026.06, 28.2557, 0.973755, 70, 1000, 2, 70, 0, 1, 55.6, 0, 0, 0, NULL, NULL, NULL, NULL, NULL, NULL, NULL, NULL, NULL, NULL, NULL, NULL, NULL, '{\"rank\":1}'),
(95, 2, 'policet', 112, 0, 463.055, -1019.39, 28.0745, 90.8459, 70, 1000, 2, 70, 0, 1, 4.6, 0, 0, 0, NULL, NULL, NULL, NULL, NULL, NULL, NULL, NULL, NULL, NULL, NULL, NULL, NULL, '{\"rank\":9}'),
(96, 2, 'policet', 112, 0, 463.275, -1014.62, 28.0586, 92.0413, 70, 1000, 2, 70, 0, 1, 6.4, 0, 0, 0, NULL, NULL, NULL, NULL, NULL, NULL, NULL, NULL, NULL, NULL, NULL, NULL, NULL, '{\"rank\":9}'),
(97, 2, 'police4', 112, 0, 447.339, -997.207, 25.3668, 178.893, 70, 1000, 2, 70, 0, 1, 28.9, 0, 0, 0, NULL, NULL, NULL, NULL, NULL, NULL, NULL, NULL, NULL, NULL, NULL, NULL, NULL, '{\"rank\":4}'),
(98, 2, 'police4', 112, 0, 452.617, -997.218, 25.3663, 179.432, 70, 1000, 2, 70, 0, 1, 79.7, 0, 0, 0, NULL, NULL, NULL, NULL, NULL, NULL, NULL, NULL, NULL, NULL, NULL, NULL, NULL, '{\"rank\":4}'),
(99, 2, 'policet', 112, 0, 459.088, -1098.76, 29.1882, 270.443, 70, 1000, 2, 70, 0, 1, 0.2, 0, 0, 0, NULL, NULL, NULL, NULL, NULL, NULL, NULL, NULL, NULL, NULL, NULL, NULL, NULL, '{\"rank\":9}'),
(100, 2, 'policet', 112, 0, 459.036, -1095.06, 29.1856, 268.033, 70, 1000, 2, 70, 0, 1, 0.3, 0, 0, 0, NULL, NULL, NULL, NULL, NULL, NULL, NULL, NULL, NULL, NULL, NULL, NULL, NULL, '{\"rank\":9}'),
(101, 2, 'police2', 112, 0, 458.946, -1091.52, 28.8147, 271.597, 70, 1000, 2, 70, 0, 1, 2.2, 0, 0, 0, NULL, NULL, NULL, NULL, NULL, NULL, NULL, NULL, NULL, NULL, NULL, NULL, NULL, '{\"rank\":1}'),
(102, 2, 'police2', 112, 0, 458.97, -1087.76, 28.8156, 269.329, 70, 1000, 2, 70, 0, 1, 0, 0, 0, 1, NULL, NULL, NULL, NULL, NULL, NULL, NULL, NULL, NULL, NULL, NULL, NULL, NULL, '{\"rank\":1}'),
(103, 2, 'police2', 112, 0, 458.983, -1083.94, 28.8146, 269.849, 70, 1000, 2, 70, 0, 1, 53.3, 0, 0, 0, NULL, NULL, NULL, NULL, NULL, NULL, NULL, NULL, NULL, NULL, NULL, NULL, NULL, '{\"rank\":1}'),
(104, 2, 'police2', 112, 0, 459.004, -1080.33, 28.8172, 271.052, 70, 1000, 2, 70, 0, 1, 20.8, 0, 0, 0, NULL, NULL, NULL, NULL, NULL, NULL, NULL, NULL, NULL, NULL, NULL, NULL, NULL, '{\"rank\":1}'),
(107, 2, 'fbi2', 112, 0, 485.611, -1083, 28.8252, 90.2178, 70, 1000, 2, 70, 0, 1, 47.5, 0, 0, 0, NULL, NULL, NULL, NULL, NULL, NULL, NULL, NULL, NULL, NULL, NULL, NULL, NULL, '{\"rank\":3}'),
(108, 2, 'fbi2', 112, 0, 485.385, -1079.69, 28.8226, 89.7532, 70, 1000, 2, 70, 0, 1, 92.7, 0, 0, 0, NULL, NULL, NULL, NULL, NULL, NULL, NULL, NULL, NULL, NULL, NULL, NULL, NULL, '{\"rank\":3}'),
(109, 2, 'fbi2', 112, 0, 459.02, -1113, 28.8221, 269.549, 70, 1000, 2, 70, 0, 1, 50, 0, 0, 0, NULL, NULL, NULL, NULL, NULL, NULL, NULL, NULL, NULL, NULL, NULL, NULL, NULL, '{\"rank\":3}'),
(110, 2, 'fbi2', 112, 0, 459.036, -1109.19, 28.8217, 270.163, 70, 1000, 2, 70, 0, 1, 29.7, 0, 0, 0, NULL, NULL, NULL, NULL, NULL, NULL, NULL, NULL, NULL, NULL, NULL, NULL, NULL, '{\"rank\":3}'),
(111, 6, 'pranger', 99, 0, -2304.12, 3280.86, 32.4494, 57.5549, 70, 1000, 2, 70, 0, 1, 95.8, 0, 0, 0, NULL, NULL, NULL, NULL, NULL, NULL, NULL, NULL, NULL, NULL, NULL, NULL, NULL, '{}'),
(112, 6, 'pranger', 99, 0, -2305.75, 3277.96, 32.4487, 60.4991, 70, 1000, 2, 70, 0, 1, 67.1, 0, 0, 0, NULL, NULL, NULL, NULL, NULL, NULL, NULL, NULL, NULL, NULL, NULL, NULL, NULL, '{}'),
(113, 6, 'pranger', 99, 0, -2307.45, 3274.85, 32.4485, 60.2213, 70, 1000, 2, 70, 0, 1, 147.5, 0, 0, 0, NULL, NULL, NULL, NULL, NULL, NULL, NULL, NULL, NULL, NULL, NULL, NULL, NULL, '{}'),
(119, 6, 'cargobob4', 99, 0, -2185.52, 3174.92, 33.2728, 330.817, 70, 1000, 2, 70, 0, 1, 8.8, 0, 0, 0, NULL, NULL, NULL, NULL, NULL, NULL, NULL, NULL, NULL, NULL, NULL, NULL, NULL, '{}'),
(120, 6, 'hunter', 99, 0, -2120.54, 3136.89, 34.1743, 329.533, 70, 1000, 2, 70, 0, 1, 103.9, 0, 0, 0, NULL, NULL, NULL, NULL, NULL, NULL, NULL, NULL, NULL, NULL, NULL, NULL, NULL, '{}'),
(121, 6, 'valkyrie2', 99, 0, -2054.41, 3100.74, 33.1972, 329.883, 70, 1000, 2, 70, 0, 1, 11.5, 0, 0, 0, NULL, NULL, NULL, NULL, NULL, NULL, NULL, NULL, NULL, NULL, NULL, NULL, NULL, '{}'),
(127, 6, 'crusader', 0, 0, -2393.78, 3304.79, 32.3374, 60.9608, 70, 1000, 2, 70, 0, 1, 2.1, 0, 0, 0, NULL, NULL, NULL, NULL, NULL, NULL, NULL, NULL, NULL, NULL, NULL, NULL, NULL, '{}'),
(128, 6, 'crusader', 0, 0, -2395.59, 3302, 32.3374, 60.4043, 70, 1000, 2, 70, 0, 1, 1.3, 0, 0, 0, NULL, NULL, NULL, NULL, NULL, NULL, NULL, NULL, NULL, NULL, NULL, NULL, NULL, '{}'),
(129, 6, 'crusader', 0, 0, -2397.42, 3298.92, 32.336, 59.4932, 70, 1000, 2, 70, 0, 1, 46.5, 0, 0, 0, NULL, NULL, NULL, NULL, NULL, NULL, NULL, NULL, NULL, NULL, NULL, NULL, NULL, '{}'),
(131, 6, 'crusader', 0, 0, -2399.21, 3295.79, 32.3363, 59.674, 70, 1000, 2, 70, 0, 1, 62.1, 0, 0, 0, NULL, NULL, NULL, NULL, NULL, NULL, NULL, NULL, NULL, NULL, NULL, NULL, NULL, '{}'),
(132, 6, 'crusader', 0, 0, -2400.92, 3292.82, 32.3368, 59.2685, 70, 1000, 2, 70, 0, 1, 94.9, 0, 0, 0, NULL, NULL, NULL, NULL, NULL, NULL, NULL, NULL, NULL, NULL, NULL, NULL, NULL, '{}'),
(133, 6, 'mesa3', 110, 0, -2402.6, 3289.94, 32.5998, 60.7488, 70, 1000, 2, 70, 0, 1, 69.7, 0, 0, 0, NULL, NULL, NULL, NULL, NULL, NULL, NULL, NULL, NULL, NULL, NULL, NULL, NULL, '{}'),
(135, 6, 'mesa3', 110, 0, -2404.37, 3286.99, 32.596, 60.0458, 70, 1000, 2, 70, 0, 1, 7.1, 0, 0, 0, NULL, NULL, NULL, NULL, NULL, NULL, NULL, NULL, NULL, NULL, NULL, NULL, NULL, '{}'),
(136, 6, 'mesa3', 110, 0, -2406.14, 3284.06, 32.6001, 60.1031, 70, 1000, 2, 70, 0, 1, 0.1, 0, 0, 0, NULL, NULL, NULL, NULL, NULL, NULL, NULL, NULL, NULL, NULL, NULL, NULL, NULL, '{}'),
(137, 6, 'mesa3', 110, 0, -2407.88, 3281.08, 32.5996, 60.2701, 70, 1000, 2, 70, 0, 1, 55.8, 0, 0, 0, NULL, NULL, NULL, NULL, NULL, NULL, NULL, NULL, NULL, NULL, NULL, NULL, NULL, '{}'),
(139, 6, 'mesa3', 110, 0, -2409.57, 3278.21, 32.5993, 59.6801, 70, 1000, 2, 70, 0, 1, 18.5, 0, 0, 0, NULL, NULL, NULL, NULL, NULL, NULL, NULL, NULL, NULL, NULL, NULL, NULL, NULL, '{}'),
(141, 6, 'freecrawler', 110, 0, -2411.47, 3275.11, 32.39, 59.7704, 70, 1000, 2, 70, 0, 1, 130.8, 0, 0, 0, NULL, NULL, NULL, NULL, NULL, NULL, NULL, NULL, NULL, NULL, NULL, NULL, NULL, '{}'),
(142, 6, 'freecrawler', 110, 0, -2413.21, 3271.99, 32.3887, 61.4639, 70, 1000, 2, 70, 0, 1, 97.8, 0, 0, 0, NULL, NULL, NULL, NULL, NULL, NULL, NULL, NULL, NULL, NULL, NULL, NULL, NULL, '{}'),
(143, 6, 'insurgent2', 99, 0, -2418.35, 3303.34, 32.7595, 240.148, 70, 1000, 2, 70, 0, 1, 111.6, 0, 0, 0, NULL, NULL, NULL, NULL, NULL, NULL, NULL, NULL, NULL, NULL, NULL, NULL, NULL, '{}'),
(144, 6, 'insurgent2', 99, 0, -2419.99, 3300.26, 32.7593, 239.915, 70, 1000, 2, 70, 0, 1, 0, 0, 0, 0, NULL, NULL, NULL, NULL, NULL, NULL, NULL, NULL, NULL, NULL, NULL, NULL, NULL, '{}'),
(145, 6, 'insurgent2', 99, 0, -2421.72, 3297.09, 32.7593, 240.38, 70, 1000, 2, 70, 0, 1, 0.2, 0, 0, 0, NULL, NULL, NULL, NULL, NULL, NULL, NULL, NULL, NULL, NULL, NULL, NULL, NULL, '{}'),
(146, 6, 'insurgent2', 99, 0, -2423.39, 3294.31, 32.7535, 239.585, 70, 1000, 2, 70, 0, 1, 0.3, 0, 0, 0, NULL, NULL, NULL, NULL, NULL, NULL, NULL, NULL, NULL, NULL, NULL, NULL, NULL, '{}'),
(153, 6, 'barracks3', 99, 0, -2334.69, 3367.55, 32.4507, 149.884, 70, 1000, 2, 70, 0, 1, 183.1, 0, 0, 0, NULL, NULL, NULL, NULL, NULL, NULL, NULL, NULL, NULL, NULL, NULL, NULL, NULL, '{}'),
(154, 6, 'barracks3', 99, 0, -2340.01, 3370.48, 32.4483, 151.503, 70, 1000, 2, 70, 0, 1, 140, 0, 0, 0, NULL, NULL, NULL, NULL, NULL, NULL, NULL, NULL, NULL, NULL, NULL, NULL, NULL, '{}'),
(155, 6, 'barracks3', 99, 0, -2377.33, 3391.61, 32.4518, 150.793, 70, 1000, 2, 70, 0, 1, 102.5, 0, 0, 0, NULL, NULL, NULL, NULL, NULL, NULL, NULL, NULL, NULL, NULL, NULL, NULL, NULL, '{}'),
(156, 6, 'barracks3', 99, 0, -2343.83, 3372.65, 32.4506, 150.41, 70, 1000, 2, 70, 0, 1, 194.2, 0, 0, 0, NULL, NULL, NULL, NULL, NULL, NULL, NULL, NULL, NULL, NULL, NULL, NULL, NULL, '{}'),
(157, 6, 'barracks3', 99, 0, -2372.57, 3388.66, 32.4525, 149.465, 70, 1000, 2, 70, 0, 1, 109.9, 0, 0, 0, NULL, NULL, NULL, NULL, NULL, NULL, NULL, NULL, NULL, NULL, NULL, NULL, NULL, '{}'),
(158, 6, 'barracks3', 99, 0, -2349.96, 3375.98, 32.4525, 150.747, 70, 1000, 2, 70, 0, 1, 168.4, 0, 0, 0, NULL, NULL, NULL, NULL, NULL, NULL, NULL, NULL, NULL, NULL, NULL, NULL, NULL, '{}'),
(159, 6, 'barracks3', 99, 0, -2368.74, 3386.56, 32.4526, 150.59, 70, 1000, 2, 70, 0, 1, 178.2, 0, 0, 0, NULL, NULL, NULL, NULL, NULL, NULL, NULL, NULL, NULL, NULL, NULL, NULL, NULL, '{}'),
(160, 6, 'barracks3', 99, 0, -2353.71, 3378.39, 32.4524, 150.621, 70, 1000, 2, 70, 0, 1, 44.5, 0, 0, 0, NULL, NULL, NULL, NULL, NULL, NULL, NULL, NULL, NULL, NULL, NULL, NULL, NULL, '{}'),
(161, 6, 'barracks3', 99, 0, -2363.1, 3383.55, 32.4532, 149.941, 70, 1000, 2, 70, 0, 1, 193.1, 0, 0, 0, NULL, NULL, NULL, NULL, NULL, NULL, NULL, NULL, NULL, NULL, NULL, NULL, NULL, '{}'),
(162, 6, 'barracks3', 99, 0, -2359.31, 3381.37, 32.4547, 150.196, 70, 1000, 2, 70, 0, 1, 172.8, 0, 0, 0, NULL, NULL, NULL, NULL, NULL, NULL, NULL, NULL, NULL, NULL, NULL, NULL, NULL, '{}'),
(181, 5, 'frogger', 150, 0, 299.458, -1453.32, 46.2247, 321.64, 70, 1000, 2, 70, 0, 1, 7, 0, 0, 0, NULL, NULL, NULL, NULL, NULL, NULL, NULL, NULL, NULL, NULL, NULL, NULL, NULL, '{}'),
(182, 5, 'frogger', 150, 0, 313.303, -1465.24, 46.2252, 319.444, 70, 1000, 2, 70, 0, 1, 29.6, 0, 0, 0, NULL, NULL, NULL, NULL, NULL, NULL, NULL, NULL, NULL, NULL, NULL, NULL, NULL, '{}'),
(185, 6, 'savage', 99, 0, -1926.09, 3023.22, 33.309, 329.392, 70, 1000, 2, 70, 0, 1, 67.6, 0, 0, 0, NULL, NULL, NULL, NULL, NULL, NULL, NULL, NULL, NULL, NULL, NULL, NULL, NULL, '{}'),
(196, 7, 'dinghy4', 0, 0, 3093.5, -4802.12, 0.362673, 194.798, 70, 1000, 2, 70, 0, 1, 33.9, 0, 0, 0, NULL, NULL, NULL, NULL, NULL, NULL, NULL, NULL, NULL, NULL, NULL, NULL, NULL, '{}'),
(198, 7, 'dinghy4', 0, 0, 3083.63, -4804.65, 0.252388, 198.057, 70, 1000, 2, 70, 0, 1, 45.2, 0, 0, 0, NULL, NULL, NULL, NULL, NULL, NULL, NULL, NULL, NULL, NULL, NULL, NULL, NULL, '{}'),
(201, 19, 'daemon', 0, 0, 967.314, -117.755, 73.82, 190.782, 70, 1000, 2, 70, 0, 1, 54.2, 0, 0, 0, NULL, NULL, NULL, NULL, NULL, NULL, NULL, NULL, NULL, NULL, NULL, NULL, NULL, '{}'),
(202, 19, 'daemon', 0, 0, 965.738, -119.249, 73.8166, 190.298, 70, 1000, 2, 70, 0, 1, 35.5, 0, 0, 0, NULL, NULL, NULL, NULL, NULL, NULL, NULL, NULL, NULL, NULL, NULL, NULL, NULL, '{}'),
(203, 19, 'daemon', 0, 0, 964.062, -120.634, 73.8177, 198.459, 70, 1000, 2, 70, 0, 1, 210, 0, 0, 0, NULL, NULL, NULL, NULL, NULL, NULL, NULL, NULL, NULL, NULL, NULL, NULL, NULL, '{}'),
(210, 19, 'daemon', 0, 0, 969.495, -115.777, 73.8211, 194.759, 70, 1000, 2, 70, 0, 1, 44.9, 0, 0, 0, NULL, NULL, NULL, NULL, NULL, NULL, NULL, NULL, NULL, NULL, NULL, NULL, NULL, '{}'),
(212, 19, 'daemon', 0, 0, 971.179, -114.272, 73.8193, 196.041, 70, 1000, 2, 70, 0, 1, 0.3, 0, 0, 0, NULL, NULL, NULL, NULL, NULL, NULL, NULL, NULL, NULL, NULL, NULL, NULL, NULL, '{}'),
(214, 19, 'daemon', 0, 0, 972.714, -112.952, 73.82, 199.341, 70, 1000, 2, 70, 0, 1, 72.1, 0, 0, 0, NULL, NULL, NULL, NULL, NULL, NULL, NULL, NULL, NULL, NULL, NULL, NULL, NULL, '{}'),
(218, 19, 'gburrito', 0, 0, 980.721, -128.524, 73.5363, 61.0685, 70, 1000, 2, 70, 0, 1, 3.7, 0, 0, 0, NULL, NULL, NULL, NULL, NULL, NULL, NULL, NULL, NULL, NULL, NULL, NULL, NULL, '{}'),
(219, 19, 'slamvan2', 0, 0, 954.561, -133.729, 74.0851, 238.318, 70, 1000, 2, 70, 0, 1, 89.7, 0, 0, 0, NULL, NULL, NULL, NULL, NULL, NULL, NULL, NULL, NULL, NULL, NULL, NULL, NULL, '{}'),
(220, 19, 'slamvan2', 0, 0, 968.029, -141.916, 74.0563, 58.2808, 70, 1000, 2, 70, 0, 1, 83.9, 0, 0, 0, NULL, NULL, NULL, NULL, NULL, NULL, NULL, NULL, NULL, NULL, NULL, NULL, NULL, '{}'),
(221, 19, 'vigero', 0, 0, 979.516, -142.262, 73.9014, 58.6623, 70, 1000, 2, 70, 0, 1, 194.4, 0, 0, 0, NULL, NULL, NULL, NULL, NULL, NULL, NULL, NULL, NULL, NULL, NULL, NULL, NULL, '{}'),
(227, 19, 'gburrito', 0, 0, 978.261, -133.092, 73.5027, 60.1964, 70, 1000, 2, 70, 0, 1, 84, 0, 0, 0, NULL, NULL, NULL, NULL, NULL, NULL, NULL, NULL, NULL, NULL, NULL, NULL, NULL, '{}'),
(321, 18, 'rancherxl', 0, 0, 1970.05, 3030.69, 46.691, 327.696, 70, 1000, 2, 70, 0, 1, 83, 0, 0, 0, NULL, NULL, NULL, NULL, NULL, NULL, NULL, NULL, NULL, NULL, NULL, NULL, NULL, '{}'),
(322, 18, 'rancherxl', 0, 0, 1973.12, 3028.85, 46.6912, 328.292, 70, 1000, 2, 70, 0, 1, 0, 0, 0, 0, NULL, NULL, NULL, NULL, NULL, NULL, NULL, NULL, NULL, NULL, NULL, NULL, NULL, '{}'),
(332, 18, 'gburrito2', 0, 0, 1995.66, 3031.75, 46.8455, 59.0594, 70, 1000, 2, 70, 0, 1, 0.1, 0, 0, 0, NULL, NULL, NULL, NULL, NULL, NULL, NULL, NULL, NULL, NULL, NULL, NULL, NULL, '{}'),
(333, 18, 'gburrito2', 0, 0, 1993.22, 3027.28, 46.8662, 58.3364, 70, 1000, 2, 70, 0, 1, 47.3, 0, 0, 0, NULL, NULL, NULL, NULL, NULL, NULL, NULL, NULL, NULL, NULL, NULL, NULL, NULL, '{}'),
(335, 6, 'contender', 99, 0, -2427.05, 3288.5, 33.0565, 241.548, 70, 1000, 2, 70, 0, 1, 276.4, 0, 0, 0, NULL, NULL, NULL, NULL, NULL, NULL, NULL, NULL, NULL, NULL, NULL, NULL, NULL, '{}'),
(336, 6, 'contender', 99, 0, -2425.32, 3291.47, 33.0567, 240.049, 70, 1000, 2, 70, 0, 1, 238.7, 0, 0, 0, NULL, NULL, NULL, NULL, NULL, NULL, NULL, NULL, NULL, NULL, NULL, NULL, NULL, '{}'),
(341, 5, 'lguard', 0, 0, 403.434, -1422.61, 29.0736, 228.625, 70, 1000, 2, 70, 0, 1, 256.2, 0, 0, 0, NULL, NULL, NULL, NULL, NULL, NULL, NULL, NULL, NULL, NULL, NULL, NULL, NULL, '{}'),
(343, 5, 'lguard', 0, 0, 400.678, -1425.76, 29.0751, 230.733, 70, 1000, 2, 70, 0, 1, 134.4, 0, 0, 0, NULL, NULL, NULL, NULL, NULL, NULL, NULL, NULL, NULL, NULL, NULL, NULL, NULL, '{}'),
(344, 5, 'lguard', 0, 0, 398.079, -1428.67, 29.0757, 230.337, 70, 1000, 2, 70, 0, 1, 289.9, 0, 0, 0, NULL, NULL, NULL, NULL, NULL, NULL, NULL, NULL, NULL, NULL, NULL, NULL, NULL, '{}'),
(345, 5, 'ambulance', 100, 0, 412.551, -1434.07, 29.1638, 30.2629, 70, 1000, 2, 70, 0, 1, 9.5, 0, 0, 0, NULL, NULL, NULL, NULL, NULL, NULL, NULL, NULL, NULL, NULL, NULL, NULL, NULL, '{}'),
(346, 5, 'ambulance', 0, 0, 408.691, -1436.13, 29.1648, 30.4712, 70, 1000, 2, 70, 0, 1, 54.2, 0, 0, 0, NULL, NULL, NULL, NULL, NULL, NULL, NULL, NULL, NULL, NULL, NULL, NULL, NULL, '{}'),
(347, 5, 'ambulance', 0, 0, 404.941, -1438.23, 29.1639, 29.0643, 70, 1000, 2, 70, 0, 1, 16.5, 0, 0, 0, NULL, NULL, NULL, NULL, NULL, NULL, NULL, NULL, NULL, NULL, NULL, NULL, NULL, '{}'),
(348, 5, 'ambulance', 0, 0, 401.37, -1440.37, 29.1587, 29.1906, 70, 1000, 2, 70, 0, 1, 36.5, 0, 0, 0, NULL, NULL, NULL, NULL, NULL, NULL, NULL, NULL, NULL, NULL, NULL, NULL, NULL, '{}'),
(349, 5, 'ambulance', 0, 0, 331.706, -1468.47, 29.4614, 229.936, 70, 1000, 2, 70, 0, 1, 10.4, 0, 0, 0, NULL, NULL, NULL, NULL, NULL, NULL, NULL, NULL, NULL, NULL, NULL, NULL, NULL, '{}'),
(350, 5, 'ambulance', 0, 0, 325.7, -1475.45, 29.5764, 230.081, 70, 1000, 2, 70, 0, 1, 0.2, 0, 0, 0, NULL, NULL, NULL, NULL, NULL, NULL, NULL, NULL, NULL, NULL, NULL, NULL, NULL, '{}'),
(352, 10, 'emperor', 145, 145, 114.583, -1951.12, 20.2113, 33.0524, 70, 1000, 2, 70, 0, 1, 106.8, 0, 0, 0, NULL, NULL, NULL, NULL, NULL, NULL, NULL, NULL, NULL, NULL, NULL, NULL, NULL, '{\"rank\":1}'),
(353, 10, 'emperor', 145, 145, 117.814, -1947.34, 20.1966, 56.7309, 70, 1000, 2, 70, 0, 1, 28.3, 0, 0, 0, NULL, NULL, NULL, NULL, NULL, NULL, NULL, NULL, NULL, NULL, NULL, NULL, NULL, '{\"rank\":1}'),
(354, 10, 'chino2', 145, 145, 96.6629, -1948.23, 19.9879, 42.0758, 70, 1000, 2, 70, 0, 1, 95.1, 0, 0, 0, NULL, NULL, NULL, NULL, NULL, NULL, NULL, NULL, NULL, NULL, NULL, NULL, NULL, '{\"rank\":3}'),
(355, 10, 'chino2', 145, 145, 92.2192, -1940.79, 20.0002, 22.2616, 70, 1000, 2, 70, 0, 1, 94.9, 0, 0, 0, NULL, NULL, NULL, NULL, NULL, NULL, NULL, NULL, NULL, NULL, NULL, NULL, NULL, '{\"rank\":3}'),
(356, 10, 'picador', 145, 145, 107.5, -1928.73, 20.2843, 72.2449, 70, 1000, 2, 70, 0, 1, 4.3, 0, 0, 0, NULL, NULL, NULL, NULL, NULL, NULL, NULL, NULL, NULL, NULL, NULL, NULL, NULL, '{\"rank\":4}'),
(357, 10, 'picador', 145, 145, 113.781, -1932.8, 20.279, 39.5613, 70, 1000, 2, 70, 0, 1, 91.1, 0, 0, 0, NULL, NULL, NULL, NULL, NULL, NULL, NULL, NULL, NULL, NULL, NULL, NULL, NULL, '{\"rank\":4}'),
(358, 10, 'primo', 145, 145, 129.651, -1941.24, 20.1221, 115.972, 70, 1000, 2, 70, 0, 1, 88.9, 0, 0, 0, NULL, NULL, NULL, NULL, NULL, NULL, NULL, NULL, NULL, NULL, NULL, NULL, NULL, '{\"rank\":6}'),
(359, 10, 'primo', 145, 145, 128.292, -1938.25, 20.1716, 115.18, 70, 1000, 2, 70, 0, 1, 64.3, 0, 0, 0, NULL, NULL, NULL, NULL, NULL, NULL, NULL, NULL, NULL, NULL, NULL, NULL, NULL, '{\"rank\":6}'),
(373, 12, 'glendale', 88, 88, 318.72, -2019.78, 20.4292, 141.023, 70, 1000, 2, 70, 0, 1, 245.6, 0, 0, 0, NULL, NULL, NULL, NULL, NULL, NULL, NULL, NULL, NULL, NULL, NULL, NULL, NULL, '{\"rank\":3}'),
(374, 12, 'peyote', 88, 88, 306.59, -2022.79, 19.6525, 321.378, 70, 1000, 2, 70, 0, 1, 42, 0, 0, 0, NULL, NULL, NULL, NULL, NULL, NULL, NULL, NULL, NULL, NULL, NULL, NULL, NULL, '{}'),
(375, 12, 'glendale', 88, 88, 308.679, -2025.16, 20.1029, 320.233, 70, 1000, 2, 70, 0, 1, 218.3, 0, 0, 0, NULL, NULL, NULL, NULL, NULL, NULL, NULL, NULL, NULL, NULL, NULL, NULL, NULL, '{\"rank\":3}'),
(376, 12, 'virgo2', 88, 88, 311.056, -2026.95, 19.9371, 321.107, 70, 1000, 2, 70, 0, 1, 47.8, 0, 0, 0, NULL, NULL, NULL, NULL, NULL, NULL, NULL, NULL, NULL, NULL, NULL, NULL, NULL, '{}'),
(377, 12, 'peyote', 88, 88, 321.054, -2021.9, 20.1265, 141.736, 70, 1000, 2, 70, 0, 1, 78, 0, 0, 0, NULL, NULL, NULL, NULL, NULL, NULL, NULL, NULL, NULL, NULL, NULL, NULL, NULL, '{\"rank\":1}'),
(378, 12, 'warrener', 88, 88, 313.404, -2028.79, 19.733, 320.332, 70, 1000, 2, 70, 0, 1, 101.5, 0, 0, 0, NULL, NULL, NULL, NULL, NULL, NULL, NULL, NULL, NULL, NULL, NULL, NULL, NULL, '{\"rank\":5}'),
(379, 12, 'warrener', 88, 88, 323.58, -2023.79, 20.1052, 141.261, 70, 1000, 2, 70, 0, 1, 227.8, 0, 0, 0, NULL, NULL, NULL, NULL, NULL, NULL, NULL, NULL, NULL, NULL, NULL, NULL, NULL, '{\"rank\":5}'),
(380, 12, 'virgo2', 88, 88, 315.682, -2030.72, 20.0115, 320.138, 70, 1000, 2, 70, 0, 1, 105.9, 0, 0, 0, NULL, NULL, NULL, NULL, NULL, NULL, NULL, NULL, NULL, NULL, NULL, NULL, NULL, '{}'),
(384, 9, 'burrito3', 53, 0, -108.643, -1592.39, 31.6649, 229.234, 70, 1000, 2, 70, 0, 1, 37.9, 0, 0, 0, NULL, NULL, NULL, NULL, NULL, NULL, NULL, NULL, NULL, NULL, NULL, NULL, NULL, '{\"rank\":9}'),
(385, 10, 'burrito3', 145, 145, 90.6423, -1965.77, 20.5635, 320.756, 70, 1000, 2, 70, 0, 1, 0.6, 0, 0, 0, NULL, NULL, NULL, NULL, NULL, NULL, NULL, NULL, NULL, NULL, NULL, NULL, NULL, '{\"rank\":7}'),
(386, 4, 'xls2', 0, 0, 133.433, -741.181, 33.0455, 340.683, 70, 1000, 2, 70, 0, 1, 55.7, 0, 0, 0, NULL, NULL, NULL, NULL, NULL, NULL, NULL, NULL, NULL, NULL, NULL, NULL, NULL, '{}'),
(387, 12, 'burrito3', 42, 0, 332.023, -2044.15, 20.6572, 320.817, 70, 1000, 2, 70, 0, 1, 0.1, 0, 0, 0, NULL, NULL, NULL, NULL, NULL, NULL, NULL, NULL, NULL, NULL, NULL, NULL, NULL, '{\"rank\":9}'),
(388, 4, 'xls2', 0, 0, 137.284, -742.533, 33.0449, 339.583, 70, 1000, 2, 70, 0, 1, 22.8, 0, 0, 0, NULL, NULL, NULL, NULL, NULL, NULL, NULL, NULL, NULL, NULL, NULL, NULL, NULL, '{}'),
(389, 4, 'xls2', 0, 0, 140.929, -743.876, 33.0448, 339.995, 70, 1000, 2, 70, 0, 1, 83, 0, 0, 0, NULL, NULL, NULL, NULL, NULL, NULL, NULL, NULL, NULL, NULL, NULL, NULL, NULL, '{}'),
(390, 4, 'baller2', 0, 0, 144.431, -698.879, 33.0378, 248.812, 70, 1000, 2, 70, 0, 1, 51.2, 0, 0, 0, NULL, NULL, NULL, NULL, NULL, NULL, NULL, NULL, NULL, NULL, NULL, NULL, NULL, '{}'),
(391, 4, 'baller2', 0, 0, 145.698, -695.333, 33.0373, 250.758, 70, 1000, 2, 70, 0, 1, 24.5, 0, 0, 0, NULL, NULL, NULL, NULL, NULL, NULL, NULL, NULL, NULL, NULL, NULL, NULL, NULL, '{}'),
(405, 14, 'burrito3', 12, 12, -1527.11, 878.859, 181.555, 275.536, 70, 1000, 2, 70, 0, 1, 0, 0, 0, 0, NULL, NULL, NULL, NULL, NULL, NULL, NULL, NULL, NULL, NULL, NULL, NULL, NULL, '{}'),
(414, 15, 'burrito3', 12, 12, 1446.99, 1129.25, 114.15, 91.2114, 70, 1000, 2, 70, 0, 1, 0, 0, 0, 0, NULL, NULL, NULL, NULL, NULL, NULL, NULL, NULL, NULL, NULL, NULL, NULL, NULL, '{}'),
(426, 16, 'burrito3', 12, 12, -1029.92, -1461.41, 4.87199, 296.791, 70, 1000, 2, 70, 0, 1, 2.7, 0, 0, 0, NULL, NULL, NULL, NULL, NULL, NULL, NULL, NULL, NULL, NULL, NULL, NULL, NULL, '{}'),
(429, 17, 'burrito3', 12, 12, 2443.56, 5012.11, 46.2868, 289.413, 70, 1000, 2, 70, 0, 1, 0.6, 0, 0, 0, NULL, NULL, NULL, NULL, NULL, NULL, NULL, NULL, NULL, NULL, NULL, NULL, NULL, '{}'),
(436, 17, 'rancherxl', 12, 12, 2429.11, 4989.69, 45.8295, 224.459, 70, 1000, 2, 70, 0, 1, 16.2, 0, 0, 0, NULL, NULL, NULL, NULL, NULL, NULL, NULL, NULL, NULL, NULL, NULL, NULL, NULL, '{}'),
(437, 17, 'rancherxl', 12, 12, 2432.77, 4993.3, 45.8295, 224.836, 70, 1000, 2, 70, 0, 1, 56.2, 0, 0, 0, NULL, NULL, NULL, NULL, NULL, NULL, NULL, NULL, NULL, NULL, NULL, NULL, NULL, '{}'),
(444, -1, 'taxi', 42, 79, 913.646, -159.737, 74.3845, 196.696, 70, 1000, 2, 70, 0, 1, 146.6, 0, 0, 0, NULL, NULL, NULL, NULL, NULL, NULL, NULL, NULL, NULL, NULL, NULL, NULL, NULL, '{}'),
(445, -1, 'taxi', 42, 79, 920.537, -163.541, 74.4243, 97.952, 70, 1000, 2, 70, 0, 1, 73.5, 0, 0, 0, NULL, NULL, NULL, NULL, NULL, NULL, NULL, NULL, NULL, NULL, NULL, NULL, NULL, '{}'),
(446, -1, 'taxi', 42, 79, 918.416, -167.122, 74.2265, 101.702, 70, 1000, 2, 70, 0, 1, 120, 0, 0, 0, NULL, NULL, NULL, NULL, NULL, NULL, NULL, NULL, NULL, NULL, NULL, NULL, NULL, '{}'),
(447, -1, 'taxi', 42, 79, 916.58, -170.589, 74.0571, 102.271, 70, 1000, 2, 70, 0, 1, 171.6, 0, 0, 0, NULL, NULL, NULL, NULL, NULL, NULL, NULL, NULL, NULL, NULL, NULL, NULL, NULL, '{}'),
(448, -1, 'taxi', 42, 79, 911.476, -163.45, 73.9753, 195.244, 70, 1000, 2, 70, 0, 1, 94, 0, 0, 0, NULL, NULL, NULL, NULL, NULL, NULL, NULL, NULL, NULL, NULL, NULL, NULL, NULL, '{}'),
(449, -1, 'taxi', 42, 79, 899.285, -180.537, 73.4386, 238.64, 70, 1000, 2, 70, 0, 1, 177.4, 0, 0, 0, NULL, NULL, NULL, NULL, NULL, NULL, NULL, NULL, NULL, NULL, NULL, NULL, NULL, '{}'),
(450, -1, 'taxi', 42, 79, 903.407, -191.724, 73.4062, 58.996, 70, 1000, 2, 70, 0, 1, 57.6, 0, 0, 0, NULL, NULL, NULL, NULL, NULL, NULL, NULL, NULL, NULL, NULL, NULL, NULL, NULL, '{}'),
(451, -1, 'taxi', 42, 79, 905.088, -189.084, 73.442, 58.5508, 70, 1000, 2, 70, 0, 1, 103.7, 0, 0, 0, NULL, NULL, NULL, NULL, NULL, NULL, NULL, NULL, NULL, NULL, NULL, NULL, NULL, '{}'),
(452, -1, 'taxi', 42, 79, 906.83, -186.184, 73.6338, 58.6096, 70, 1000, 2, 70, 0, 1, 89, 0, 0, 0, NULL, NULL, NULL, NULL, NULL, NULL, NULL, NULL, NULL, NULL, NULL, NULL, NULL, '{}'),
(453, -1, 'taxi', 42, 79, 908.749, -183.271, 73.7687, 58.4281, 70, 1000, 2, 70, 0, 1, 139.9, 0, 0, 0, NULL, NULL, NULL, NULL, NULL, NULL, NULL, NULL, NULL, NULL, NULL, NULL, NULL, '{}'),
(454, -1, 'taxi', 42, 79, 897.373, -183.587, 73.3724, 237.871, 70, 1000, 2, 70, 0, 1, 108.4, 0, 0, 0, NULL, NULL, NULL, NULL, NULL, NULL, NULL, NULL, NULL, NULL, NULL, NULL, NULL, '{}'),
(470, -4, 'rhapsody', 44, 44, 579.529, 135.174, 97.7431, 249.739, 70, 1000, 2, 70, 0, 1, 53.5, 0, 0, 0, NULL, NULL, NULL, NULL, NULL, NULL, NULL, NULL, NULL, NULL, NULL, NULL, NULL, '{}'),
(471, -4, 'rhapsody', 44, 44, 578.061, 131.165, 97.7311, 249.372, 70, 1000, 2, 70, 0, 1, 154.8, 0, 0, 0, NULL, NULL, NULL, NULL, NULL, NULL, NULL, NULL, NULL, NULL, NULL, NULL, NULL, '{}'),
(472, -4, 'rhapsody', 44, 44, 577.014, 126.791, 97.7321, 250.036, 20, 1000, 2, 70, 0, 1, 200.2, 0, 0, 0, NULL, NULL, NULL, NULL, NULL, NULL, NULL, NULL, NULL, NULL, NULL, NULL, NULL, '{}'),
(479, 9, 'primo', 53, 0, -145.73, -1562.8, 34.0813, 318.071, 70, 1000, 2, 70, 0, 1, 46.5, 0, 0, 0, NULL, NULL, NULL, NULL, NULL, NULL, NULL, NULL, NULL, NULL, NULL, NULL, NULL, '{\"rank\":6}'),
(486, 9, 'emperor', 53, 0, -113.701, -1600.89, 31.5784, 320.664, 70, 1000, 2, 70, 0, 1, 0, 0, 0, 0, NULL, NULL, NULL, NULL, NULL, NULL, NULL, NULL, NULL, NULL, NULL, NULL, NULL, '{\"rank\":1}'),
(487, 9, 'voodoo', 53, 0, -162.348, -1583.12, 34.1271, 320.377, 70, 1000, 2, 70, 0, 1, 24.6, 0, 0, 0, NULL, NULL, NULL, NULL, NULL, NULL, NULL, NULL, NULL, NULL, NULL, NULL, NULL, '{\"rank\":3}'),
(488, 9, 'voodoo', 53, 0, -167.928, -1589.86, 33.9393, 321.56, 70, 1000, 2, 70, 0, 1, 1.2, 0, 0, 0, NULL, NULL, NULL, NULL, NULL, NULL, NULL, NULL, NULL, NULL, NULL, NULL, NULL, '{\"rank\":3}'),
(489, 4, 'burrito3', 0, 0, 149.647, -684.309, 32.9461, 248.048, 70, 1000, 2, 70, 0, 1, 0, 0, 0, 0, NULL, NULL, NULL, NULL, NULL, NULL, NULL, NULL, NULL, NULL, NULL, NULL, NULL, '{}'),
(490, 4, 'burrito3', 0, 0, 148.386, -687.658, 32.9449, 249.379, 70, 1000, 2, 70, 0, 1, 6.8, 0, 0, 0, NULL, NULL, NULL, NULL, NULL, NULL, NULL, NULL, NULL, NULL, NULL, NULL, NULL, '{}'),
(491, -9, 'trash2', 0, 0, -636.624, -1656.19, 25.5349, 240.368, 70, 1000, 2, 70, 0, 1, 115.9, 0, 0, 0, NULL, NULL, NULL, NULL, NULL, NULL, NULL, NULL, NULL, NULL, NULL, NULL, NULL, '{}'),
(492, -9, 'trash2', 0, 0, -634.184, -1651.88, 25.5354, 240.192, 70, 1000, 2, 70, 0, 1, 87.9, 0, 0, 0, NULL, NULL, NULL, NULL, NULL, NULL, NULL, NULL, NULL, NULL, NULL, NULL, NULL, '{}'),
(493, -9, 'trash2', 0, 0, -623.628, -1653.15, 25.5367, 60.7322, 70, 1000, 2, 70, 0, 1, 120, 0, 0, 0, NULL, NULL, NULL, NULL, NULL, NULL, NULL, NULL, NULL, NULL, NULL, NULL, NULL, '{}'),
(494, -9, 'trash2', 0, 0, -621.322, -1649.09, 25.5358, 61.11, 70, 1000, 2, 70, 0, 1, 150.2, 0, 0, 0, NULL, NULL, NULL, NULL, NULL, NULL, NULL, NULL, NULL, NULL, NULL, NULL, NULL, '{}'),
(495, -9, 'trash2', 0, 0, -619.149, -1645.08, 25.5359, 60.6936, 70, 1000, 2, 70, 0, 1, 297.6, 0, 0, 0, NULL, NULL, NULL, NULL, NULL, NULL, NULL, NULL, NULL, NULL, NULL, NULL, NULL, '{}'),
(496, -9, 'trash2', 0, 0, -612.457, -1600.57, 26.4615, 85.0486, 70, 1000, 2, 70, 0, 1, 149.5, 0, 0, 0, NULL, NULL, NULL, NULL, NULL, NULL, NULL, NULL, NULL, NULL, NULL, NULL, NULL, '{}'),
(497, -9, 'trash2', 0, 0, -612.009, -1594.3, 26.4628, 85.0648, 70, 1000, 2, 70, 0, 1, 68.6, 0, 0, 0, NULL, NULL, NULL, NULL, NULL, NULL, NULL, NULL, NULL, NULL, NULL, NULL, NULL, '{}'),
(498, -10, 'boxville2', 111, 0, -309.409, -897.263, 30.9798, 347.88, 70, 1000, 2, 70, 0, 1, 46.7, 0, 0, 0, NULL, NULL, NULL, NULL, NULL, NULL, NULL, NULL, NULL, NULL, NULL, NULL, NULL, '{}'),
(499, -10, 'boxville2', 111, 0, -312.976, -896.499, 30.9759, 347.816, 70, 1000, 2, 70, 0, 1, 25.2, 0, 0, 0, NULL, NULL, NULL, NULL, NULL, NULL, NULL, NULL, NULL, NULL, NULL, NULL, NULL, '{}'),
(500, -10, 'boxville2', 111, 0, -316.649, -895.725, 30.9737, 347.598, 70, 1000, 2, 70, 0, 1, 18.8, 0, 0, 0, NULL, NULL, NULL, NULL, NULL, NULL, NULL, NULL, NULL, NULL, NULL, NULL, NULL, '{}'),
(501, -10, 'boxville2', 111, 0, -320.265, -894.917, 30.9728, 347.754, 70, 1000, 2, 70, 0, 1, 38.5, 0, 0, 0, NULL, NULL, NULL, NULL, NULL, NULL, NULL, NULL, NULL, NULL, NULL, NULL, NULL, '{}'),
(502, -10, 'boxville2', 111, 0, -323.9, -894.137, 30.9722, 347.523, 70, 1000, 2, 70, 0, 1, 21.8, 0, 0, 0, NULL, NULL, NULL, NULL, NULL, NULL, NULL, NULL, NULL, NULL, NULL, NULL, NULL, '{}'),
(503, -10, 'boxville2', 111, 0, -327.433, -893.41, 30.9706, 348.311, 70, 1000, 2, 70, 0, 1, 16, 0, 0, 0, NULL, NULL, NULL, NULL, NULL, NULL, NULL, NULL, NULL, NULL, NULL, NULL, NULL, '{}'),
(504, -10, 'boxville2', 111, 0, -331.099, -892.616, 30.9695, 348.173, 70, 1000, 2, 70, 0, 1, 9.2, 0, 0, 0, NULL, NULL, NULL, NULL, NULL, NULL, NULL, NULL, NULL, NULL, NULL, NULL, NULL, '{}'),
(505, -10, 'boxville2', 111, 0, -334.749, -891.859, 30.971, 348.726, 70, 1000, 2, 70, 0, 1, 3.5, 0, 0, 0, NULL, NULL, NULL, NULL, NULL, NULL, NULL, NULL, NULL, NULL, NULL, NULL, NULL, '{}'),
(506, -10, 'boxville2', 111, 0, -338.344, -891.108, 30.9694, 347.829, 70, 1000, 2, 70, 0, 1, 3, 0, 0, 0, NULL, NULL, NULL, NULL, NULL, NULL, NULL, NULL, NULL, NULL, NULL, NULL, NULL, '{}'),
(515, -5, 'phantom', 106, 0, -780.955, -2662.11, 13.8815, 59.766, 70, 1000, 2, 70, 0, 1, 24.8, 0, 0, 0, NULL, NULL, NULL, NULL, NULL, NULL, NULL, NULL, NULL, NULL, NULL, NULL, NULL, '{}'),
(516, -5, 'hauler', 88, 0, -809.963, -2714.59, 14.0452, 58.3182, 70, 1000, 2, 70, 0, 1, 0.2, 0, 0, 0, NULL, NULL, NULL, NULL, NULL, NULL, NULL, NULL, NULL, NULL, NULL, NULL, NULL, '{}'),
(517, -5, 'hauler', 65, 1, -807.059, -2709.31, 14.0445, 59.7958, 70, 1000, 2, 70, 0, 1, 12.3, 0, 0, 0, NULL, NULL, NULL, NULL, NULL, NULL, NULL, NULL, NULL, NULL, NULL, NULL, NULL, '{}'),
(518, -5, 'packer', 134, 0, -796.444, -2687.83, 13.8962, 60.6425, 70, 1000, 2, 70, 0, 1, 0, 0, 0, 0, NULL, NULL, NULL, NULL, NULL, NULL, NULL, NULL, NULL, NULL, NULL, NULL, NULL, '{}'),
(519, -5, 'phantom', 145, 0, -784.471, -2667, 13.8794, 60.4631, 70, 1000, 2, 70, 0, 1, 13.7, 0, 0, 0, NULL, NULL, NULL, NULL, NULL, NULL, NULL, NULL, NULL, NULL, NULL, NULL, NULL, '{}'),
(520, 3, 'sheriff', 111, 0, -483.19, 6025.15, 30.9441, 225.399, 70, 1000, 2, 70, 0, 1, 100, 0, 0, 0, NULL, NULL, NULL, NULL, NULL, NULL, NULL, NULL, NULL, NULL, NULL, NULL, NULL, '{}'),
(521, 3, 'sheriff', 111, 0, -479.662, 6028.72, 30.945, 225.356, 70, 1000, 2, 70, 0, 1, 60, 0, 0, 0, NULL, NULL, NULL, NULL, NULL, NULL, NULL, NULL, NULL, NULL, NULL, NULL, NULL, '{}'),
(522, 3, 'sheriff', 111, 0, -476.296, 6032, 30.9449, 224.14, 70, 1000, 2, 70, 0, 1, 40.4, 0, 0, 0, NULL, NULL, NULL, NULL, NULL, NULL, NULL, NULL, NULL, NULL, NULL, NULL, NULL, '{}'),
(523, 3, 'sheriff', 111, 0, -472.561, 6035.7, 30.9451, 224.861, 70, 1000, 2, 70, 0, 1, 28, 0, 0, 0, NULL, NULL, NULL, NULL, NULL, NULL, NULL, NULL, NULL, NULL, NULL, NULL, NULL, '{}'),
(524, 3, 'sheriff', 111, 0, -469.245, 6038.74, 30.9455, 226.057, 70, 1000, 2, 70, 0, 1, 32.8, 0, 0, 0, NULL, NULL, NULL, NULL, NULL, NULL, NULL, NULL, NULL, NULL, NULL, NULL, NULL, '{}'),
(525, 3, 'sheriff', 111, 111, -444.924, 6054.83, 30.9487, 205.611, 70, 1000, 2, 70, 0, 1, 43.6, 0, 0, 0, NULL, NULL, NULL, NULL, NULL, NULL, NULL, NULL, NULL, NULL, NULL, NULL, NULL, '{}'),
(528, 3, 'sheriff', 111, 0, -453.134, 6050.54, 30.946, 219.061, 70, 1000, 2, 70, 0, 1, 88.2, 0, 0, 0, NULL, NULL, NULL, NULL, NULL, NULL, NULL, NULL, NULL, NULL, NULL, NULL, NULL, '{}'),
(529, 3, 'sheriff', 111, 0, -449.162, 6052.9, 30.9488, 211.749, 70, 1000, 2, 70, 0, 1, 7, 0, 0, 0, NULL, NULL, NULL, NULL, NULL, NULL, NULL, NULL, NULL, NULL, NULL, NULL, NULL, '{}'),
(531, 8, 'rumpo', 111, 0, -1065.46, -229.1, 38.1577, 62.4703, 70, 1000, 2, 70, 0, 1, 81.2, 0, 0, 0, NULL, NULL, NULL, NULL, NULL, NULL, NULL, NULL, NULL, NULL, NULL, NULL, NULL, '{}'),
(532, 8, 'rumpo', 111, 0, -1061.68, -226.86, 38.1593, 63.1267, 70, 1000, 2, 70, 0, 1, 53.4, 0, 0, 0, NULL, NULL, NULL, NULL, NULL, NULL, NULL, NULL, NULL, NULL, NULL, NULL, NULL, '{}'),
(533, 8, 'rumpo', 111, 0, -1058.17, -224.78, 38.1323, 61.3882, 70, 1000, 2, 70, 0, 1, 50, 0, 0, 0, NULL, NULL, NULL, NULL, NULL, NULL, NULL, NULL, NULL, NULL, NULL, NULL, NULL, '{}'),
(534, 8, 'rumpo', 111, 0, -1054.01, -222.648, 38.0697, 61.1955, 70, 1000, 2, 70, 0, 1, 30.7, 0, 0, 0, NULL, NULL, NULL, NULL, NULL, NULL, NULL, NULL, NULL, NULL, NULL, NULL, NULL, '{}'),
(535, 8, 'rumpo', 111, 0, -1050, -220.543, 37.9656, 60.6937, 70, 1000, 2, 70, 0, 1, 1.8, 0, 0, 0, NULL, NULL, NULL, NULL, NULL, NULL, NULL, NULL, NULL, NULL, NULL, NULL, NULL, '{}'),
(537, 8, 'tailgater', 150, 0, -945.895, -182.336, 41.5182, 27.6099, 70, 1000, 2, 70, 0, 1, 97, 0, 0, 0, NULL, NULL, NULL, NULL, NULL, NULL, NULL, NULL, NULL, NULL, NULL, NULL, NULL, '{}'),
(538, 8, 'tailgater', 150, 0, -942.607, -180.652, 41.5176, 23.006, 70, 1000, 2, 70, 0, 1, 62.7, 0, 0, 0, NULL, NULL, NULL, NULL, NULL, NULL, NULL, NULL, NULL, NULL, NULL, NULL, NULL, '{}'),
(539, 8, 'faggio', 150, 0, -939.325, -180.657, 41.3492, 18.9829, 70, 1000, 2, 70, 0, 1, 2.6, 0, 0, 0, NULL, NULL, NULL, NULL, NULL, NULL, NULL, NULL, NULL, NULL, NULL, NULL, NULL, '{}'),
(540, 8, 'faggio', 150, 0, -937.68, -179.913, 41.351, 18.6597, 70, 1000, 2, 70, 0, 1, 0, 0, 0, 0, NULL, NULL, NULL, NULL, NULL, NULL, NULL, NULL, NULL, NULL, NULL, NULL, NULL, '{}'),
(541, 8, 'faggio', 150, 0, -935.591, -178.646, 41.352, 25.6327, 70, 1000, 2, 70, 0, 1, 16.2, 0, 0, 0, NULL, NULL, NULL, NULL, NULL, NULL, NULL, NULL, NULL, NULL, NULL, NULL, NULL, '{}'),
(542, 8, 'faggio', 150, 0, -934.053, -177.715, 41.3509, 18.9229, 70, 1000, 2, 70, 0, 1, 27.4, 0, 0, 0, NULL, NULL, NULL, NULL, NULL, NULL, NULL, NULL, NULL, NULL, NULL, NULL, NULL, '{}'),
(543, 8, 'buzzard2', 150, 0, -929.325, -162.732, 41.7802, 205.391, 70, 1000, 2, 70, 0, 1, 14.3, 0, 0, 0, NULL, NULL, NULL, NULL, NULL, NULL, NULL, NULL, NULL, NULL, NULL, NULL, NULL, '{}'),
(544, 8, 'buzzard2', 150, 0, -919.717, -157.597, 41.7791, 205.74, 70, 1000, 2, 70, 0, 1, 0, 0, 0, 0, NULL, NULL, NULL, NULL, NULL, NULL, NULL, NULL, NULL, NULL, NULL, NULL, NULL, '{}'),
(547, 2, 'police3', 111, 111, 408.856, -980.732, 29.023, 50.9144, 70, 1000, 2, 70, 0, 1, 271.5, 0, 0, 0, NULL, NULL, NULL, NULL, NULL, NULL, NULL, NULL, NULL, NULL, NULL, NULL, NULL, '{\"rank\":2}'),
(548, 2, 'police3', 111, 111, 408.779, -985.189, 29.0215, 50.2867, 70, 1000, 2, 70, 0, 1, 110.6, 0, 0, 0, NULL, NULL, NULL, NULL, NULL, NULL, NULL, NULL, NULL, NULL, NULL, NULL, NULL, '{\"rank\":2}'),
(549, 2, 'police3', 111, 111, 408.667, -989.5, 29.0215, 50.9222, 70, 1000, 2, 70, 0, 1, 198, 0, 0, 0, NULL, NULL, NULL, NULL, NULL, NULL, NULL, NULL, NULL, NULL, NULL, NULL, NULL, '{\"rank\":2}'),
(552, 2, 'police3', 111, 111, 408.738, -994.033, 29.0217, 51.2927, 70, 1000, 2, 70, 0, 1, 146.8, 0, 0, 0, NULL, NULL, NULL, NULL, NULL, NULL, NULL, NULL, NULL, NULL, NULL, NULL, NULL, '{\"rank\":2}'),
(555, 2, 'police3', 111, 0, 407.905, -997.873, 29.0212, 48.8376, 70, 1000, 2, 70, 0, 1, 189, 0, 0, 0, NULL, NULL, NULL, NULL, NULL, NULL, NULL, NULL, NULL, NULL, NULL, NULL, NULL, '{\"rank\":2}'),
(565, 1, 'luxor2', 111, 0, -989.365, -2990.58, 14.548, 58.3355, 70, 1000, 2, 70, 0, 1, 0, 0, 0, 0, NULL, NULL, NULL, NULL, NULL, NULL, NULL, NULL, NULL, NULL, NULL, NULL, NULL, '{}'),
(567, 1, 'fbi2', 0, 0, -483.375, -205.613, 36.4112, 209.74, 70, 1000, 2, 70, 0, 1, 134.6, 0, 0, 0, NULL, NULL, NULL, NULL, NULL, NULL, NULL, NULL, NULL, NULL, NULL, NULL, NULL, '{}'),
(568, 1, 'fbi2', 0, 0, -475.542, -219.356, 36.0031, 209.982, 70, 1000, 2, 70, 0, 1, 42.2, 0, 0, 0, NULL, NULL, NULL, NULL, NULL, NULL, NULL, NULL, NULL, NULL, NULL, NULL, NULL, '{}'),
(569, 12, 'bmx', 22, 0, 325.452, -2037.76, 20.1361, 325.854, 70, 1000, 2, 70, 0, 1, 11.4, 0, 0, 0, NULL, NULL, NULL, NULL, NULL, NULL, NULL, NULL, NULL, NULL, NULL, NULL, NULL, '{\"rank\":1}'),
(570, 12, 'bmx', 0, 0, 323.367, -2035.75, 20.0969, 323.488, 70, 1000, 2, 70, 0, 1, 19.3, 0, 0, 0, NULL, NULL, NULL, NULL, NULL, NULL, NULL, NULL, NULL, NULL, NULL, NULL, NULL, '{\"rank\":1}'),
(571, 7, 'barracks3', 78, 0, 2446.86, -425.056, 92.6085, 313.064, 70, 1000, 2, 70, 0, 1, 89.1, 0, 0, 0, NULL, NULL, NULL, NULL, NULL, NULL, NULL, NULL, NULL, NULL, NULL, NULL, NULL, '{}'),
(574, 10, 'bmx', 145, 145, 98.8572, -1926.45, 20.0028, 69.0539, 70, 1000, 2, 70, 0, 1, 8.9, 0, 0, 0, NULL, NULL, NULL, NULL, NULL, NULL, NULL, NULL, NULL, NULL, NULL, NULL, NULL, '{\"rank\":1}'),
(579, 10, 'bmx', 145, 145, 102.706, -1927.33, 19.9815, 75.4748, 70, 1000, 2, 70, 0, 1, 14.4, 0, 0, 0, NULL, NULL, NULL, NULL, NULL, NULL, NULL, NULL, NULL, NULL, NULL, NULL, NULL, '{\"rank\":1}'),
(581, 7, 'mesa', 78, 0, 2538.37, -372.152, 92.4995, 347.451, 70, 1000, 2, 70, 0, 1, 57.4, 0, 0, 0, NULL, NULL, NULL, NULL, NULL, NULL, NULL, NULL, NULL, NULL, NULL, NULL, NULL, '{}'),
(583, 7, 'mesa', 78, 0, 2541.77, -372.73, 92.4992, 349.928, 70, 1000, 2, 70, 0, 1, 19.5, 0, 0, 0, NULL, NULL, NULL, NULL, NULL, NULL, NULL, NULL, NULL, NULL, NULL, NULL, NULL, '{}'),
(585, 7, 'mesa', 78, 0, 2545.79, -372.462, 92.499, 351.255, 70, 1000, 2, 70, 0, 1, 4.1, 0, 0, 0, NULL, NULL, NULL, NULL, NULL, NULL, NULL, NULL, NULL, NULL, NULL, NULL, NULL, '{}'),
(589, 7, 'freecrawler', 78, 78, 2551.53, -361.021, 92.5531, 197.666, 70, 1000, 2, 70, 0, 1, 8.5, 0, 0, 0, NULL, NULL, NULL, NULL, NULL, NULL, NULL, NULL, NULL, NULL, NULL, NULL, NULL, '{}'),
(591, 7, 'freecrawler', 78, 78, 2555.49, -361.102, 92.5527, 199.416, 70, 1000, 2, 70, 0, 1, 11.5, 0, 0, 0, NULL, NULL, NULL, NULL, NULL, NULL, NULL, NULL, NULL, NULL, NULL, NULL, NULL, '{}'),
(592, 7, 'mesa', 78, 0, 2552.79, -373.028, 92.5152, 352.316, 70, 1000, 2, 70, 0, 1, 7.5, 0, 0, 0, NULL, NULL, NULL, NULL, NULL, NULL, NULL, NULL, NULL, NULL, NULL, NULL, NULL, '{}'),
(597, 7, 'mesa', 78, 0, 2556.41, -372.888, 92.5, 355.037, 70, 1000, 2, 70, 0, 1, 52, 0, 0, 0, NULL, NULL, NULL, NULL, NULL, NULL, NULL, NULL, NULL, NULL, NULL, NULL, NULL, '{}'),
(603, 7, 'police4', 78, 0, 2536.95, -390.208, 92.5985, 10.2555, 70, 1000, 2, 70, 0, 1, 103.6, 0, 0, 0, NULL, NULL, NULL, NULL, NULL, NULL, NULL, NULL, NULL, NULL, NULL, NULL, NULL, '{}'),
(607, 7, 'barracks3', 78, 0, 2501.09, -333.105, 92.6022, 27.7019, 70, 1000, 2, 70, 0, 1, 80.9, 0, 0, 0, NULL, NULL, NULL, NULL, NULL, NULL, NULL, NULL, NULL, NULL, NULL, NULL, NULL, '{}'),
(608, 7, 'police4', 78, 78, 2540.84, -389.941, 92.5999, 5.81998, 70, 1000, 2, 70, 0, 1, 84.9, 0, 0, 0, NULL, NULL, NULL, NULL, NULL, NULL, NULL, NULL, NULL, NULL, NULL, NULL, NULL, '{}'),
(609, 7, 'police4', 78, 78, 2544.49, -389.524, 92.5998, 7.16827, 70, 1000, 2, 70, 0, 1, 89.7, 0, 0, 0, NULL, NULL, NULL, NULL, NULL, NULL, NULL, NULL, NULL, NULL, NULL, NULL, NULL, '{}'),
(611, 7, 'savage', 78, 0, 3117.96, -4787.99, 15.7603, 99.36, 70, 1000, 2, 70, 0, 1, 51.4, 0, 0, 0, NULL, NULL, NULL, NULL, NULL, NULL, NULL, NULL, NULL, NULL, NULL, NULL, NULL, '{}'),
(612, 7, 'besra', 78, 0, 3112.07, -4766.09, 16.0285, 88.8654, 70, 1000, 2, 70, 0, 1, 6.2, 0, 0, 0, NULL, NULL, NULL, NULL, NULL, NULL, NULL, NULL, NULL, NULL, NULL, NULL, NULL, '{}'),
(614, 7, 'savage', 78, 0, 3065.02, -4816.63, 15.7603, 307.17, 70, 1000, 2, 70, 0, 1, 80.1, 0, 0, 0, NULL, NULL, NULL, NULL, NULL, NULL, NULL, NULL, NULL, NULL, NULL, NULL, NULL, '{}'),
(615, 7, 'besra', 78, 0, 3108.83, -4755.75, 16.0287, 85.7698, 70, 1000, 2, 70, 0, 1, 34.4, 0, 0, 0, NULL, NULL, NULL, NULL, NULL, NULL, NULL, NULL, NULL, NULL, NULL, NULL, NULL, '{}'),
(616, 7, 'caddy3', 78, 0, 3081.46, -4823.58, 14.6482, 352.646, 70, 1000, 2, 70, 0, 1, 0.1, 0, 0, 0, NULL, NULL, NULL, NULL, NULL, NULL, NULL, NULL, NULL, NULL, NULL, NULL, NULL, '{}'),
(617, 7, 'caddy3', 78, 78, 3086.01, -4822.3, 14.648, 345.771, 70, 1000, 2, 70, 0, 1, 0.3, 0, 0, 0, NULL, NULL, NULL, NULL, NULL, NULL, NULL, NULL, NULL, NULL, NULL, NULL, NULL, '{}'),
(618, 7, 'cargobob3', 78, 0, 3048.03, -4762.1, 15.7211, 8.93719, 70, 1000, 2, 70, 0, 1, 113.7, 0, 0, 0, NULL, NULL, NULL, NULL, NULL, NULL, NULL, NULL, NULL, NULL, NULL, NULL, NULL, '{}'),
(619, 7, 'strikeforce', 78, 0, 3070.05, -4616.31, 16.1025, 101.112, 70, 1000, 2, 70, 0, 1, 10.4, 0, 0, 0, NULL, NULL, NULL, NULL, NULL, NULL, NULL, NULL, NULL, NULL, NULL, NULL, NULL, '{}'),
(620, 7, 'strikeforce', 78, 0, 3085.63, -4671.51, 16.1042, 90.0924, 70, 1000, 2, 70, 0, 1, 24.2, 0, 0, 0, NULL, NULL, NULL, NULL, NULL, NULL, NULL, NULL, NULL, NULL, NULL, NULL, NULL, '{}'),
(621, 7, 'savage', 78, 0, 3103.85, -4734.24, 15.7613, 97.0769, 70, 1000, 2, 70, 0, 1, 55.6, 0, 0, 0, NULL, NULL, NULL, NULL, NULL, NULL, NULL, NULL, NULL, NULL, NULL, NULL, NULL, '{}'),
(622, 7, 'caddy3', 78, 0, 3070.36, -4632.73, 14.649, 104.082, 70, 1000, 2, 70, 0, 1, 0.6, 0, 0, 0, NULL, NULL, NULL, NULL, NULL, NULL, NULL, NULL, NULL, NULL, NULL, NULL, NULL, '{}'),
(623, 7, 'forklift', 78, 0, 3093.03, -4712.63, 14.7166, 124.461, 70, 1000, 2, 70, 0, 1, 0.2, 0, 0, 0, NULL, NULL, NULL, NULL, NULL, NULL, NULL, NULL, NULL, NULL, NULL, NULL, NULL, '{}'),
(624, 7, 'caddy3', 78, 0, 3093.5, -4775.3, 5.46412, 14.0428, 70, 1000, 2, 70, 0, 1, 0.1, 0, 0, 0, NULL, NULL, NULL, NULL, NULL, NULL, NULL, NULL, NULL, NULL, NULL, NULL, NULL, '{}'),
(625, 7, 'caddy3', 78, 0, 3098.77, -4744.41, 14.6496, 102.938, 70, 1000, 2, 70, 0, 1, 0.8, 0, 0, 0, NULL, NULL, NULL, NULL, NULL, NULL, NULL, NULL, NULL, NULL, NULL, NULL, NULL, '{}'),
(628, 7, 'insurgent2', 78, 0, 2555.56, -378.926, 92.9213, 168.433, 70, 1000, 2, 70, 0, 1, 61.2, 0, 0, 0, NULL, NULL, NULL, NULL, NULL, NULL, NULL, NULL, NULL, NULL, NULL, NULL, NULL, '{}'),
(629, 7, 'insurgent2', 78, 0, 2551.77, -378.625, 92.9217, 167.801, 70, 1000, 2, 70, 0, 1, 32.2, 0, 0, 0, NULL, NULL, NULL, NULL, NULL, NULL, NULL, NULL, NULL, NULL, NULL, NULL, NULL, '{}'),
(630, 7, 'insurgent2', 78, 0, 2548.23, -378.138, 92.9217, 167.158, 70, 1000, 2, 70, 0, 1, 9.6, 0, 0, 0, NULL, NULL, NULL, NULL, NULL, NULL, NULL, NULL, NULL, NULL, NULL, NULL, NULL, '{}'),
(631, 7, 'mesa3', 78, 0, 2544.37, -378.498, 92.7625, 169.932, 70, 1000, 2, 70, 0, 1, 23.1, 0, 0, 0, NULL, NULL, NULL, NULL, NULL, NULL, NULL, NULL, NULL, NULL, NULL, NULL, NULL, '{}'),
(632, 7, 'mesa3', 78, 78, 2537.13, -378.067, 92.7624, 169.849, 70, 1000, 2, 70, 0, 1, 18.5, 0, 0, 0, NULL, NULL, NULL, NULL, NULL, NULL, NULL, NULL, NULL, NULL, NULL, NULL, NULL, '{}'),
(633, 7, 'mesa3', 78, 0, 2540.81, -378.382, 92.7621, 170.258, 70, 1000, 2, 70, 0, 1, 47, 0, 0, 0, NULL, NULL, NULL, NULL, NULL, NULL, NULL, NULL, NULL, NULL, NULL, NULL, NULL, '{}'),
(634, 7, 'mesa', 78, 0, 2549.2, -372.327, 92.4992, 348.211, 70, 1000, 2, 70, 0, 1, 24.6, 0, 0, 0, NULL, NULL, NULL, NULL, NULL, NULL, NULL, NULL, NULL, NULL, NULL, NULL, NULL, '{}'),
(635, 7, 'contender', 78, 0, 2548.3, -390.212, 93.22, 10.0715, 70, 1000, 2, 70, 0, 1, 126.1, 0, 0, 0, NULL, NULL, NULL, NULL, NULL, NULL, NULL, NULL, NULL, NULL, NULL, NULL, NULL, '{}'),
(636, 7, 'contender', 78, 0, 2551.85, -390.027, 93.2187, 9.59909, 70, 1000, 2, 70, 0, 1, 58.5, 0, 0, 0, NULL, NULL, NULL, NULL, NULL, NULL, NULL, NULL, NULL, NULL, NULL, NULL, NULL, '{}'),
(637, 7, 'contender', 78, 0, 2555.58, -389.932, 93.2192, 11.1228, 70, 1000, 2, 70, 0, 1, 118.3, 0, 0, 0, NULL, NULL, NULL, NULL, NULL, NULL, NULL, NULL, NULL, NULL, NULL, NULL, NULL, '{}'),
(638, 7, 'barracks3', 78, 0, 2444.47, -422.584, 92.6135, 314.812, 70, 1000, 2, 70, 0, 1, 62.2, 0, 0, 0, NULL, NULL, NULL, NULL, NULL, NULL, NULL, NULL, NULL, NULL, NULL, NULL, NULL, '{}'),
(639, 7, 'scarab', 78, 0, 2556.45, -408.386, 92.4648, 345.733, 70, 1000, 2, 70, 0, 1, 72.1, 0, 0, 0, NULL, NULL, NULL, NULL, NULL, NULL, NULL, NULL, NULL, NULL, NULL, NULL, NULL, '{}'),
(640, 7, 'scarab', 78, 0, 2552.64, -407.395, 92.4644, 343.364, 70, 1000, 2, 70, 0, 1, 64.1, 0, 0, 0, NULL, NULL, NULL, NULL, NULL, NULL, NULL, NULL, NULL, NULL, NULL, NULL, NULL, '{}'),
(650, 5, 'rumpo2', 111, 0, 417.087, -1423.52, 29.4326, 139.775, 70, 1000, 2, 70, 0, 1, 91.7, 0, 0, 0, NULL, NULL, NULL, NULL, NULL, NULL, NULL, NULL, NULL, NULL, NULL, NULL, NULL, '{}'),
(651, 5, 'rumpo2', 111, 0, 419.939, -1425.89, 29.3733, 139.785, 70, 1000, 2, 70, 0, 1, 20.6, 0, 0, 0, NULL, NULL, NULL, NULL, NULL, NULL, NULL, NULL, NULL, NULL, NULL, NULL, NULL, '{}'),
(665, -5, 'Hauler', 0, 0, -803.908, -2704.14, 14.0443, 60.3024, 70, 1000, 2, 70, 0, 1, 0, 0, 0, 0, NULL, NULL, NULL, NULL, NULL, NULL, NULL, NULL, NULL, NULL, NULL, NULL, NULL, '{}'),
(666, -5, 'Hauler', 55, 0, -800.822, -2699.06, 14.0447, 60.2291, 70, 1000, 2, 70, 0, 1, 1.4, 0, 0, 0, NULL, NULL, NULL, NULL, NULL, NULL, NULL, NULL, NULL, NULL, NULL, NULL, NULL, '{}'),
(668, -5, 'Phantom', 0, 0, -787.169, -2672.8, 13.88, 59.2564, 70, 1000, 2, 70, 0, 1, 6.5, 0, 0, 0, NULL, NULL, NULL, NULL, NULL, NULL, NULL, NULL, NULL, NULL, NULL, NULL, NULL, '{}'),
(669, -5, 'Phantom', 55, 0, -790.06, -2677.6, 13.8794, 59.3053, 70, 1000, 2, 70, 0, 1, 16.7, 0, 0, 0, NULL, NULL, NULL, NULL, NULL, NULL, NULL, NULL, NULL, NULL, NULL, NULL, NULL, '{}'),
(670, -5, 'Packer', 58, 0, -793.303, -2682.66, 13.8992, 61.1574, 70, 1000, 2, 70, 0, 1, 3, 0, 0, 0, NULL, NULL, NULL, NULL, NULL, NULL, NULL, NULL, NULL, NULL, NULL, NULL, NULL, '{}'),
(680, -3001, 'Bodhi2', 150, 0, 2010.35, 4985.7, 41.2468, 222.607, 70, 1000, 2, 70, 0, 1, 60.1, 0, 0, 0, NULL, NULL, NULL, NULL, NULL, NULL, NULL, NULL, NULL, NULL, NULL, NULL, NULL, '{}');
INSERT INTO `vehicles` (`id`, `owner`, `model`, `color1`, `color2`, `x`, `y`, `z`, `h`, `fuel`, `health`, `consumption`, `maxFuel`, `dimension`, `license`, `mileage`, `engineBroken`, `oilBroken`, `accumulatorBroken`, `enabledNeons`, `neonColor`, `hasXenon`, `wheel`, `backWheel`, `tiresCustomDesign`, `tiresCanBurst`, `tiresSmokeColor`, `turbo`, `wheelType`, `numberPlateType`, `wheelColor`, `windowTint`, `data`) VALUES
(681, -3001, 'rebel', 150, 0, 2016.9, 4978.76, 40.8399, 223.578, 70, 1000, 2, 70, 0, 1, 104.2, 0, 0, 0, NULL, NULL, NULL, NULL, NULL, NULL, NULL, NULL, NULL, NULL, NULL, NULL, NULL, '{}'),
(709, -8, 'forklift', 42, 0, -416.817, -2744.33, 5.45057, 270.194, 70, 1000, 2, 70, 0, 0, 164.4, 0, 0, 0, NULL, NULL, NULL, NULL, NULL, NULL, NULL, NULL, NULL, NULL, NULL, NULL, NULL, '{}'),
(710, -8, 'forklift', 42, 0, -416.827, -2746.87, 5.45133, 269.779, 70, 1000, 2, 70, 0, 0, 39.3, 0, 0, 0, NULL, NULL, NULL, NULL, NULL, NULL, NULL, NULL, NULL, NULL, NULL, NULL, NULL, '{}'),
(711, -8, 'forklift', 42, 0, -416.634, -2749.47, 5.45227, 269.969, 70, 1000, 2, 70, 0, 0, 40.8, 0, 0, 0, NULL, NULL, NULL, NULL, NULL, NULL, NULL, NULL, NULL, NULL, NULL, NULL, NULL, '{}'),
(712, -8, 'forklift', 42, 0, -416.696, -2752.04, 5.45071, 270.185, 70, 1000, 2, 70, 0, 0, 60.1, 0, 0, 0, NULL, NULL, NULL, NULL, NULL, NULL, NULL, NULL, NULL, NULL, NULL, NULL, NULL, '{}'),
(713, -8, 'forklift', 42, 0, -416.477, -2754.67, 5.45257, 270.625, 70, 1000, 2, 70, 0, 0, 27.1, 0, 0, 0, NULL, NULL, NULL, NULL, NULL, NULL, NULL, NULL, NULL, NULL, NULL, NULL, NULL, '{}'),
(714, -8, 'forklift', 29, 0, -415.993, -2706.67, 5.45181, 135.144, 70, 1000, 2, 70, 0, 0, 203.2, 0, 0, 0, NULL, NULL, NULL, NULL, NULL, NULL, NULL, NULL, NULL, NULL, NULL, NULL, NULL, '{}'),
(715, -8, 'forklift', 29, 0, -417.903, -2705.07, 5.45227, 135.695, 70, 1000, 2, 70, 0, 0, 150.6, 0, 0, 0, NULL, NULL, NULL, NULL, NULL, NULL, NULL, NULL, NULL, NULL, NULL, NULL, NULL, '{}'),
(716, -8, 'forklift', 29, 0, -425.124, -2697.74, 5.45235, 137.134, 70, 1000, 2, 70, 0, 0, 148.1, 0, 0, 0, NULL, NULL, NULL, NULL, NULL, NULL, NULL, NULL, NULL, NULL, NULL, NULL, NULL, '{}'),
(717, -8, 'forklift', 29, 0, -423.488, -2699.65, 5.45283, 137.333, 70, 1000, 2, 70, 0, 0, 140.7, 0, 0, 0, NULL, NULL, NULL, NULL, NULL, NULL, NULL, NULL, NULL, NULL, NULL, NULL, NULL, '{}'),
(718, -8, 'forklift', 29, 0, -419.624, -2703.2, 5.4513, 135.918, 70, 1000, 2, 70, 0, 0, 114.6, 0, 0, 0, NULL, NULL, NULL, NULL, NULL, NULL, NULL, NULL, NULL, NULL, NULL, NULL, NULL, '{}'),
(719, -8, 'forklift', 29, 0, -421.606, -2701.44, 5.45253, 135.948, 70, 1000, 2, 70, 0, 0, 112.2, 0, 0, 0, NULL, NULL, NULL, NULL, NULL, NULL, NULL, NULL, NULL, NULL, NULL, NULL, NULL, '{}'),
(731, -7, 'mixer2', 38, 0, -101.3, -974.148, 21.3217, 161.254, 70, 1000, 2, 70, 0, 1, 128.9, 0, 0, 0, NULL, NULL, NULL, NULL, NULL, NULL, NULL, NULL, NULL, NULL, NULL, NULL, NULL, '{}'),
(732, -7, 'mixer2', 38, 0, -96.9645, -975.602, 21.3222, 161.589, 70, 1000, 2, 70, 0, 1, 116.2, 0, 0, 0, NULL, NULL, NULL, NULL, NULL, NULL, NULL, NULL, NULL, NULL, NULL, NULL, NULL, '{}'),
(733, -7, 'mixer', 38, 0, -92.902, -977.651, 20.8956, 159.021, 70, 1000, 2, 70, 0, 1, 152.5, 0, 0, 0, NULL, NULL, NULL, NULL, NULL, NULL, NULL, NULL, NULL, NULL, NULL, NULL, NULL, '{}'),
(734, -7, 'mixer', 38, 0, -88.6883, -979.619, 20.8957, 157.956, 70, 1000, 2, 70, 0, 1, 61.3, 0, 0, 0, NULL, NULL, NULL, NULL, NULL, NULL, NULL, NULL, NULL, NULL, NULL, NULL, NULL, '{}'),
(735, -7, 'mixer2', 38, 0, -94.8555, -996.524, 21.3222, 340.768, 70, 1000, 2, 70, 0, 1, 85, 0, 0, 0, NULL, NULL, NULL, NULL, NULL, NULL, NULL, NULL, NULL, NULL, NULL, NULL, NULL, '{}'),
(736, -7, 'mixer2', 38, 0, -98.6044, -995.303, 21.3283, 340.903, 70, 1000, 2, 70, 0, 1, 122.5, 0, 0, 0, NULL, NULL, NULL, NULL, NULL, NULL, NULL, NULL, NULL, NULL, NULL, NULL, NULL, '{}'),
(737, -7, 'tiptruck2', 38, 0, -98.9592, -1047.53, 27.2894, 70.2964, 70, 1000, 2, 70, 0, 1, 156.3, 0, 0, 0, NULL, NULL, NULL, NULL, NULL, NULL, NULL, NULL, NULL, NULL, NULL, NULL, NULL, '{}'),
(738, -7, 'tiptruck2', 38, 0, -100.742, -1052.09, 27.2285, 68.9724, 70, 1000, 2, 70, 0, 1, 123.4, 0, 0, 0, NULL, NULL, NULL, NULL, NULL, NULL, NULL, NULL, NULL, NULL, NULL, NULL, NULL, '{}'),
(739, -7, 'tiptruck2', 38, 0, -102.729, -1009.37, 27.1675, 161.819, 70, 1000, 2, 70, 0, 1, 180.8, 0, 0, 0, NULL, NULL, NULL, NULL, NULL, NULL, NULL, NULL, NULL, NULL, NULL, NULL, NULL, '{}'),
(740, -7, 'tiptruck2', 38, 0, -93.1642, -1036.75, 27.887, 98.4617, 70, 1000, 2, 70, 0, 1, 206.5, 0, 0, 0, NULL, NULL, NULL, NULL, NULL, NULL, NULL, NULL, NULL, NULL, NULL, NULL, NULL, '{}'),
(741, 3, 'Insurgent2', 0, 0, -448.573, 5994.34, 31.2713, 86.7024, 70, 1000, 2, 70, 0, 1, 2.3, 0, 0, 0, NULL, NULL, NULL, NULL, NULL, NULL, NULL, NULL, NULL, NULL, NULL, NULL, NULL, '{}'),
(742, 3, 'Insurgent2', 0, 0, -452.115, 5998.26, 31.2704, 88.0328, 70, 1000, 2, 70, 0, 1, 39.9, 0, 0, 0, NULL, NULL, NULL, NULL, NULL, NULL, NULL, NULL, NULL, NULL, NULL, NULL, NULL, '{}'),
(748, 14, 'dubsta', 12, 12, -1549.08, 884.89, 180.854, 202.919, 70, 1000, 2, 70, 0, 1, 8.3, 0, 0, 0, NULL, NULL, NULL, NULL, NULL, NULL, NULL, NULL, NULL, NULL, NULL, NULL, NULL, '{}'),
(749, 14, 'superd', 12, 12, -1551.45, 880.981, 180.862, 201.292, 70, 1000, 2, 70, 0, 1, 42.1, 0, 0, 0, NULL, NULL, NULL, NULL, NULL, NULL, NULL, NULL, NULL, NULL, NULL, NULL, NULL, '{}'),
(750, 14, 'dubsta', 12, 12, -1545.88, 887.458, 180.903, 200.312, 70, 1000, 2, 70, 0, 1, 23.6, 0, 0, 0, NULL, NULL, NULL, NULL, NULL, NULL, NULL, NULL, NULL, NULL, NULL, NULL, NULL, '{}'),
(751, 14, 'oracle', 12, 12, -1542.92, 889.22, 181.288, 198.566, 70, 1000, 2, 70, 0, 1, 82.9, 0, 0, 0, NULL, NULL, NULL, NULL, NULL, NULL, NULL, NULL, NULL, NULL, NULL, NULL, NULL, '{}'),
(752, 14, 'oracle', 12, 12, -1539.21, 890.22, 181.482, 203.157, 70, 1000, 2, 70, 0, 1, 10.9, 0, 0, 0, NULL, NULL, NULL, NULL, NULL, NULL, NULL, NULL, NULL, NULL, NULL, NULL, NULL, '{}'),
(753, 14, 'oracle', 12, 12, -1535.35, 890.741, 181.607, 200.023, 70, 1000, 2, 70, 0, 1, 30.2, 0, 0, 0, NULL, NULL, NULL, NULL, NULL, NULL, NULL, NULL, NULL, NULL, NULL, NULL, NULL, '{}'),
(754, 14, 'cheburek', 12, 12, -1531.45, 891.41, 181.34, 200.277, 70, 1000, 2, 70, 0, 1, 215.9, 0, 0, 0, NULL, NULL, NULL, NULL, NULL, NULL, NULL, NULL, NULL, NULL, NULL, NULL, NULL, '{}'),
(755, 14, 'xls2', 12, 12, -1526.58, 855.438, 181.505, 291.745, 70, 1000, 2, 70, 0, 1, 20, 0, 0, 0, NULL, NULL, NULL, NULL, NULL, NULL, NULL, NULL, NULL, NULL, NULL, NULL, NULL, '{}'),
(767, 15, 'baller2', 12, 12, 1415.14, 1117.45, 114.749, 88.4325, 70, 1000, 2, 70, 0, 1, 30.2, 0, 0, 0, NULL, NULL, NULL, NULL, NULL, NULL, NULL, NULL, NULL, NULL, NULL, NULL, NULL, '{}'),
(768, 15, 'baller2', 12, 12, 1415.01, 1121.23, 114.748, 88.5863, 70, 1000, 2, 70, 0, 1, 6.7, 0, 0, 0, NULL, NULL, NULL, NULL, NULL, NULL, NULL, NULL, NULL, NULL, NULL, NULL, NULL, '{}'),
(769, 15, 'windsor2', 12, 12, 1406.01, 1121.95, 114.291, 88.3834, 70, 1000, 2, 70, 0, 1, 158.3, 0, 0, 0, NULL, NULL, NULL, NULL, NULL, NULL, NULL, NULL, NULL, NULL, NULL, NULL, NULL, '{}'),
(770, 15, 'schafter2', 12, 12, 1394.93, 1119.54, 114.431, 85.8528, 70, 1000, 2, 70, 0, 1, 0, 0, 0, 0, NULL, NULL, NULL, NULL, NULL, NULL, NULL, NULL, NULL, NULL, NULL, NULL, NULL, '{}'),
(771, 15, 'schafter2', 12, 12, 1387.66, 1119.56, 114.361, 84.9893, 70, 1000, 2, 70, 0, 1, 45.6, 0, 0, 0, NULL, NULL, NULL, NULL, NULL, NULL, NULL, NULL, NULL, NULL, NULL, NULL, NULL, '{}'),
(772, 15, 'schafter2', 12, 12, 1380.83, 1120.91, 114.133, 70.5997, 70, 1000, 2, 70, 0, 1, 126.2, 0, 0, 0, NULL, NULL, NULL, NULL, NULL, NULL, NULL, NULL, NULL, NULL, NULL, NULL, NULL, '{}'),
(773, 15, 'baller5', 12, 12, 1371.12, 1151.24, 113.676, 13.4797, 70, 1000, 2, 70, 0, 1, 25.1, 0, 0, 0, NULL, NULL, NULL, NULL, NULL, NULL, NULL, NULL, NULL, NULL, NULL, NULL, NULL, '{}'),
(774, 15, 'gt500', 12, 12, 1363.48, 1168.51, 112.922, 359.982, 70, 1000, 2, 70, 0, 1, 19.8, 0, 0, 0, NULL, NULL, NULL, NULL, NULL, NULL, NULL, NULL, NULL, NULL, NULL, NULL, NULL, '{}'),
(775, 16, 'oracle2', 12, 12, -1011.2, -1469.28, 4.27826, 25.784, 70, 1000, 2, 70, 0, 1, 235, 0, 0, 0, NULL, NULL, NULL, NULL, NULL, NULL, NULL, NULL, NULL, NULL, NULL, NULL, NULL, '{}'),
(776, 16, 'oracle2', 12, 12, -1008.43, -1467.27, 4.28346, 27.2897, 70, 1000, 2, 70, 0, 1, 214, 0, 0, 0, NULL, NULL, NULL, NULL, NULL, NULL, NULL, NULL, NULL, NULL, NULL, NULL, NULL, '{}'),
(777, 16, 'oracle2', 12, 12, -1005.74, -1465.39, 4.27731, 25.8392, 70, 1000, 2, 70, 0, 1, 175.5, 0, 0, 0, NULL, NULL, NULL, NULL, NULL, NULL, NULL, NULL, NULL, NULL, NULL, NULL, NULL, '{}'),
(778, 16, 'cavalcade2', 12, 12, -1000.3, -1461.7, 4.78394, 28.233, 70, 1000, 2, 70, 0, 1, 152.9, 0, 0, 0, NULL, NULL, NULL, NULL, NULL, NULL, NULL, NULL, NULL, NULL, NULL, NULL, NULL, '{}'),
(779, 16, 'cavalcade2', 12, 12, -1003.03, -1463.55, 4.7945, 25.1639, 70, 1000, 2, 70, 0, 1, 251.8, 0, 0, 0, NULL, NULL, NULL, NULL, NULL, NULL, NULL, NULL, NULL, NULL, NULL, NULL, NULL, '{}'),
(780, 16, 'windsor', 12, 12, -1014.34, -1471.23, 4.4274, 30.2671, 70, 1000, 2, 70, 0, 1, 365.4, 0, 0, 0, NULL, NULL, NULL, NULL, NULL, NULL, NULL, NULL, NULL, NULL, NULL, NULL, NULL, '{}'),
(781, 16, 'elegy', 12, 12, -1019.15, -1476.48, 4.2646, 313.184, 70, 1000, 2, 70, 0, 1, 1003.9, 0, 0, 0, NULL, NULL, NULL, NULL, NULL, NULL, NULL, NULL, NULL, NULL, NULL, NULL, NULL, '{}'),
(782, 16, 'cog552', 12, 12, -1046.23, -1468.17, 4.50732, 313.074, 70, 1000, 2, 70, 0, 1, 168, 0, 0, 0, NULL, NULL, NULL, NULL, NULL, NULL, NULL, NULL, NULL, NULL, NULL, NULL, NULL, '{}'),
(783, 17, 'schafter6', 12, 12, 2456.58, 4955.83, 44.6706, 127.918, 70, 1000, 2, 70, 0, 1, 135.8, 0, 0, 0, NULL, NULL, NULL, NULL, NULL, NULL, NULL, NULL, NULL, NULL, NULL, NULL, NULL, '{}'),
(784, 17, 'windsor', 12, 12, 2433.88, 4947.89, 45.0989, 228.403, 70, 1000, 2, 70, 0, 1, 248.5, 0, 0, 0, NULL, NULL, NULL, NULL, NULL, NULL, NULL, NULL, NULL, NULL, NULL, NULL, NULL, '{}'),
(785, 17, 'patriot', 12, 12, 2422.66, 4967.96, 45.827, 131.624, 70, 1000, 2, 70, 0, 1, 83.2, 0, 0, 0, NULL, NULL, NULL, NULL, NULL, NULL, NULL, NULL, NULL, NULL, NULL, NULL, NULL, '{}'),
(786, 17, 'patriot', 12, 12, 2427.82, 4973.28, 45.6637, 135.375, 70, 1000, 2, 70, 0, 1, 28.2, 0, 0, 0, NULL, NULL, NULL, NULL, NULL, NULL, NULL, NULL, NULL, NULL, NULL, NULL, NULL, '{}'),
(787, 17, 'patriot', 12, 12, 2424.34, 4982.6, 45.6625, 129.613, 70, 1000, 2, 70, 0, 1, 26.8, 0, 0, 0, NULL, NULL, NULL, NULL, NULL, NULL, NULL, NULL, NULL, NULL, NULL, NULL, NULL, '{}'),
(788, 17, 'mesa3', 12, 12, 2413.31, 4990.19, 45.9943, 131.283, 70, 1000, 2, 70, 0, 1, 58.3, 0, 0, 0, NULL, NULL, NULL, NULL, NULL, NULL, NULL, NULL, NULL, NULL, NULL, NULL, NULL, '{}'),
(795, 4, 'fugitive', 67, 0, 107.469, -733.065, 32.8334, 340.923, 70, 1000, 2, 70, 0, 1, 151.7, 0, 0, 0, NULL, NULL, NULL, NULL, NULL, NULL, NULL, NULL, NULL, NULL, NULL, NULL, NULL, '{}'),
(796, 4, 'dominator', 34, 0, 99.7422, -730.124, 32.4242, 338.816, 70, 1000, 2, 70, 0, 1, 55.4, 0, 0, 0, NULL, NULL, NULL, NULL, NULL, NULL, NULL, NULL, NULL, NULL, NULL, NULL, NULL, '{}'),
(797, 4, 'rocoto', 66, 0, 103.744, -731.388, 32.9947, 339.383, 70, 1000, 2, 70, 0, 1, 123.9, 0, 0, 0, NULL, NULL, NULL, NULL, NULL, NULL, NULL, NULL, NULL, NULL, NULL, NULL, NULL, '{}'),
(798, 4, 'radi', 122, 0, 96.2642, -728.802, 32.6664, 338.719, 70, 1000, 2, 70, 0, 1, 53.2, 0, 0, 0, NULL, NULL, NULL, NULL, NULL, NULL, NULL, NULL, NULL, NULL, NULL, NULL, NULL, '{}'),
(799, 4, 'oracle', 0, 0, 92.6719, -719.943, 32.9262, 250.861, 70, 1000, 2, 70, 0, 1, 87.9, 0, 0, 0, NULL, NULL, NULL, NULL, NULL, NULL, NULL, NULL, NULL, NULL, NULL, NULL, NULL, '{}'),
(800, 4, 'sentinel', 111, 0, 93.9625, -716.239, 32.5123, 251.232, 70, 1000, 2, 70, 0, 1, 356.8, 0, 0, 0, NULL, NULL, NULL, NULL, NULL, NULL, NULL, NULL, NULL, NULL, NULL, NULL, NULL, '{}'),
(801, 1, 'fbi2', 0, 0, -479.366, -212.508, 36.2057, 209.856, 70, 1000, 2, 70, 0, 1, 43.3, 0, 0, 0, NULL, NULL, NULL, NULL, NULL, NULL, NULL, NULL, NULL, NULL, NULL, NULL, NULL, '{}'),
(802, 1, 'gresley', 0, 0, -488.965, -195.019, 37.0432, 208.802, 70, 1000, 2, 70, 0, 1, 174.6, 0, 0, 0, NULL, NULL, NULL, NULL, NULL, NULL, NULL, NULL, NULL, NULL, NULL, NULL, NULL, '{}'),
(803, 1, 'gresley', 0, 0, -492.545, -189.028, 37.223, 209.767, 70, 1000, 2, 70, 0, 1, 96.4, 0, 0, 0, NULL, NULL, NULL, NULL, NULL, NULL, NULL, NULL, NULL, NULL, NULL, NULL, NULL, '{}'),
(804, 1, 'gresley', 0, 0, -496.353, -182.456, 37.424, 208.861, 70, 1000, 2, 70, 0, 1, 211.9, 0, 0, 0, NULL, NULL, NULL, NULL, NULL, NULL, NULL, NULL, NULL, NULL, NULL, NULL, NULL, '{}'),
(805, 1, 'gresley', 0, 0, -499.862, -176.389, 37.6054, 209.909, 70, 1000, 2, 70, 0, 1, 70.6, 0, 0, 0, NULL, NULL, NULL, NULL, NULL, NULL, NULL, NULL, NULL, NULL, NULL, NULL, NULL, '{}'),
(806, 1, 'felon', 0, 0, -577.587, -249.691, 35.4484, 209.875, 70, 1000, 2, 70, 0, 1, 275.4, 0, 0, 0, NULL, NULL, NULL, NULL, NULL, NULL, NULL, NULL, NULL, NULL, NULL, NULL, NULL, '{}'),
(807, 1, 'felon', 0, 0, -580.622, -244.413, 35.6094, 210.2, 70, 1000, 2, 70, 0, 1, 232.2, 0, 0, 0, NULL, NULL, NULL, NULL, NULL, NULL, NULL, NULL, NULL, NULL, NULL, NULL, NULL, '{}'),
(808, 1, 'felon', 0, 0, -583.623, -239.239, 35.7784, 210.512, 70, 1000, 2, 70, 0, 1, 250.5, 0, 0, 0, NULL, NULL, NULL, NULL, NULL, NULL, NULL, NULL, NULL, NULL, NULL, NULL, NULL, '{}'),
(809, 1, 'felon', 0, 0, -586.612, -234.018, 35.9333, 210.222, 70, 1000, 2, 70, 0, 1, 290.6, 0, 0, 0, NULL, NULL, NULL, NULL, NULL, NULL, NULL, NULL, NULL, NULL, NULL, NULL, NULL, '{}'),
(810, 1, 'felon', 0, 0, -589.663, -228.814, 36.0861, 209.873, 70, 1000, 2, 70, 0, 1, 297.6, 0, 0, 0, NULL, NULL, NULL, NULL, NULL, NULL, NULL, NULL, NULL, NULL, NULL, NULL, NULL, '{}'),
(811, 1, 'xls2', 0, 0, -574.139, -169.014, 37.8712, 291.836, 70, 1000, 2, 70, 0, 1, 131, 0, 0, 0, NULL, NULL, NULL, NULL, NULL, NULL, NULL, NULL, NULL, NULL, NULL, NULL, NULL, '{}'),
(812, 1, 'cognoscenti2', 0, 0, -560.424, -163.339, 37.7547, 292.707, 70, 1000, 2, 70, 0, 1, 33.7, 0, 0, 0, NULL, NULL, NULL, NULL, NULL, NULL, NULL, NULL, NULL, NULL, NULL, NULL, NULL, '{}'),
(813, 1, 'xls2', 0, 0, -553.631, -160.427, 38.1283, 293, 70, 1000, 2, 70, 0, 1, 88.5, 0, 0, 0, NULL, NULL, NULL, NULL, NULL, NULL, NULL, NULL, NULL, NULL, NULL, NULL, NULL, '{}'),
(814, -3001, 'tractor2', 55, 0, 2013.24, 4970.92, 41.6367, 311.297, 70, 1000, 2, 70, 0, 1, 46.1, 0, 0, 0, NULL, NULL, NULL, NULL, NULL, NULL, NULL, NULL, NULL, NULL, NULL, NULL, NULL, '{}'),
(815, -3001, 'tractor2', 44, 0, 2017.11, 4961.46, 41.5876, 218.159, 70, 1000, 2, 70, 0, 1, 44.3, 0, 0, 0, NULL, NULL, NULL, NULL, NULL, NULL, NULL, NULL, NULL, NULL, NULL, NULL, NULL, '{}'),
(816, -3001, 'tractor2', 0, 0, 2003.95, 4952.84, 41.9072, 137.427, 70, 1000, 2, 70, 0, 1, 14.3, 0, 0, 0, NULL, NULL, NULL, NULL, NULL, NULL, NULL, NULL, NULL, NULL, NULL, NULL, NULL, '{}'),
(817, -4, 'rhapsody', 44, 44, 587.578, 116.037, 97.7308, 339.298, 70, 1000, 2, 70, 0, 1, 199.7, 0, 0, 0, NULL, NULL, NULL, NULL, NULL, NULL, NULL, NULL, NULL, NULL, NULL, NULL, NULL, '{}'),
(818, -4, 'rhapsody', 44, 44, 584.768, 117.065, 97.732, 339.929, 70, 1000, 2, 70, 0, 1, 222.4, 0, 0, 0, NULL, NULL, NULL, NULL, NULL, NULL, NULL, NULL, NULL, NULL, NULL, NULL, NULL, '{}'),
(819, -4, 'rhapsody', 44, 44, 582.063, 118.013, 97.7313, 340.289, 70, 1000, 2, 70, 0, 1, 81.4, 0, 0, 0, NULL, NULL, NULL, NULL, NULL, NULL, NULL, NULL, NULL, NULL, NULL, NULL, NULL, '{}'),
(820, -4, 'rhapsody', 44, 44, 579.137, 119.065, 97.7318, 339.877, 70, 1000, 2, 70, 0, 1, 124.3, 0, 0, 0, NULL, NULL, NULL, NULL, NULL, NULL, NULL, NULL, NULL, NULL, NULL, NULL, NULL, '{}'),
(821, -3001, 'duster', 111, 0, 2128.49, 4800.94, 41.4016, 0.544067, 70, 1000, 2, 70, 0, 1, 148.4, 0, 0, 0, NULL, NULL, NULL, NULL, NULL, NULL, NULL, NULL, NULL, NULL, NULL, NULL, NULL, '{}'),
(822, -4, 'faggio', 44, 44, 599.221, 135.212, 97.5172, 104.244, 70, 1000, 2, 70, 0, 0, 735.1, 0, 0, 0, NULL, NULL, NULL, NULL, NULL, NULL, NULL, NULL, NULL, NULL, NULL, NULL, NULL, '{}'),
(823, -4, 'faggio', 44, 0, 599.822, 136.853, 97.5173, 104.953, 70, 1000, 2, 70, 0, 0, 596.5, 0, 0, 0, NULL, NULL, NULL, NULL, NULL, NULL, NULL, NULL, NULL, NULL, NULL, NULL, NULL, '{}'),
(824, -4, 'faggio', 44, 0, 600.377, 138.474, 97.5122, 109.078, 70, 1000, 2, 70, 0, 0, 599.4, 0, 0, 0, NULL, NULL, NULL, NULL, NULL, NULL, NULL, NULL, NULL, NULL, NULL, NULL, NULL, '{}'),
(825, -4, 'faggio', 44, 0, 600.906, 139.875, 97.5171, 109.558, 70, 1000, 2, 70, 0, 0, 721.2, 0, 0, 0, NULL, NULL, NULL, NULL, NULL, NULL, NULL, NULL, NULL, NULL, NULL, NULL, NULL, '{}'),
(826, -4, 'faggio', 44, 0, 601.428, 141.357, 97.5172, 111.901, 70, 1000, 2, 70, 0, 0, 512.7, 0, 0, 0, NULL, NULL, NULL, NULL, NULL, NULL, NULL, NULL, NULL, NULL, NULL, NULL, NULL, '{}'),
(827, -4, 'faggio', 44, 0, 601.933, 142.778, 97.5171, 110.151, 70, 1000, 2, 70, 0, 0, 650.3, 0, 0, 0, NULL, NULL, NULL, NULL, NULL, NULL, NULL, NULL, NULL, NULL, NULL, NULL, NULL, '{}'),
(828, -4, 'faggio', 44, 0, 592.991, 139.606, 97.5207, 210.34, 70, 1000, 2, 70, 0, 0, 811.5, 0, 0, 0, NULL, NULL, NULL, NULL, NULL, NULL, NULL, NULL, NULL, NULL, NULL, NULL, NULL, '{}'),
(829, -4, 'faggio', 44, 0, 593.469, 140.756, 97.5165, 212.575, 20, 1000, 2, 70, 0, 0, 520, 0, 0, 0, NULL, NULL, NULL, NULL, NULL, NULL, NULL, NULL, NULL, NULL, NULL, NULL, NULL, '{}'),
(830, -4, 'faggio', 44, 0, 593.991, 141.909, 97.5156, 210.75, 70, 1000, 2, 70, 0, 0, 604.3, 0, 0, 0, NULL, NULL, NULL, NULL, NULL, NULL, NULL, NULL, NULL, NULL, NULL, NULL, NULL, '{}'),
(831, -4, 'faggio', 44, 0, 594.489, 143.072, 97.517, 217.828, 70, 1000, 2, 70, 0, 0, 865.2, 0, 0, 0, NULL, NULL, NULL, NULL, NULL, NULL, NULL, NULL, NULL, NULL, NULL, NULL, NULL, '{}'),
(832, -4, 'faggio', 44, 0, 594.917, 144.276, 97.5169, 216.109, 70, 1000, 2, 70, 0, 0, 534.9, 0, 0, 0, NULL, NULL, NULL, NULL, NULL, NULL, NULL, NULL, NULL, NULL, NULL, NULL, NULL, '{}'),
(833, -4, 'faggio', 44, 0, 595.447, 145.494, 97.5171, 216.529, 70, 1000, 2, 70, 0, 0, 516, 0, 0, 0, NULL, NULL, NULL, NULL, NULL, NULL, NULL, NULL, NULL, NULL, NULL, NULL, NULL, '{}'),
(836, -4001, 'faggio', 50, 50, -163.427, 6452.89, 30.9497, 45.1935, 70, 1000, 2, 70, 0, 0, 58.1, 0, 0, 0, NULL, NULL, NULL, NULL, NULL, NULL, NULL, NULL, NULL, NULL, NULL, NULL, NULL, '{}'),
(837, -4001, 'faggio', 50, 50, -164.648, 6451.63, 30.987, 45.331, 70, 1000, 2, 70, 0, 0, 33.9, 0, 0, 0, NULL, NULL, NULL, NULL, NULL, NULL, NULL, NULL, NULL, NULL, NULL, NULL, NULL, '{}'),
(838, -4001, 'faggio', 50, 50, -165.927, 6450.36, 30.988, 45.3513, 70, 1000, 2, 70, 0, 0, 47.3, 0, 0, 0, NULL, NULL, NULL, NULL, NULL, NULL, NULL, NULL, NULL, NULL, NULL, NULL, NULL, '{}'),
(839, -4001, 'faggio', 50, 50, -167.044, 6449.19, 30.988, 46.8226, 70, 1000, 2, 70, 0, 0, 53.5, 0, 0, 0, NULL, NULL, NULL, NULL, NULL, NULL, NULL, NULL, NULL, NULL, NULL, NULL, NULL, '{}'),
(840, -4001, 'faggio', 50, 50, -168.246, 6448.02, 30.9903, 44.4182, 70, 1000, 2, 70, 0, 0, 62.4, 0, 0, 0, NULL, NULL, NULL, NULL, NULL, NULL, NULL, NULL, NULL, NULL, NULL, NULL, NULL, '{}'),
(841, -4001, 'faggio', 50, 50, -169.277, 6446.97, 30.9896, 44.4813, 70, 1000, 2, 70, 0, 0, 66.3, 0, 0, 0, NULL, NULL, NULL, NULL, NULL, NULL, NULL, NULL, NULL, NULL, NULL, NULL, NULL, '{}'),
(842, -4001, 'faggio', 50, 50, -170.525, 6445.75, 30.9898, 45.5771, 70, 1000, 2, 70, 0, 0, 60.6, 0, 0, 0, NULL, NULL, NULL, NULL, NULL, NULL, NULL, NULL, NULL, NULL, NULL, NULL, NULL, '{}'),
(843, -4001, 'faggio', 50, 50, -171.619, 6444.69, 30.981, 45.2132, 70, 1000, 2, 70, 0, 0, 55.2, 0, 0, 0, NULL, NULL, NULL, NULL, NULL, NULL, NULL, NULL, NULL, NULL, NULL, NULL, NULL, '{}'),
(844, -4001, 'faggio', 50, 50, -172.944, 6443.44, 30.9846, 44.474, 70, 1000, 2, 70, 0, 0, 67.5, 0, 0, 0, NULL, NULL, NULL, NULL, NULL, NULL, NULL, NULL, NULL, NULL, NULL, NULL, NULL, '{}'),
(846, -4001, 'faggio', 50, 50, -175.31, 6441.16, 30.9892, 43.9483, 70, 1000, 2, 70, 0, 0, 79.5, 0, 0, 0, NULL, NULL, NULL, NULL, NULL, NULL, NULL, NULL, NULL, NULL, NULL, NULL, NULL, '{}'),
(847, -4001, 'faggio', 50, 50, -176.366, 6440.1, 30.9889, 42.8434, 70, 1000, 2, 70, 0, 0, 130.7, 0, 0, 0, NULL, NULL, NULL, NULL, NULL, NULL, NULL, NULL, NULL, NULL, NULL, NULL, NULL, '{}'),
(848, -4001, 'faggio', 50, 50, -177.677, 6438.94, 30.9909, 44.1515, 70, 1000, 2, 70, 0, 0, 82.7, 0, 0, 0, NULL, NULL, NULL, NULL, NULL, NULL, NULL, NULL, NULL, NULL, NULL, NULL, NULL, '{}'),
(849, -4001, 'faggio', 50, 0, -178.99, 6437.53, 30.9859, 38.6176, 70, 1000, 2, 70, 0, 0, 90.3, 0, 0, 0, NULL, NULL, NULL, NULL, NULL, NULL, NULL, NULL, NULL, NULL, NULL, NULL, NULL, '{}'),
(851, -4001, 'faggio', 50, 50, 561.876, -1787.53, 28.6723, 153.072, 70, 1000, 2, 70, 0, 0, 76.2, 0, 0, 0, NULL, NULL, NULL, NULL, NULL, NULL, NULL, NULL, NULL, NULL, NULL, NULL, NULL, '{}'),
(852, -4001, 'faggio', 50, 50, 559.249, -1786.25, 28.6724, 157.746, 70, 1000, 2, 70, 0, 0, 98.7, 0, 0, 0, NULL, NULL, NULL, NULL, NULL, NULL, NULL, NULL, NULL, NULL, NULL, NULL, NULL, '{}'),
(853, -4001, 'faggio', 50, 50, 556.435, -1784.98, 28.6709, 154.498, 70, 1000, 2, 70, 0, 0, 73.9, 0, 0, 0, NULL, NULL, NULL, NULL, NULL, NULL, NULL, NULL, NULL, NULL, NULL, NULL, NULL, '{}'),
(854, -4001, 'faggio', 50, 50, 545.735, -1780.24, 28.5857, 155.012, 70, 1000, 2, 70, 0, 0, 81.6, 0, 0, 0, NULL, NULL, NULL, NULL, NULL, NULL, NULL, NULL, NULL, NULL, NULL, NULL, NULL, '{}'),
(855, -4001, 'faggio', 50, 50, 542.854, -1778.92, 28.4547, 157.983, 70, 1000, 2, 70, 0, 0, 67.1, 0, 0, 0, NULL, NULL, NULL, NULL, NULL, NULL, NULL, NULL, NULL, NULL, NULL, NULL, NULL, '{}'),
(856, -4001, 'faggio', 50, 50, 544.111, -1796.38, 28.6722, 321.735, 70, 1000, 2, 70, 0, 0, 114.4, 0, 0, 0, NULL, NULL, NULL, NULL, NULL, NULL, NULL, NULL, NULL, NULL, NULL, NULL, NULL, '{}'),
(857, -4001, 'faggio', 50, 50, 548.905, -1798.47, 28.6679, 353.352, 70, 1000, 2, 70, 0, 0, 79.2, 0, 0, 0, NULL, NULL, NULL, NULL, NULL, NULL, NULL, NULL, NULL, NULL, NULL, NULL, NULL, '{}'),
(858, -4001, 'faggio', 50, 50, 551.923, -1798.93, 28.6686, 354.765, 70, 1000, 2, 70, 0, 0, 101.6, 0, 0, 0, NULL, NULL, NULL, NULL, NULL, NULL, NULL, NULL, NULL, NULL, NULL, NULL, NULL, '{}'),
(859, -4001, 'faggio', 50, 50, 555.147, -1799.5, 28.6742, 349.266, 70, 1000, 2, 70, 0, 0, 44.5, 0, 0, 0, NULL, NULL, NULL, NULL, NULL, NULL, NULL, NULL, NULL, NULL, NULL, NULL, NULL, '{}'),
(860, -4001, 'faggio', 50, 50, 557.93, -1799.98, 28.6692, 349.566, 70, 1000, 2, 70, 0, 0, 99.7, 0, 0, 0, NULL, NULL, NULL, NULL, NULL, NULL, NULL, NULL, NULL, NULL, NULL, NULL, NULL, '{}'),
(861, -4001, 'faggio', 50, 50, 560.983, -1800.46, 28.6679, 349.004, 70, 1000, 2, 70, 0, 0, 63, 0, 0, 0, NULL, NULL, NULL, NULL, NULL, NULL, NULL, NULL, NULL, NULL, NULL, NULL, NULL, '{}'),
(862, -4001, 'faggio', 50, 50, 564.116, -1800.88, 28.6691, 351.411, 70, 1000, 2, 70, 0, 0, 68.6, 0, 0, 0, NULL, NULL, NULL, NULL, NULL, NULL, NULL, NULL, NULL, NULL, NULL, NULL, NULL, '{}'),
(863, -4001, 'faggio', 50, 50, 567.168, -1801.31, 28.665, 351.161, 70, 1000, 2, 70, 0, 0, 91.5, 0, 0, 0, NULL, NULL, NULL, NULL, NULL, NULL, NULL, NULL, NULL, NULL, NULL, NULL, NULL, '{}'),
(864, -4001, 'faggio', 50, 50, -972.105, -2691.48, 13.3049, 151.869, 70, 1000, 2, 70, 0, 0, 87.1, 0, 0, 0, NULL, NULL, NULL, NULL, NULL, NULL, NULL, NULL, NULL, NULL, NULL, NULL, NULL, '{}'),
(865, -4001, 'faggio', 50, 50, -978.472, -2687.91, 13.306, 150.672, 70, 1000, 2, 70, 0, 0, 61.2, 0, 0, 0, NULL, NULL, NULL, NULL, NULL, NULL, NULL, NULL, NULL, NULL, NULL, NULL, NULL, '{}'),
(866, -4001, 'faggio', 50, 50, -975.243, -2689.74, 13.3036, 149.438, 70, 1000, 2, 70, 0, 0, 114.7, 0, 0, 0, NULL, NULL, NULL, NULL, NULL, NULL, NULL, NULL, NULL, NULL, NULL, NULL, NULL, '{}'),
(867, -4001, 'faggio', 50, 50, -969.383, -2693.13, 13.3032, 150.945, 70, 1000, 2, 70, 0, 0, 50.7, 0, 0, 0, NULL, NULL, NULL, NULL, NULL, NULL, NULL, NULL, NULL, NULL, NULL, NULL, NULL, '{}'),
(868, -4001, 'faggio', 50, 50, -966.492, -2694.8, 13.3064, 149.946, 70, 1000, 2, 70, 0, 0, 39.7, 0, 0, 0, NULL, NULL, NULL, NULL, NULL, NULL, NULL, NULL, NULL, NULL, NULL, NULL, NULL, '{}'),
(869, -4001, 'faggio', 50, 50, -963.664, -2696.44, 13.3101, 151, 70, 1000, 2, 70, 0, 0, 59.1, 0, 0, 0, NULL, NULL, NULL, NULL, NULL, NULL, NULL, NULL, NULL, NULL, NULL, NULL, NULL, '{}'),
(870, -4001, 'faggio', 50, 50, -960.762, -2698.15, 13.3041, 149.239, 70, 1000, 2, 70, 0, 0, 80.9, 0, 0, 0, NULL, NULL, NULL, NULL, NULL, NULL, NULL, NULL, NULL, NULL, NULL, NULL, NULL, '{}'),
(871, -4001, 'faggio', 50, 50, -960.043, -2711.14, 13.3028, 14.2278, 70, 1000, 2, 70, 0, 0, 68, 0, 0, 0, NULL, NULL, NULL, NULL, NULL, NULL, NULL, NULL, NULL, NULL, NULL, NULL, NULL, '{}'),
(872, -4001, 'faggio', 50, 50, -963.521, -2711.85, 13.3033, 12.3782, 70, 1000, 2, 70, 0, 0, 45.7, 0, 0, 0, NULL, NULL, NULL, NULL, NULL, NULL, NULL, NULL, NULL, NULL, NULL, NULL, NULL, '{}'),
(875, -4001, 'faggio', 50, 50, -973.33, -2712.38, 13.3145, 1.7677, 70, 1000, 2, 70, 0, 0, 77.6, 0, 0, 0, NULL, NULL, NULL, NULL, NULL, NULL, NULL, NULL, NULL, NULL, NULL, NULL, NULL, '{}'),
(876, -4001, 'faggio', 50, 50, -977.034, -2712.13, 13.3181, 351.078, 70, 1000, 2, 70, 0, 0, 85.3, 0, 0, 0, NULL, NULL, NULL, NULL, NULL, NULL, NULL, NULL, NULL, NULL, NULL, NULL, NULL, '{}'),
(877, -4001, 'faggio', 50, 50, -980.194, -2711.76, 13.3095, 349.235, 70, 1000, 2, 70, 0, 0, 128.1, 0, 0, 0, NULL, NULL, NULL, NULL, NULL, NULL, NULL, NULL, NULL, NULL, NULL, NULL, NULL, '{}'),
(878, -4001, 'faggio', 50, 50, -983.662, -2710.77, 13.3029, 338.095, 70, 1000, 2, 70, 0, 0, 86, 0, 0, 0, NULL, NULL, NULL, NULL, NULL, NULL, NULL, NULL, NULL, NULL, NULL, NULL, NULL, '{}'),
(879, -4001, 'faggio', 50, 50, -986.902, -2709.58, 13.3045, 333.296, 70, 1000, 2, 70, 0, 0, 151.4, 0, 0, 0, NULL, NULL, NULL, NULL, NULL, NULL, NULL, NULL, NULL, NULL, NULL, NULL, NULL, '{}'),
(880, -4001, 'faggio', 50, 50, -990.378, -2707.87, 13.3053, 330.684, 70, 1000, 2, 70, 0, 0, 106.8, 0, 0, 0, NULL, NULL, NULL, NULL, NULL, NULL, NULL, NULL, NULL, NULL, NULL, NULL, NULL, '{}'),
(881, -4001, 'faggio', 50, 50, -1045.74, -2649.09, 13.3078, 164.619, 70, 1000, 2, 70, 0, 0, 44.6, 0, 0, 0, NULL, NULL, NULL, NULL, NULL, NULL, NULL, NULL, NULL, NULL, NULL, NULL, NULL, '{}'),
(882, -4001, 'faggio', 50, 50, -1042.64, -2650.93, 13.3081, 152.882, 70, 1000, 2, 70, 0, 0, 55.5, 0, 0, 0, NULL, NULL, NULL, NULL, NULL, NULL, NULL, NULL, NULL, NULL, NULL, NULL, NULL, '{}'),
(883, -4001, 'faggio', 50, 50, -1039.83, -2652.54, 13.3067, 151.296, 70, 1000, 2, 70, 0, 0, 55.9, 0, 0, 0, NULL, NULL, NULL, NULL, NULL, NULL, NULL, NULL, NULL, NULL, NULL, NULL, NULL, '{}'),
(884, -4001, 'faggio', 50, 50, -1037, -2654.26, 13.3059, 147.824, 70, 1000, 2, 70, 0, 0, 108.8, 0, 0, 0, NULL, NULL, NULL, NULL, NULL, NULL, NULL, NULL, NULL, NULL, NULL, NULL, NULL, '{}'),
(885, -4001, 'faggio', 50, 50, -1034.19, -2655.93, 13.3037, 155.203, 70, 1000, 2, 70, 0, 0, 76.1, 0, 0, 0, NULL, NULL, NULL, NULL, NULL, NULL, NULL, NULL, NULL, NULL, NULL, NULL, NULL, '{}'),
(886, -4001, 'faggio', 50, 50, -1031.09, -2657.68, 13.3059, 152.675, 70, 1000, 2, 70, 0, 0, 99.8, 0, 0, 0, NULL, NULL, NULL, NULL, NULL, NULL, NULL, NULL, NULL, NULL, NULL, NULL, NULL, '{}'),
(887, -4001, 'faggio', 50, 50, -1027.83, -2659.54, 13.3077, 152.212, 70, 1000, 2, 70, 0, 0, 79.5, 0, 0, 0, NULL, NULL, NULL, NULL, NULL, NULL, NULL, NULL, NULL, NULL, NULL, NULL, NULL, '{}'),
(888, -4001, 'faggio', 50, 50, -1039.76, -2679.52, 13.3013, 325.208, 70, 1000, 2, 70, 0, 0, 71.9, 0, 0, 0, NULL, NULL, NULL, NULL, NULL, NULL, NULL, NULL, NULL, NULL, NULL, NULL, NULL, '{}'),
(889, -4001, 'faggio', 50, 50, -1042.83, -2677.37, 13.3056, 324.539, 70, 1000, 2, 70, 0, 0, 114.2, 0, 0, 0, NULL, NULL, NULL, NULL, NULL, NULL, NULL, NULL, NULL, NULL, NULL, NULL, NULL, '{}'),
(890, -4001, 'faggio', 50, 50, -1045.45, -2675.2, 13.3028, 318.618, 70, 1000, 2, 70, 0, 0, 80, 0, 0, 0, NULL, NULL, NULL, NULL, NULL, NULL, NULL, NULL, NULL, NULL, NULL, NULL, NULL, '{}'),
(891, -4001, 'faggio', 50, 50, -1047.86, -2672.86, 13.3036, 313.16, 70, 1000, 2, 70, 0, 0, 64.4, 0, 0, 0, NULL, NULL, NULL, NULL, NULL, NULL, NULL, NULL, NULL, NULL, NULL, NULL, NULL, '{}'),
(892, -4001, 'faggio', 50, 50, -1049.96, -2670.13, 13.3053, 307.592, 70, 1000, 2, 70, 0, 0, 97.8, 0, 0, 0, NULL, NULL, NULL, NULL, NULL, NULL, NULL, NULL, NULL, NULL, NULL, NULL, NULL, '{}'),
(893, -4001, 'faggio', 50, 50, -1051.95, -2667.19, 13.3032, 297.708, 70, 1000, 2, 70, 0, 0, 93.5, 0, 0, 0, NULL, NULL, NULL, NULL, NULL, NULL, NULL, NULL, NULL, NULL, NULL, NULL, NULL, '{}'),
(894, -4001, 'faggio', 50, 50, -1053.72, -2664.26, 13.3091, 294.446, 70, 1000, 2, 70, 0, 0, 40.7, 0, 0, 0, NULL, NULL, NULL, NULL, NULL, NULL, NULL, NULL, NULL, NULL, NULL, NULL, NULL, '{}'),
(895, -4001, 'faggio', 50, 50, -1055.29, -2661.09, 13.3024, 287.394, 70, 1000, 2, 70, 0, 0, 69.6, 0, 0, 0, NULL, NULL, NULL, NULL, NULL, NULL, NULL, NULL, NULL, NULL, NULL, NULL, NULL, '{}'),
(896, -4001, 'faggio', 50, 50, -1056.26, -2658.05, 13.3097, 286.857, 70, 1000, 2, 70, 0, 0, 74.9, 0, 0, 0, NULL, NULL, NULL, NULL, NULL, NULL, NULL, NULL, NULL, NULL, NULL, NULL, NULL, '{}'),
(897, -4001, 'faggio', 50, 50, -1057.32, -2655.1, 13.3086, 285.199, 70, 1000, 2, 70, 0, 0, 67.8, 0, 0, 0, NULL, NULL, NULL, NULL, NULL, NULL, NULL, NULL, NULL, NULL, NULL, NULL, NULL, '{}'),
(899, -4001, 'faggio', 50, 50, 1511.02, 3763.21, 33.48, 198.918, 70, 1000, 2, 70, 0, 0, 169.3, 0, 0, 0, NULL, NULL, NULL, NULL, NULL, NULL, NULL, NULL, NULL, NULL, NULL, NULL, NULL, '{}'),
(900, -4001, 'faggio', 50, 50, 1516.54, 3764.84, 33.5053, 196.131, 70, 1000, 2, 70, 0, 0, 183.3, 0, 0, 0, NULL, NULL, NULL, NULL, NULL, NULL, NULL, NULL, NULL, NULL, NULL, NULL, NULL, '{}'),
(901, -4001, 'faggio', 50, 50, 1522.56, 3768.73, 33.5246, 219.173, 70, 1000, 2, 70, 0, 0, 248.7, 0, 0, 0, NULL, NULL, NULL, NULL, NULL, NULL, NULL, NULL, NULL, NULL, NULL, NULL, NULL, '{}'),
(902, -4001, 'faggio', 50, 50, 1542.06, 3782.13, 33.5258, 205.867, 70, 1000, 2, 70, 0, 0, 207.7, 0, 0, 0, NULL, NULL, NULL, NULL, NULL, NULL, NULL, NULL, NULL, NULL, NULL, NULL, NULL, '{}'),
(903, -4001, 'faggio', 50, 50, 1545.48, 3783.76, 33.5362, 206.17, 70, 1000, 2, 70, 0, 0, 222, 0, 0, 0, NULL, NULL, NULL, NULL, NULL, NULL, NULL, NULL, NULL, NULL, NULL, NULL, NULL, '{}'),
(904, -4001, 'faggio', 50, 50, 1548.9, 3785.79, 33.545, 208.665, 70, 1000, 2, 70, 0, 0, 192.2, 0, 0, 0, NULL, NULL, NULL, NULL, NULL, NULL, NULL, NULL, NULL, NULL, NULL, NULL, NULL, '{}'),
(905, -4001, 'faggio', 50, 50, 1556.5, 3789.91, 33.5727, 205.664, 70, 1000, 2, 70, 0, 0, 201.7, 0, 0, 0, NULL, NULL, NULL, NULL, NULL, NULL, NULL, NULL, NULL, NULL, NULL, NULL, NULL, '{}'),
(906, -4001, 'faggio', 50, 50, 1557.72, 3793.6, 33.5783, 294.037, 70, 1000, 2, 70, 0, 0, 104.7, 0, 0, 0, NULL, NULL, NULL, NULL, NULL, NULL, NULL, NULL, NULL, NULL, NULL, NULL, NULL, '{}'),
(907, -4001, 'faggio', 50, 50, 1556.95, 3795.35, 33.5855, 292.159, 70, 1000, 2, 70, 0, 0, 134.7, 0, 0, 0, NULL, NULL, NULL, NULL, NULL, NULL, NULL, NULL, NULL, NULL, NULL, NULL, NULL, '{}'),
(908, -4001, 'faggio', 50, 50, 1559.21, 3797.75, 33.5862, 202.435, 70, 1000, 2, 70, 0, 0, 254.6, 0, 0, 0, NULL, NULL, NULL, NULL, NULL, NULL, NULL, NULL, NULL, NULL, NULL, NULL, NULL, '{}'),
(909, -4001, 'faggio', 50, 50, 1561.35, 3798.81, 33.5901, 204.968, 70, 1000, 2, 70, 0, 0, 168.2, 0, 0, 0, NULL, NULL, NULL, NULL, NULL, NULL, NULL, NULL, NULL, NULL, NULL, NULL, NULL, '{}'),
(910, -4001, 'faggio', 50, 50, 1563.26, 3799.61, 33.5855, 200.846, 70, 1000, 2, 70, 0, 0, 211, 0, 0, 0, NULL, NULL, NULL, NULL, NULL, NULL, NULL, NULL, NULL, NULL, NULL, NULL, NULL, '{}'),
(911, -4001, 'faggio', 50, 50, 1565.26, 3800.51, 33.5909, 202.214, 70, 1000, 2, 70, 0, 0, 161.4, 0, 0, 0, NULL, NULL, NULL, NULL, NULL, NULL, NULL, NULL, NULL, NULL, NULL, NULL, NULL, '{}'),
(912, -4001, 'faggio', 50, 50, 1567.54, 3801.48, 33.6013, 202.162, 70, 1000, 2, 70, 0, 0, 159.4, 0, 0, 0, NULL, NULL, NULL, NULL, NULL, NULL, NULL, NULL, NULL, NULL, NULL, NULL, NULL, '{}'),
(913, 2, 'police3', 111, 0, 434.873, -1026.78, 28.6087, 359.494, 70, 1000, 2, 70, 0, 1, 107.2, 0, 0, 0, NULL, NULL, NULL, NULL, NULL, NULL, NULL, NULL, NULL, NULL, NULL, NULL, NULL, '{\"rank\":2}'),
(914, 2, 'police3', 111, 0, 431.492, -1026.86, 28.6662, 1.16223, 70, 1000, 2, 70, 0, 1, 30.8, 0, 0, 0, NULL, NULL, NULL, NULL, NULL, NULL, NULL, NULL, NULL, NULL, NULL, NULL, NULL, '{\"rank\":2}'),
(915, 2, 'police3', 111, 0, 427.618, -1027.17, 28.7333, 1.93442, 70, 1000, 2, 70, 0, 1, 76.5, 0, 0, 0, NULL, NULL, NULL, NULL, NULL, NULL, NULL, NULL, NULL, NULL, NULL, NULL, NULL, '{\"rank\":2}'),
(916, 2, 'police3', 111, 0, 423.623, -1027.38, 28.8086, 1.03125, 70, 1000, 2, 70, 0, 1, 23, 0, 0, 0, NULL, NULL, NULL, NULL, NULL, NULL, NULL, NULL, NULL, NULL, NULL, NULL, NULL, '{\"rank\":2}'),
(917, 2, 'police3', 111, 0, 419.706, -1027.5, 28.8788, 358.101, 70, 1000, 2, 70, 0, 1, 131.5, 0, 0, 0, NULL, NULL, NULL, NULL, NULL, NULL, NULL, NULL, NULL, NULL, NULL, NULL, NULL, '{\"rank\":2}'),
(922, 5, 'ambulance', 0, 0, 397.881, -1442.48, 29.1586, 29.7739, 70, 1000, 2, 70, 0, 1, 2.8, 0, 0, 0, NULL, NULL, NULL, NULL, NULL, NULL, NULL, NULL, NULL, NULL, NULL, NULL, NULL, '{}'),
(923, 5, 'ambulance', 0, 0, 394.147, -1444.79, 29.1554, 29.9715, 70, 1000, 2, 70, 0, 1, 2.4, 0, 0, 0, NULL, NULL, NULL, NULL, NULL, NULL, NULL, NULL, NULL, NULL, NULL, NULL, NULL, '{}'),
(924, 5, 'ambulance', 0, 0, 390.317, -1446.99, 29.155, 30.5371, 70, 1000, 2, 70, 0, 1, 2.4, 0, 0, 0, NULL, NULL, NULL, NULL, NULL, NULL, NULL, NULL, NULL, NULL, NULL, NULL, NULL, '{}'),
(930, 13, 'chino', 70, 0, 1431.65, -1515.55, 60.9516, 273.466, 70, 1000, 2, 70, 0, 1, 20.9, 0, 0, 0, NULL, NULL, NULL, NULL, NULL, NULL, NULL, NULL, NULL, NULL, NULL, NULL, NULL, '{}'),
(931, 13, 'chino', 70, 0, 1423.46, -1516.73, 60.1072, 282.056, 70, 1000, 2, 70, 0, 1, 28.7, 0, 0, 0, NULL, NULL, NULL, NULL, NULL, NULL, NULL, NULL, NULL, NULL, NULL, NULL, NULL, '{}'),
(932, 13, 'burrito3', 70, 0, 1422.29, -1504.48, 60.7262, 158.636, 70, 1000, 2, 70, 0, 1, 1.4, 0, 0, 0, NULL, NULL, NULL, NULL, NULL, NULL, NULL, NULL, NULL, NULL, NULL, NULL, NULL, '{}'),
(933, 13, 'primo2', 70, 0, 1389.4, -1522.61, 56.7044, 296.986, 70, 1000, 2, 70, 0, 1, 105.2, 0, 0, 0, NULL, NULL, NULL, NULL, NULL, NULL, NULL, NULL, NULL, NULL, NULL, NULL, NULL, '{}'),
(934, 13, 'primo2', 70, 0, 1396.77, -1518.93, 57.2997, 296.087, 70, 1000, 2, 70, 0, 1, 100.8, 0, 0, 0, NULL, NULL, NULL, NULL, NULL, NULL, NULL, NULL, NULL, NULL, NULL, NULL, NULL, '{}'),
(935, 13, 'stanier', 70, 0, 1415.99, -1519.11, 59.3573, 288.062, 70, 1000, 2, 70, 0, 1, 121.5, 0, 0, 0, NULL, NULL, NULL, NULL, NULL, NULL, NULL, NULL, NULL, NULL, NULL, NULL, NULL, '{}'),
(936, 13, 'stanier', 70, 0, 1408.74, -1521.58, 58.5416, 292.178, 70, 1000, 2, 70, 0, 1, 51.9, 0, 0, 0, NULL, NULL, NULL, NULL, NULL, NULL, NULL, NULL, NULL, NULL, NULL, NULL, NULL, '{}'),
(937, 13, 'bmx', 70, 0, 1437.76, -1504.74, 62.1874, 147.169, 70, 1000, 2, 70, 0, 1, 8.9, 0, 0, 0, NULL, NULL, NULL, NULL, NULL, NULL, NULL, NULL, NULL, NULL, NULL, NULL, NULL, '{}'),
(938, 13, 'bmx', 70, 0, 1440.24, -1505.78, 62.1955, 148.556, 70, 1000, 2, 70, 0, 1, 5.6, 0, 0, 0, NULL, NULL, NULL, NULL, NULL, NULL, NULL, NULL, NULL, NULL, NULL, NULL, NULL, '{}'),
(939, 1, 'cog552', 0, 0, -567.791, -166.348, 37.5599, 293.602, 70, 1000, 2, 70, 0, 1, 50, 0, 0, 0, NULL, NULL, NULL, NULL, NULL, NULL, NULL, NULL, NULL, NULL, NULL, NULL, NULL, '{}'),
(940, 1, 'fugitive', 0, 0, -560.266, -146.855, 37.8167, 237.837, 70, 1000, 2, 70, 0, 1, 207.6, 0, 0, 0, NULL, NULL, NULL, NULL, NULL, NULL, NULL, NULL, NULL, NULL, NULL, NULL, NULL, '{}'),
(941, 1, 'fugitive', 0, 0, -556.362, -145.254, 37.8699, 236.514, 70, 1000, 2, 70, 0, 1, 243.8, 0, 0, 0, NULL, NULL, NULL, NULL, NULL, NULL, NULL, NULL, NULL, NULL, NULL, NULL, NULL, '{}'),
(942, 13, 'blade', 70, 0, 1428.43, -1506.95, 60.9154, 273.609, 70, 1000, 2, 70, 0, 1, 100.2, 0, 0, 0, NULL, NULL, NULL, NULL, NULL, NULL, NULL, NULL, NULL, NULL, NULL, NULL, NULL, '{}'),
(943, 1, 'fugitive', 0, 0, -552.18, -143.546, 37.9155, 240.319, 70, 1000, 2, 70, 0, 1, 287.9, 0, 0, 0, NULL, NULL, NULL, NULL, NULL, NULL, NULL, NULL, NULL, NULL, NULL, NULL, NULL, '{}'),
(944, 1, 'fugitive', 0, 0, -548.511, -141.825, 38.005, 242.244, 70, 1000, 2, 70, 0, 1, 222.3, 0, 0, 0, NULL, NULL, NULL, NULL, NULL, NULL, NULL, NULL, NULL, NULL, NULL, NULL, NULL, '{}'),
(945, 13, 'blade', 70, 0, 1408.24, -1512.71, 58.5267, 293.292, 70, 1000, 2, 70, 0, 1, 40.2, 0, 0, 0, NULL, NULL, NULL, NULL, NULL, NULL, NULL, NULL, NULL, NULL, NULL, NULL, NULL, '{}'),
(969, 18, 'sabregt2', 0, 0, 2006.34, 3053.33, 46.4831, 59.0419, 70, 1000, 2, 70, 0, 1, 237.6, 0, 0, 0, NULL, NULL, NULL, NULL, NULL, NULL, NULL, NULL, NULL, NULL, NULL, NULL, NULL, '{}'),
(970, 18, 'zombieb', 0, 0, 1997.25, 3053.66, 46.5202, 349.368, 70, 1000, 2, 70, 0, 1, 4.9, 0, 0, 0, NULL, NULL, NULL, NULL, NULL, NULL, NULL, NULL, NULL, NULL, NULL, NULL, NULL, '{}'),
(971, 18, 'zombieb', 0, 0, 1995.35, 3054.91, 46.5216, 350.106, 70, 1000, 2, 70, 0, 1, 93.8, 0, 0, 0, NULL, NULL, NULL, NULL, NULL, NULL, NULL, NULL, NULL, NULL, NULL, NULL, NULL, '{}'),
(972, 18, 'zombieb', 0, 0, 1993.32, 3056.04, 46.5248, 350.938, 70, 1000, 2, 70, 0, 1, 92.1, 0, 0, 0, NULL, NULL, NULL, NULL, NULL, NULL, NULL, NULL, NULL, NULL, NULL, NULL, NULL, '{}'),
(973, 18, 'zombieb', 0, 0, 1991.55, 3057.12, 46.5277, 352.036, 70, 1000, 2, 70, 0, 1, 118.3, 0, 0, 0, NULL, NULL, NULL, NULL, NULL, NULL, NULL, NULL, NULL, NULL, NULL, NULL, NULL, '{}'),
(974, 18, 'zombieb', 0, 0, 1989.89, 3058.17, 46.5295, 351.214, 70, 1000, 2, 70, 0, 1, 83.2, 0, 0, 0, NULL, NULL, NULL, NULL, NULL, NULL, NULL, NULL, NULL, NULL, NULL, NULL, NULL, '{}'),
(975, 18, 'zombieb', 0, 0, 1988.1, 3059.24, 46.5262, 352.707, 70, 1000, 2, 70, 0, 1, 161.3, 0, 0, 0, NULL, NULL, NULL, NULL, NULL, NULL, NULL, NULL, NULL, NULL, NULL, NULL, NULL, '{}'),
(982, 3, 'police4', 0, 0, -455.305, 6001.88, 30.9463, 87.4581, 70, 1000, 2, 70, 0, 1, 15.4, 0, 0, 0, NULL, NULL, NULL, NULL, NULL, NULL, NULL, NULL, NULL, NULL, NULL, NULL, NULL, '{}'),
(983, 3, 'police4', 0, 0, -458.728, 6005.54, 30.9467, 86.9238, 70, 1000, 2, 70, 0, 1, 19.6, 0, 0, 0, NULL, NULL, NULL, NULL, NULL, NULL, NULL, NULL, NULL, NULL, NULL, NULL, NULL, '{}'),
(984, 3, 'sheriff2', 111, 0, -462.11, 5977.57, 30.9313, 44.572, 70, 1000, 2, 70, 0, 1, 0, 0, 0, 0, NULL, NULL, NULL, NULL, NULL, NULL, NULL, NULL, NULL, NULL, NULL, NULL, NULL, '{}'),
(985, 3, 'sheriff2', 111, 0, -459.261, 5980.39, 30.9324, 43.7631, 70, 1000, 2, 70, 0, 1, 0, 0, 0, 0, NULL, NULL, NULL, NULL, NULL, NULL, NULL, NULL, NULL, NULL, NULL, NULL, NULL, '{}'),
(986, 3, 'sheriff2', 111, 0, -456.416, 5983.16, 30.9339, 44.2144, 70, 1000, 2, 70, 0, 1, 82.9, 0, 0, 0, NULL, NULL, NULL, NULL, NULL, NULL, NULL, NULL, NULL, NULL, NULL, NULL, NULL, '{}'),
(987, 6, 'apc', 110, 0, -2370.31, 3358.48, 32.528, 331.168, 70, 1000, 2, 70, 0, 1, 3.8, 0, 0, 0, NULL, NULL, NULL, NULL, NULL, NULL, NULL, NULL, NULL, NULL, NULL, NULL, NULL, '{}'),
(988, 6, 'apc', 110, 0, -2364.83, 3355.46, 32.5282, 329.121, 70, 1000, 2, 70, 0, 1, 9.1, 0, 0, 0, NULL, NULL, NULL, NULL, NULL, NULL, NULL, NULL, NULL, NULL, NULL, NULL, NULL, '{}'),
(989, 6, 'apc', 110, 0, -2360.43, 3352.93, 32.5286, 331.298, 70, 1000, 2, 70, 0, 1, 19.5, 0, 0, 0, NULL, NULL, NULL, NULL, NULL, NULL, NULL, NULL, NULL, NULL, NULL, NULL, NULL, '{}'),
(990, 6, 'apc', 110, 0, -2355.9, 3350.71, 32.5278, 329.121, 70, 1000, 2, 70, 0, 1, 28.2, 0, 0, 0, NULL, NULL, NULL, NULL, NULL, NULL, NULL, NULL, NULL, NULL, NULL, NULL, NULL, '{}'),
(991, 3, 'police4', 0, 0, -462.439, 6009.74, 30.9463, 85.349, 70, 1000, 2, 70, 0, 1, 149.4, 0, 0, 0, NULL, NULL, NULL, NULL, NULL, NULL, NULL, NULL, NULL, NULL, NULL, NULL, NULL, '{}'),
(992, 3, 'sheriff', 111, 0, -434.997, 6031.44, 30.9449, 29.8261, 70, 1000, 2, 70, 0, 1, 155.3, 0, 0, 0, NULL, NULL, NULL, NULL, NULL, NULL, NULL, NULL, NULL, NULL, NULL, NULL, NULL, '{}'),
(993, 3, 'sheriff', 111, 0, -438.679, 6029.1, 30.9453, 33.7695, 70, 1000, 2, 70, 0, 1, 72.3, 0, 0, 0, NULL, NULL, NULL, NULL, NULL, NULL, NULL, NULL, NULL, NULL, NULL, NULL, NULL, '{}'),
(994, 3, 'sheriff', 111, 0, -441.895, 6026.34, 30.9454, 39.7966, 70, 1000, 2, 70, 0, 1, 63.6, 0, 0, 0, NULL, NULL, NULL, NULL, NULL, NULL, NULL, NULL, NULL, NULL, NULL, NULL, NULL, '{}'),
(995, 3, 'policeb', 111, 0, -479.599, 5974.16, 30.7779, 315.316, 70, 1000, 2, 70, 0, 1, 117.2, 0, 0, 0, NULL, NULL, NULL, NULL, NULL, NULL, NULL, NULL, NULL, NULL, NULL, NULL, NULL, '{}'),
(996, 3, 'policeb', 111, 0, -478.087, 5972.74, 30.7758, 316.268, 70, 1000, 2, 70, 0, 1, 93.7, 0, 0, 0, NULL, NULL, NULL, NULL, NULL, NULL, NULL, NULL, NULL, NULL, NULL, NULL, NULL, '{}'),
(997, 3, 'policeb', 111, 0, -476.732, 5971.37, 30.7772, 316.106, 70, 1000, 2, 70, 0, 1, 65.2, 0, 0, 0, NULL, NULL, NULL, NULL, NULL, NULL, NULL, NULL, NULL, NULL, NULL, NULL, NULL, '{}'),
(998, 3, 'policeb', 111, 0, -475.198, 5969.87, 30.7797, 314.463, 70, 1000, 2, 70, 0, 1, 46.1, 0, 0, 0, NULL, NULL, NULL, NULL, NULL, NULL, NULL, NULL, NULL, NULL, NULL, NULL, NULL, '{}'),
(999, 3, 'sheriff2', 111, 0, -465.086, 5974.61, 30.9336, 43.5602, 70, 1000, 2, 70, 0, 1, 29.3, 0, 0, 0, NULL, NULL, NULL, NULL, NULL, NULL, NULL, NULL, NULL, NULL, NULL, NULL, NULL, '{}'),
(1000, 3, 'sheriff', 111, 0, 1847.25, 3672.15, 33.3097, 208.616, 70, 1000, 2, 70, 0, 1, 40.8, 0, 0, 0, NULL, NULL, NULL, NULL, NULL, NULL, NULL, NULL, NULL, NULL, NULL, NULL, NULL, '{}'),
(1001, 3, 'sheriff', 111, 0, 1850.45, 3674.09, 33.3665, 210.75, 70, 1000, 2, 70, 0, 1, 12.6, 0, 0, 0, NULL, NULL, NULL, NULL, NULL, NULL, NULL, NULL, NULL, NULL, NULL, NULL, NULL, '{}'),
(1002, 3, 'sheriff', 111, 0, 1853.76, 3676.18, 33.3578, 210.795, 70, 1000, 2, 70, 0, 1, 0, 0, 0, 0, NULL, NULL, NULL, NULL, NULL, NULL, NULL, NULL, NULL, NULL, NULL, NULL, NULL, '{}'),
(1011, 3, 'sheriff2', 111, 0, 1862.57, 3680.06, 33.3146, 210.58, 70, 1000, 2, 70, 0, 1, 0, 0, 0, 0, NULL, NULL, NULL, NULL, NULL, NULL, NULL, NULL, NULL, NULL, NULL, NULL, NULL, '{}'),
(1012, 3, 'insurgent2', 0, 0, 1843.34, 3705.42, 33.5782, 29.1603, 70, 1000, 2, 70, 0, 1, 0.1, 0, 0, 0, NULL, NULL, NULL, NULL, NULL, NULL, NULL, NULL, NULL, NULL, NULL, NULL, NULL, '{}'),
(1013, 3, 'sheriff2', 111, 111, 1865.64, 3681.98, 33.31, 211.066, 70, 1000, 2, 70, 0, 1, 0, 0, 0, 0, NULL, NULL, NULL, NULL, NULL, NULL, NULL, NULL, NULL, NULL, NULL, NULL, NULL, '{}'),
(1014, 3, 'sheriff2', 111, 0, 1869.09, 3684.07, 33.3386, 212.329, 30, 1000, 2, 70, 0, 1, 3.7, 0, 0, 0, NULL, NULL, NULL, NULL, NULL, NULL, NULL, NULL, NULL, NULL, NULL, NULL, NULL, '{}'),
(1017, 6, 'buzzard', 110, 0, -1989.93, 3062.79, 32.7077, 329.662, 70, 1000, 2, 70, 0, 1, 71.5, 0, 0, 0, NULL, NULL, NULL, NULL, NULL, NULL, NULL, NULL, NULL, NULL, NULL, NULL, NULL, '{}'),
(1018, 6, 'police4', 110, 0, -2428.44, 3285.41, 32.4365, 241.41, 70, 1000, 2, 70, 0, 1, 224.4, 0, 0, 0, NULL, NULL, NULL, NULL, NULL, NULL, NULL, NULL, NULL, NULL, NULL, NULL, NULL, '{}'),
(1019, 6, 'police4', 110, 0, -2430.17, 3282.38, 32.436, 240.694, 70, 1000, 2, 70, 0, 1, 308.7, 0, 0, 0, NULL, NULL, NULL, NULL, NULL, NULL, NULL, NULL, NULL, NULL, NULL, NULL, NULL, '{}'),
(1023, 6, 'besra', 110, 0, -2251.76, 3249.24, 33.5796, 240.777, 70, 1000, 2, 70, 0, 1, 0, 0, 0, 0, NULL, NULL, NULL, NULL, NULL, NULL, NULL, NULL, NULL, NULL, NULL, NULL, NULL, '{}'),
(1025, 6, 'besra', 110, 0, -2290.99, 3183.3, 33.5792, 243.555, 70, 1000, 2, 70, 0, 1, 0, 0, 0, 0, NULL, NULL, NULL, NULL, NULL, NULL, NULL, NULL, NULL, NULL, NULL, NULL, NULL, '{}'),
(1026, 6, 'besra', 110, 0, -2237.12, 3273.53, 33.5799, 239.24, 70, 1000, 2, 70, 0, 1, 0, 0, 0, 0, NULL, NULL, NULL, NULL, NULL, NULL, NULL, NULL, NULL, NULL, NULL, NULL, NULL, '{}'),
(1028, 6, 'lazer', 0, 0, -2014.24, 2946.96, 33.314, 329.775, 70, 1000, 2, 70, 0, 1, 75.4, 0, 0, 0, NULL, NULL, NULL, NULL, NULL, NULL, NULL, NULL, NULL, NULL, NULL, NULL, NULL, '{}'),
(1029, 6, 'lazer', 0, 0, -2144.26, 3020.34, 33.3276, 329.478, 70, 1000, 2, 70, 0, 1, 142.7, 0, 0, 0, NULL, NULL, NULL, NULL, NULL, NULL, NULL, NULL, NULL, NULL, NULL, NULL, NULL, '{}'),
(1030, 6, 'luxor2', 110, 0, -2139.11, 3253.4, 33.4135, 149.774, 70, 1000, 2, 70, 0, 1, 18.2, 0, 0, 0, NULL, NULL, NULL, NULL, NULL, NULL, NULL, NULL, NULL, NULL, NULL, NULL, NULL, '{}'),
(1031, 6, 'valkyrie', 110, 110, -1860.05, 2794.64, 33.1913, 328.439, 70, 1000, 2, 70, 0, 1, 0.1, 0, 0, 0, NULL, NULL, NULL, NULL, NULL, NULL, NULL, NULL, NULL, NULL, NULL, NULL, NULL, '{}'),
(1032, 6, 'valkyrie', 110, 0, -1877.26, 2805.47, 33.1909, 328.173, 70, 1000, 2, 70, 0, 1, 31.1, 0, 0, 0, NULL, NULL, NULL, NULL, NULL, NULL, NULL, NULL, NULL, NULL, NULL, NULL, NULL, '{}'),
(1034, 9, 'primo', 53, 0, -151.854, -1570.18, 34.1994, 319.908, 70, 1000, 2, 70, 0, 1, 27.3, 0, 0, 0, NULL, NULL, NULL, NULL, NULL, NULL, NULL, NULL, NULL, NULL, NULL, NULL, NULL, '{}'),
(1035, 9, 'emperor', 53, 0, -106.235, -1604.34, 31.2771, 319.792, 70, 1000, 2, 70, 0, 1, 69.3, 0, 0, 0, NULL, NULL, NULL, NULL, NULL, NULL, NULL, NULL, NULL, NULL, NULL, NULL, NULL, '{}'),
(1036, 9, 'manana', 53, 0, -97.5033, -1581.71, 31.0306, 319.609, 70, 1000, 2, 70, 0, 1, 7.5, 0, 0, 0, NULL, NULL, NULL, NULL, NULL, NULL, NULL, NULL, NULL, NULL, NULL, NULL, NULL, '{}'),
(1037, 9, 'manana', 53, 0, -92.7421, -1588.66, 31.0146, 320.238, 70, 1000, 2, 70, 0, 1, 6, 0, 0, 0, NULL, NULL, NULL, NULL, NULL, NULL, NULL, NULL, NULL, NULL, NULL, NULL, NULL, '{}'),
(1038, 9, 'bmx', 53, 0, -136.197, -1595.94, 33.6322, 296.15, 70, 1000, 2, 70, 0, 1, 2.2, 0, 0, 0, NULL, NULL, NULL, NULL, NULL, NULL, NULL, NULL, NULL, NULL, NULL, NULL, NULL, '{}'),
(1039, 9, 'bmx', 53, 0, -138.539, -1594.11, 33.6334, 297.076, 70, 1000, 2, 70, 0, 1, 1.4, 0, 0, 0, NULL, NULL, NULL, NULL, NULL, NULL, NULL, NULL, NULL, NULL, NULL, NULL, NULL, '{}'),
(1040, 6, 'pranger', 110, 0, -2309.12, 3271.83, 32.4481, 59.9152, 70, 1000, 2, 70, 0, 1, 81.5, 0, 0, 0, NULL, NULL, NULL, NULL, NULL, NULL, NULL, NULL, NULL, NULL, NULL, NULL, NULL, '{}'),
(1041, 7, 'terbyte', 78, 0, 2438.38, -371.553, 93.0691, 270.876, 70, 1000, 2, 70, 0, 1, 1.4, 0, 0, 0, NULL, NULL, NULL, NULL, NULL, NULL, NULL, NULL, NULL, NULL, NULL, NULL, NULL, '{}'),
(1042, 7, 'terbyte', 78, 0, 2438.36, -367.88, 93.0688, 270.86, 70, 1000, 2, 70, 0, 1, 0, 0, 0, 0, NULL, NULL, NULL, NULL, NULL, NULL, NULL, NULL, NULL, NULL, NULL, NULL, NULL, '{}'),
(1043, 7, 'terbyte', 78, 0, 2438.34, -364.026, 93.0711, 270.675, 70, 1000, 2, 70, 0, 1, 6.1, 0, 0, 0, NULL, NULL, NULL, NULL, NULL, NULL, NULL, NULL, NULL, NULL, NULL, NULL, NULL, '{}'),
(1044, 6, 'besra', 110, 0, -2265.48, 3225.01, 33.5802, 237.852, 70, 1000, 2, 70, 0, 1, 63.2, 0, 0, 0, NULL, NULL, NULL, NULL, NULL, NULL, NULL, NULL, NULL, NULL, NULL, NULL, NULL, '{}'),
(1070, 2, 'towtruck', 0, 0, 484.872, -1096.42, 29.1685, 90.793, 70, 1000, 2, 70, 0, 1, 19.8, 0, 0, 0, NULL, NULL, NULL, NULL, NULL, NULL, NULL, NULL, NULL, NULL, NULL, NULL, NULL, '{}'),
(1071, 2, 'towtruck', 0, 0, 460.004, -1105.38, 29.1674, 272.681, 70, 1000, 2, 70, 0, 1, 76.9, 0, 0, 0, NULL, NULL, NULL, NULL, NULL, NULL, NULL, NULL, NULL, NULL, NULL, NULL, NULL, '{}'),
(1081, 20, 'seminole', 82, 0, 1412.24, 3621.68, 34.3561, 201.089, 70, 1000, 2, 70, 0, 1, 312.5, 0, 0, 0, NULL, NULL, NULL, NULL, NULL, NULL, NULL, NULL, NULL, NULL, NULL, NULL, NULL, '{}'),
(1082, 20, 'seminole', 82, 0, 1415.92, 3623.22, 34.319, 199.084, 70, 1000, 2, 70, 0, 1, 20.8, 0, 0, 0, NULL, NULL, NULL, NULL, NULL, NULL, NULL, NULL, NULL, NULL, NULL, NULL, NULL, '{}'),
(1083, 20, 'bjxl', 82, 82, 1420.02, 3624.36, 34.7506, 198.668, 70, 1000, 2, 70, 0, 1, 42.9, 0, 0, 0, NULL, NULL, NULL, NULL, NULL, NULL, NULL, NULL, NULL, NULL, NULL, NULL, NULL, '{}'),
(1084, 20, 'bjxl', 82, 82, 1423.92, 3625.76, 34.7549, 198.731, 70, 1000, 2, 70, 0, 1, 11.7, 0, 0, 0, NULL, NULL, NULL, NULL, NULL, NULL, NULL, NULL, NULL, NULL, NULL, NULL, NULL, '{}'),
(1085, 20, 'burrito3', 82, 0, 1384.42, 3598.87, 34.7122, 200.138, 70, 1000, 2, 70, 0, 1, 5.8, 0, 0, 0, NULL, NULL, NULL, NULL, NULL, NULL, NULL, NULL, NULL, NULL, NULL, NULL, NULL, '{}'),
(1086, 20, 'baller', 82, 0, 1400.41, 3627.81, 34.8715, 111.32, 70, 1000, 2, 70, 0, 1, 111.7, 0, 0, 0, NULL, NULL, NULL, NULL, NULL, NULL, NULL, NULL, NULL, NULL, NULL, NULL, NULL, '{}'),
(1089, -1001, 'faggio', 56, 0, -174.116, 6442.28, 30.9896, 43.3152, 70, 1000, 2, 70, 0, 1, 0, 0, 0, 0, NULL, NULL, NULL, NULL, NULL, NULL, NULL, NULL, NULL, NULL, NULL, NULL, NULL, '{}'),
(1106, 3, 'towtruck', 111, 0, -470.66, 5968.76, 31.2724, 316.137, 70, 1000, 2, 70, 0, 1, 3.6, 0, 0, 0, NULL, NULL, NULL, NULL, NULL, NULL, NULL, NULL, NULL, NULL, NULL, NULL, NULL, '{}'),
(1125, 18, 'zombieb', 0, 0, 1998.83, 3052.76, 46.5166, 356.019, 70, 1000, 2, 70, 0, 1, 23.7, 0, 0, 0, NULL, NULL, NULL, NULL, NULL, NULL, NULL, NULL, NULL, NULL, NULL, NULL, NULL, '{}'),
(1126, 18, 'zombieb', 0, 0, 2001.29, 3061.11, 46.5112, 118.589, 70, 1000, 2, 70, 0, 1, 66.2, 0, 0, 0, NULL, NULL, NULL, NULL, NULL, NULL, NULL, NULL, NULL, NULL, NULL, NULL, NULL, '{}'),
(1127, 18, 'zombieb', 0, 0, 1999.25, 3062.65, 46.5113, 111.115, 70, 1000, 2, 70, 0, 1, 232.8, 0, 0, 0, NULL, NULL, NULL, NULL, NULL, NULL, NULL, NULL, NULL, NULL, NULL, NULL, NULL, '{}'),
(1128, 18, 'zombieb', 0, 0, 1996.85, 3064.07, 46.5111, 120.908, 70, 1000, 2, 70, 0, 1, 179.6, 0, 0, 0, NULL, NULL, NULL, NULL, NULL, NULL, NULL, NULL, NULL, NULL, NULL, NULL, NULL, '{}'),
(1129, 18, 'zombieb', 0, 0, 1994.41, 3065.52, 46.5098, 118.461, 70, 1000, 2, 70, 0, 1, 113.9, 0, 0, 0, NULL, NULL, NULL, NULL, NULL, NULL, NULL, NULL, NULL, NULL, NULL, NULL, NULL, '{}'),
(1130, 18, 'zombieb', 0, 0, 1986.34, 3060.36, 46.5278, 351.513, 70, 1000, 2, 70, 0, 1, 53.1, 0, 0, 0, NULL, NULL, NULL, NULL, NULL, NULL, NULL, NULL, NULL, NULL, NULL, NULL, NULL, '{}'),
(1131, 19, 'daemon', 0, 0, 986.086, -116.052, 73.3242, 65.9597, 70, 1000, 2, 70, 0, 1, 29.2, 0, 0, 0, NULL, NULL, NULL, NULL, NULL, NULL, NULL, NULL, NULL, NULL, NULL, NULL, NULL, '{}'),
(1132, 19, 'daemon', 0, 0, 987.161, -114.353, 73.3695, 70.1649, 70, 1000, 2, 70, 0, 1, 62.1, 0, 0, 0, NULL, NULL, NULL, NULL, NULL, NULL, NULL, NULL, NULL, NULL, NULL, NULL, NULL, '{}'),
(1133, 19, 'daemon', 0, 0, 988.156, -112.015, 73.4686, 68.4523, 70, 1000, 2, 70, 0, 1, 108.9, 0, 0, 0, NULL, NULL, NULL, NULL, NULL, NULL, NULL, NULL, NULL, NULL, NULL, NULL, NULL, '{}'),
(1134, 19, 'zombieb', 0, 0, 989.315, -110.469, 73.5325, 77.897, 70, 1000, 2, 70, 0, 1, 15.5, 0, 0, 0, NULL, NULL, NULL, NULL, NULL, NULL, NULL, NULL, NULL, NULL, NULL, NULL, NULL, '{}'),
(1135, 19, 'zombieb', 0, 0, 990.739, -108.166, 73.6564, 80.8226, 70, 1000, 2, 70, 0, 1, 144.9, 0, 0, 0, NULL, NULL, NULL, NULL, NULL, NULL, NULL, NULL, NULL, NULL, NULL, NULL, NULL, '{}'),
(1138, -4001, 'faggio', 0, 0, 1519.35, 3766.43, 33.5133, 222.029, 70, 1000, 2, 70, 0, 0, 86.5, 0, 0, 0, NULL, NULL, NULL, NULL, NULL, NULL, NULL, NULL, NULL, NULL, NULL, NULL, NULL, '{}');
INSERT INTO `vehicles` (`id`, `owner`, `model`, `color1`, `color2`, `x`, `y`, `z`, `h`, `fuel`, `health`, `consumption`, `maxFuel`, `dimension`, `license`, `mileage`, `engineBroken`, `oilBroken`, `accumulatorBroken`, `enabledNeons`, `neonColor`, `hasXenon`, `wheel`, `backWheel`, `tiresCustomDesign`, `tiresCanBurst`, `tiresSmokeColor`, `turbo`, `wheelType`, `numberPlateType`, `wheelColor`, `windowTint`, `data`) VALUES
(1139, -4001, 'faggio', 0, 0, 1517.04, 3747.65, 33.931, 24.7389, 70, 1000, 2, 70, 0, 0, 138.7, 0, 0, 0, NULL, NULL, NULL, NULL, NULL, NULL, NULL, NULL, NULL, NULL, NULL, NULL, NULL, '{}'),
(1140, -4001, 'faggio', 0, 0, 1519.02, 3748.93, 33.9284, 23.5428, 70, 1000, 2, 70, 0, 0, 116, 0, 0, 0, NULL, NULL, NULL, NULL, NULL, NULL, NULL, NULL, NULL, NULL, NULL, NULL, NULL, '{}'),
(1141, -4001, 'faggio', 0, 0, 1520.88, 3749.81, 33.926, 15.7967, 70, 1000, 2, 70, 0, 0, 80.9, 0, 0, 0, NULL, NULL, NULL, NULL, NULL, NULL, NULL, NULL, NULL, NULL, NULL, NULL, NULL, '{}'),
(1142, -4001, 'faggio', 0, 0, 1524.34, 3751.37, 34, 19.3699, 70, 1000, 2, 70, 0, 0, 79.5, 0, 0, 0, NULL, NULL, NULL, NULL, NULL, NULL, NULL, NULL, NULL, NULL, NULL, NULL, NULL, '{}'),
(1144, -4001, 'faggio', 1, 5, 563.086, -1753.65, 28.6396, 264.993, 70, 1000, 2, 70, 0, 0, 49.8, 0, 0, 0, NULL, NULL, NULL, NULL, NULL, NULL, NULL, NULL, NULL, NULL, NULL, NULL, NULL, '{}'),
(1145, -4001, 'faggio', 1, 2, 562.215, -1755.25, 28.6539, 266.29, 70, 1000, 2, 70, 0, 0, 78.6, 0, 0, 0, NULL, NULL, NULL, NULL, NULL, NULL, NULL, NULL, NULL, NULL, NULL, NULL, NULL, '{}'),
(1146, -4001, 'faggio', 0, 0, 1566.35, 3779.74, 34.0609, 41.3606, 70, 1000, 2, 70, 0, 0, 103.5, 0, 0, 0, NULL, NULL, NULL, NULL, NULL, NULL, NULL, NULL, NULL, NULL, NULL, NULL, NULL, '{}'),
(1147, -4001, 'faggio', 0, 0, 561.601, -1756.73, 28.6495, 260.547, 70, 1000, 2, 70, 0, 0, 32.5, 0, 0, 0, NULL, NULL, NULL, NULL, NULL, NULL, NULL, NULL, NULL, NULL, NULL, NULL, NULL, '{}'),
(1148, -4001, 'faggio', 0, 0, -966.722, -2712.31, 13.3108, 7.5271, 70, 1000, 2, 70, 0, 0, 21.6, 0, 0, 0, NULL, NULL, NULL, NULL, NULL, NULL, NULL, NULL, NULL, NULL, NULL, NULL, NULL, '{}'),
(1149, -4001, 'faggio', 0, 0, 561, -1758.06, 28.6472, 257.319, 70, 1000, 2, 70, 0, 0, 44.9, 0, 0, 0, NULL, NULL, NULL, NULL, NULL, NULL, NULL, NULL, NULL, NULL, NULL, NULL, NULL, '{}'),
(1150, -4001, 'faggio', 0, 0, 542.001, -1794.55, 28.7117, 323.174, 70, 1000, 2, 70, 0, 0, 39, 0, 0, 0, NULL, NULL, NULL, NULL, NULL, NULL, NULL, NULL, NULL, NULL, NULL, NULL, NULL, '{}'),
(1151, -4001, 'faggio', 0, 0, 540.161, -1793.34, 28.7375, 337.622, 70, 1000, 2, 70, 0, 0, 29.2, 0, 0, 0, NULL, NULL, NULL, NULL, NULL, NULL, NULL, NULL, NULL, NULL, NULL, NULL, NULL, '{}'),
(1152, -4001, 'faggio', 0, 0, 546.277, -1797.85, 28.6772, 336.797, 70, 1000, 2, 70, 0, 0, 24.5, 0, 0, 0, NULL, NULL, NULL, NULL, NULL, NULL, NULL, NULL, NULL, NULL, NULL, NULL, NULL, '{}'),
(1153, -4001, 'faggio', 0, 0, -1017.49, -2687.35, 13.4654, 247.64, 70, 1000, 2, 70, 0, 0, 48.7, 0, 0, 0, NULL, NULL, NULL, NULL, NULL, NULL, NULL, NULL, NULL, NULL, NULL, NULL, NULL, '{}'),
(1154, -4001, 'faggio', 0, 0, -1018.02, -2688.56, 13.4631, 239.717, 70, 1000, 2, 70, 0, 0, 96.9, 0, 0, 0, NULL, NULL, NULL, NULL, NULL, NULL, NULL, NULL, NULL, NULL, NULL, NULL, NULL, '{}'),
(1155, -4001, 'faggio', 0, 0, -1018.67, -2689.9, 13.4661, 241.685, 70, 1000, 2, 70, 0, 0, 76.3, 0, 0, 0, NULL, NULL, NULL, NULL, NULL, NULL, NULL, NULL, NULL, NULL, NULL, NULL, NULL, '{}'),
(1156, -4001, 'faggio', 0, 0, -1019.3, -2691.05, 13.4658, 240.415, 70, 1000, 2, 70, 0, 0, 70.7, 0, 0, 0, NULL, NULL, NULL, NULL, NULL, NULL, NULL, NULL, NULL, NULL, NULL, NULL, NULL, '{}'),
(1157, -4001, 'faggio', 0, 0, -1019.91, -2692, 13.471, 235.397, 70, 1000, 2, 70, 0, 0, 94, 0, 0, 0, NULL, NULL, NULL, NULL, NULL, NULL, NULL, NULL, NULL, NULL, NULL, NULL, NULL, '{}'),
(1158, -4001, 'faggio', 0, 0, -1011.06, -2697.15, 13.4709, 60.4537, 70, 1000, 2, 70, 0, 0, 94.5, 0, 0, 0, NULL, NULL, NULL, NULL, NULL, NULL, NULL, NULL, NULL, NULL, NULL, NULL, NULL, '{}'),
(1159, -4001, 'faggio', 0, 0, -1010.18, -2695.81, 13.4668, 58.248, 70, 1000, 2, 70, 0, 0, 97.4, 0, 0, 0, NULL, NULL, NULL, NULL, NULL, NULL, NULL, NULL, NULL, NULL, NULL, NULL, NULL, '{}'),
(1160, -4001, 'faggio', 0, 0, -1009.06, -2694.32, 13.4642, 56.8846, 70, 1000, 2, 70, 0, 0, 53.1, 0, 0, 0, NULL, NULL, NULL, NULL, NULL, NULL, NULL, NULL, NULL, NULL, NULL, NULL, NULL, '{}'),
(1161, -4001, 'faggio', 0, 0, -1008.18, -2693.1, 13.4618, 60.8368, 70, 1000, 2, 70, 0, 0, 122.7, 0, 0, 0, NULL, NULL, NULL, NULL, NULL, NULL, NULL, NULL, NULL, NULL, NULL, NULL, NULL, '{}'),
(1162, -4001, 'faggio', 0, 0, -1017.02, -2686.26, 13.465, 247.661, 70, 1000, 2, 70, 0, 0, 51.7, 0, 0, 0, NULL, NULL, NULL, NULL, NULL, NULL, NULL, NULL, NULL, NULL, NULL, NULL, NULL, '{}'),
(1163, -4001, 'faggio', 0, 0, -1007.52, -2691.97, 13.4668, 61.1929, 70, 1000, 2, 70, 0, 0, 49.2, 0, 0, 0, NULL, NULL, NULL, NULL, NULL, NULL, NULL, NULL, NULL, NULL, NULL, NULL, NULL, '{}'),
(1164, -4001, 'faggio', 0, 0, -1006.04, -2689.19, 13.4647, 61.3101, 70, 1000, 2, 70, 0, 0, 74.5, 0, 0, 0, NULL, NULL, NULL, NULL, NULL, NULL, NULL, NULL, NULL, NULL, NULL, NULL, NULL, '{}'),
(1165, -4001, 'faggio', 0, 0, -1005.37, -2687.99, 13.4684, 58.6347, 70, 1000, 2, 70, 0, 0, 56.6, 0, 0, 0, NULL, NULL, NULL, NULL, NULL, NULL, NULL, NULL, NULL, NULL, NULL, NULL, NULL, '{}'),
(1166, -4001, 'faggio', 0, 0, -1004.78, -2686.94, 13.4664, 58.724, 70, 1000, 2, 70, 0, 0, 79.1, 0, 0, 0, NULL, NULL, NULL, NULL, NULL, NULL, NULL, NULL, NULL, NULL, NULL, NULL, NULL, '{}'),
(1167, -4001, 'faggio', 0, 0, -1015.49, -2683.59, 13.4698, 237.37, 70, 1000, 2, 70, 0, 0, 51.9, 0, 0, 0, NULL, NULL, NULL, NULL, NULL, NULL, NULL, NULL, NULL, NULL, NULL, NULL, NULL, '{}'),
(1168, -4001, 'faggio', 0, 0, -1014.84, -2682.48, 13.4692, 239.136, 70, 1000, 2, 70, 0, 0, 84.6, 0, 0, 0, NULL, NULL, NULL, NULL, NULL, NULL, NULL, NULL, NULL, NULL, NULL, NULL, NULL, '{}'),
(1169, -4001, 'faggio', 0, 0, -1014.17, -2681.31, 13.4639, 238.489, 70, 1000, 2, 70, 0, 0, 63.8, 0, 0, 0, NULL, NULL, NULL, NULL, NULL, NULL, NULL, NULL, NULL, NULL, NULL, NULL, NULL, '{}'),
(1170, -4001, 'faggio', 0, 0, -1013.53, -2680.31, 13.4665, 239.823, 70, 1000, 2, 70, 0, 0, 70, 0, 0, 0, NULL, NULL, NULL, NULL, NULL, NULL, NULL, NULL, NULL, NULL, NULL, NULL, NULL, '{}'),
(1171, -4001, 'faggio', 0, 0, -1004.13, -2685.94, 13.4702, 60.0744, 70, 1000, 2, 70, 0, 0, 57, 0, 0, 0, NULL, NULL, NULL, NULL, NULL, NULL, NULL, NULL, NULL, NULL, NULL, NULL, NULL, '{}'),
(1172, -4001, 'faggio', 0, 0, -1012.95, -2679.2, 13.4672, 246.203, 70, 1000, 2, 70, 0, 0, 48.9, 0, 0, 0, NULL, NULL, NULL, NULL, NULL, NULL, NULL, NULL, NULL, NULL, NULL, NULL, NULL, '{}'),
(1173, -4001, 'faggio', 0, 0, -1012.32, -2678.13, 13.468, 240.603, 70, 1000, 2, 70, 0, 0, 67.7, 0, 0, 0, NULL, NULL, NULL, NULL, NULL, NULL, NULL, NULL, NULL, NULL, NULL, NULL, NULL, '{}'),
(1174, -4001, 'faggio', 0, 0, -1003.47, -2684.81, 13.47, 47.3556, 70, 1000, 2, 70, 0, 0, 54.4, 0, 0, 0, NULL, NULL, NULL, NULL, NULL, NULL, NULL, NULL, NULL, NULL, NULL, NULL, NULL, '{}'),
(1175, -4001, 'faggio', 0, 0, -1002.82, -2683.73, 13.4699, 41.3653, 70, 1000, 2, 70, 0, 0, 64.1, 0, 0, 0, NULL, NULL, NULL, NULL, NULL, NULL, NULL, NULL, NULL, NULL, NULL, NULL, NULL, '{}'),
(1189, -4001, 'faggio', 0, 0, 308.874, -1380.06, 31.2578, 28.9572, 70, 1000, 2, 70, 0, 0, 58.3, 0, 0, 0, NULL, NULL, NULL, NULL, NULL, NULL, NULL, NULL, NULL, NULL, NULL, NULL, NULL, '{}'),
(1190, -4001, 'faggio', 0, 0, 309.752, -1379.07, 31.2752, 17.1258, 70, 1000, 2, 70, 0, 0, 82.6, 0, 0, 0, NULL, NULL, NULL, NULL, NULL, NULL, NULL, NULL, NULL, NULL, NULL, NULL, NULL, '{}'),
(1191, -4001, 'faggio', 0, 0, 311.618, -1376.68, 31.303, 24.0071, 70, 1000, 2, 70, 0, 0, 42.9, 0, 0, 0, NULL, NULL, NULL, NULL, NULL, NULL, NULL, NULL, NULL, NULL, NULL, NULL, NULL, '{}'),
(1192, -4001, 'faggio', 0, 0, 1506.87, 3741.36, 33.8956, 27.101, 70, 1000, 2, 70, 0, 0, 104.9, 0, 0, 0, NULL, NULL, NULL, NULL, NULL, NULL, NULL, NULL, NULL, NULL, NULL, NULL, NULL, '{}'),
(1193, -4001, 'faggio', 0, 0, 310.762, -1377.86, 31.2977, 28.8756, 70, 1000, 2, 70, 0, 0, 38.1, 0, 0, 0, NULL, NULL, NULL, NULL, NULL, NULL, NULL, NULL, NULL, NULL, NULL, NULL, NULL, '{}'),
(1194, -4001, 'faggio', 0, 0, 312.673, -1375.45, 31.2943, 20.9259, 70, 1000, 2, 70, 0, 0, 29.9, 0, 0, 0, NULL, NULL, NULL, NULL, NULL, NULL, NULL, NULL, NULL, NULL, NULL, NULL, NULL, '{}'),
(1195, -4001, 'faggio', 0, 0, 313.786, -1374.3, 31.2767, 17.9268, 70, 1000, 2, 70, 0, 0, 51.3, 0, 0, 0, NULL, NULL, NULL, NULL, NULL, NULL, NULL, NULL, NULL, NULL, NULL, NULL, NULL, '{}'),
(1196, -4001, 'faggio', 0, 0, 1505.55, 3740.54, 33.8798, 30.7734, 70, 1000, 2, 70, 0, 0, 85.9, 0, 0, 0, NULL, NULL, NULL, NULL, NULL, NULL, NULL, NULL, NULL, NULL, NULL, NULL, NULL, '{}'),
(1197, -4001, 'faggio', 0, 0, 315.72, -1371.84, 31.2733, 27.6844, 70, 1000, 2, 70, 0, 0, 36, 0, 0, 0, NULL, NULL, NULL, NULL, NULL, NULL, NULL, NULL, NULL, NULL, NULL, NULL, NULL, '{}'),
(1198, -4001, 'faggio', 0, 0, 314.733, -1373, 31.2788, 25.7758, 70, 1000, 2, 70, 0, 0, 36.9, 0, 0, 0, NULL, NULL, NULL, NULL, NULL, NULL, NULL, NULL, NULL, NULL, NULL, NULL, NULL, '{}'),
(1199, -4001, 'faggio', 0, 0, 316.83, -1370.58, 31.2728, 26.8568, 70, 1000, 2, 70, 0, 0, 56, 0, 0, 0, NULL, NULL, NULL, NULL, NULL, NULL, NULL, NULL, NULL, NULL, NULL, NULL, NULL, '{}'),
(1200, -4001, 'faggio', 0, 0, 1504.31, 3739.88, 33.8715, 34.0914, 70, 1000, 2, 70, 0, 0, 82, 0, 0, 0, NULL, NULL, NULL, NULL, NULL, NULL, NULL, NULL, NULL, NULL, NULL, NULL, NULL, '{}'),
(1201, -4001, 'faggio', 0, 0, 317.836, -1369.35, 31.2604, 23.0753, 70, 1000, 2, 70, 0, 0, 37.5, 0, 0, 0, NULL, NULL, NULL, NULL, NULL, NULL, NULL, NULL, NULL, NULL, NULL, NULL, NULL, '{}'),
(1204, -4001, 'faggio', 0, 0, 1502.74, 3738.85, 33.8521, 37.1377, 70, 1000, 2, 70, 0, 0, 64.3, 0, 0, 0, NULL, NULL, NULL, NULL, NULL, NULL, NULL, NULL, NULL, NULL, NULL, NULL, NULL, '{}'),
(1207, -4001, 'faggio', 0, 0, -184.77, 6445.17, 30.5032, 235.227, 70, 1000, 2, 70, 0, 0, 45.9, 0, 0, 0, NULL, NULL, NULL, NULL, NULL, NULL, NULL, NULL, NULL, NULL, NULL, NULL, NULL, '{}'),
(1208, -4001, 'faggio', 0, 0, -184.102, 6446.33, 30.4944, 237.269, 70, 1000, 2, 70, 0, 0, 0, 0, 0, 0, NULL, NULL, NULL, NULL, NULL, NULL, NULL, NULL, NULL, NULL, NULL, NULL, NULL, '{}'),
(1209, -4001, 'faggio', 0, 0, 1500.2, 3737.36, 33.8337, 26.1178, 70, 1000, 2, 70, 0, 0, 94.9, 0, 0, 0, NULL, NULL, NULL, NULL, NULL, NULL, NULL, NULL, NULL, NULL, NULL, NULL, NULL, '{}'),
(1210, -4001, 'faggio', 0, 0, -183.288, 6447.57, 30.4848, 238.464, 70, 1000, 2, 70, 0, 0, 16.6, 0, 0, 0, NULL, NULL, NULL, NULL, NULL, NULL, NULL, NULL, NULL, NULL, NULL, NULL, NULL, '{}'),
(1211, -4001, 'faggio', 0, 0, -182.525, 6448.91, 30.4544, 237.331, 70, 1000, 2, 70, 0, 0, 0.2, 0, 0, 0, NULL, NULL, NULL, NULL, NULL, NULL, NULL, NULL, NULL, NULL, NULL, NULL, NULL, '{}'),
(1212, -4001, 'faggio', 0, 0, -173.983, 6457.89, 30.1048, 216.931, 70, 1000, 2, 70, 0, 0, 0.2, 0, 0, 0, NULL, NULL, NULL, NULL, NULL, NULL, NULL, NULL, NULL, NULL, NULL, NULL, NULL, '{}'),
(1213, -4001, 'faggio', 0, 0, -181.554, 6450.48, 30.431, 230.458, 70, 1000, 2, 70, 0, 0, 11.9, 0, 0, 0, NULL, NULL, NULL, NULL, NULL, NULL, NULL, NULL, NULL, NULL, NULL, NULL, NULL, '{}'),
(1214, -4001, 'faggio', 0, 0, -180.494, 6451.77, 30.4049, 228.164, 70, 1000, 2, 70, 0, 0, 20.3, 0, 0, 0, NULL, NULL, NULL, NULL, NULL, NULL, NULL, NULL, NULL, NULL, NULL, NULL, NULL, '{}'),
(1215, -4001, 'faggio', 0, 0, -179.448, 6453.27, 30.348, 229.339, 70, 1000, 2, 70, 0, 0, 11.4, 0, 0, 0, NULL, NULL, NULL, NULL, NULL, NULL, NULL, NULL, NULL, NULL, NULL, NULL, NULL, '{}'),
(1216, -4001, 'faggio', 0, 0, -178.314, 6454.64, 30.3022, 221.796, 70, 1000, 2, 70, 0, 0, 17.9, 0, 0, 0, NULL, NULL, NULL, NULL, NULL, NULL, NULL, NULL, NULL, NULL, NULL, NULL, NULL, '{}'),
(1217, -4001, 'faggio', 0, 0, -175.093, 6456.99, 30.1682, 206.364, 70, 1000, 2, 70, 0, 0, 24.7, 0, 0, 0, NULL, NULL, NULL, NULL, NULL, NULL, NULL, NULL, NULL, NULL, NULL, NULL, NULL, '{}'),
(1218, -4001, 'faggio', 0, 0, -177.238, 6455.58, 30.2561, 217.46, 70, 1000, 2, 70, 0, 0, 14.8, 0, 0, 0, NULL, NULL, NULL, NULL, NULL, NULL, NULL, NULL, NULL, NULL, NULL, NULL, NULL, '{}'),
(1219, -4001, 'faggio', 0, 0, 560.254, -1759.93, 28.6451, 252.944, 70, 1000, 2, 70, 0, 0, 40.7, 0, 0, 0, NULL, NULL, NULL, NULL, NULL, NULL, NULL, NULL, NULL, NULL, NULL, NULL, NULL, '{}'),
(1220, -4001, 'faggio', 0, 0, -172.439, 6458.97, 30.051, 220.513, 70, 1000, 2, 70, 0, 0, 0, 0, 0, 0, NULL, NULL, NULL, NULL, NULL, NULL, NULL, NULL, NULL, NULL, NULL, NULL, NULL, '{}'),
(1221, -4001, 'faggio', 0, 0, -176.15, 6456.32, 30.2088, 210.701, 70, 1000, 2, 70, 0, 0, 0, 0, 0, 0, NULL, NULL, NULL, NULL, NULL, NULL, NULL, NULL, NULL, NULL, NULL, NULL, NULL, '{}'),
(1222, -4001, 'faggio', 0, 0, 559.322, -1761.85, 28.6464, 249.052, 70, 1000, 2, 70, 0, 0, 64.6, 0, 0, 0, NULL, NULL, NULL, NULL, NULL, NULL, NULL, NULL, NULL, NULL, NULL, NULL, NULL, '{}'),
(1223, -4001, 'faggio', 0, 0, -171.333, 6459.89, 30.0961, 223.985, 70, 1000, 2, 70, 0, 0, 0, 0, 0, 0, NULL, NULL, NULL, NULL, NULL, NULL, NULL, NULL, NULL, NULL, NULL, NULL, NULL, '{}'),
(1224, -4001, 'faggio', 0, 0, 558.31, -1763.96, 28.6463, 242.572, 70, 1000, 2, 70, 0, 0, 89.5, 0, 0, 0, NULL, NULL, NULL, NULL, NULL, NULL, NULL, NULL, NULL, NULL, NULL, NULL, NULL, '{}'),
(1225, -4001, 'faggio', 0, 0, -168.749, 6462.75, 30.2172, 220.177, 70, 1000, 2, 70, 0, 0, 0, 0, 0, 0, NULL, NULL, NULL, NULL, NULL, NULL, NULL, NULL, NULL, NULL, NULL, NULL, NULL, '{}'),
(1226, -4001, 'faggio', 0, 0, -170.337, 6461.09, 30.1481, 220.689, 70, 1000, 2, 70, 0, 0, 0, 0, 0, 0, NULL, NULL, NULL, NULL, NULL, NULL, NULL, NULL, NULL, NULL, NULL, NULL, NULL, '{}'),
(1227, -4001, 'faggio', 0, 0, -169.492, 6461.79, 30.2052, 220.082, 70, 1000, 2, 70, 0, 0, 0, 0, 0, 0, NULL, NULL, NULL, NULL, NULL, NULL, NULL, NULL, NULL, NULL, NULL, NULL, NULL, '{}'),
(1228, -4001, 'faggio', 0, 0, 557.362, -1765.82, 28.6478, 248.418, 70, 1000, 2, 70, 0, 0, 62.6, 0, 0, 0, NULL, NULL, NULL, NULL, NULL, NULL, NULL, NULL, NULL, NULL, NULL, NULL, NULL, '{}'),
(1229, -4001, 'faggio', 0, 0, -167.684, 6463.83, 30.2145, 223.588, 70, 1000, 2, 70, 0, 0, 0, 0, 0, 0, NULL, NULL, NULL, NULL, NULL, NULL, NULL, NULL, NULL, NULL, NULL, NULL, NULL, '{}'),
(1230, -4001, 'faggio', 0, 0, -162.273, 6454.09, 30.9244, 39.749, 70, 1000, 2, 70, 0, 0, 9.2, 0, 0, 0, NULL, NULL, NULL, NULL, NULL, NULL, NULL, NULL, NULL, NULL, NULL, NULL, NULL, '{}'),
(1231, -4001, 'faggio', 0, 0, 556.318, -1768.16, 28.6455, 248.045, 70, 1000, 2, 70, 0, 0, 62.1, 0, 0, 0, NULL, NULL, NULL, NULL, NULL, NULL, NULL, NULL, NULL, NULL, NULL, NULL, NULL, '{}'),
(1232, -4001, 'faggio', 0, 0, -161.091, 6455.21, 30.8595, 30.378, 70, 1000, 2, 70, 0, 0, 12.7, 0, 0, 0, NULL, NULL, NULL, NULL, NULL, NULL, NULL, NULL, NULL, NULL, NULL, NULL, NULL, '{}'),
(1233, -4001, 'faggio', 0, 0, 555.228, -1770.53, 28.6477, 243.754, 70, 1000, 2, 70, 0, 0, 27.2, 0, 0, 0, NULL, NULL, NULL, NULL, NULL, NULL, NULL, NULL, NULL, NULL, NULL, NULL, NULL, '{}'),
(1234, -4001, 'faggio', 0, 0, -160.029, 6456.14, 30.7953, 26.6232, 70, 1000, 2, 70, 0, 0, 12.2, 0, 0, 0, NULL, NULL, NULL, NULL, NULL, NULL, NULL, NULL, NULL, NULL, NULL, NULL, NULL, '{}'),
(1235, -4001, 'faggio', 0, 0, -158.838, 6456.84, 30.6457, 31.6969, 70, 1000, 2, 70, 0, 0, 0.8, 0, 0, 0, NULL, NULL, NULL, NULL, NULL, NULL, NULL, NULL, NULL, NULL, NULL, NULL, NULL, '{}'),
(1236, -4001, 'faggio', 0, 0, 553.979, -1773.1, 28.6484, 241.935, 70, 1000, 2, 70, 0, 0, 44.2, 0, 0, 0, NULL, NULL, NULL, NULL, NULL, NULL, NULL, NULL, NULL, NULL, NULL, NULL, NULL, '{}'),
(1237, -4001, 'faggio', 0, 0, -166.716, 6464.84, 30.1799, 215.124, 70, 1000, 2, 70, 0, 0, 37.3, 0, 0, 0, NULL, NULL, NULL, NULL, NULL, NULL, NULL, NULL, NULL, NULL, NULL, NULL, NULL, '{}'),
(1238, -4001, 'faggio', 0, 0, 553.138, -1775.09, 28.6469, 244.88, 70, 1000, 2, 70, 0, 0, 42.6, 0, 0, 0, NULL, NULL, NULL, NULL, NULL, NULL, NULL, NULL, NULL, NULL, NULL, NULL, NULL, '{}'),
(1239, -4001, 'faggio', 0, 0, 551.953, -1777.39, 28.6587, 251.804, 70, 1000, 2, 70, 0, 0, 57.5, 0, 0, 0, NULL, NULL, NULL, NULL, NULL, NULL, NULL, NULL, NULL, NULL, NULL, NULL, NULL, '{}'),
(1240, -4001, 'faggio', 0, 0, 556.021, -1769.04, 28.6434, 242.825, 70, 1000, 2, 70, 0, 0, 77.3, 0, 0, 0, NULL, NULL, NULL, NULL, NULL, NULL, NULL, NULL, NULL, NULL, NULL, NULL, NULL, '{}'),
(1241, -4001, 'faggio', 0, 0, 550.865, -1779.75, 28.6735, 244.518, 70, 1000, 2, 70, 0, 0, 53.6, 0, 0, 0, NULL, NULL, NULL, NULL, NULL, NULL, NULL, NULL, NULL, NULL, NULL, NULL, NULL, '{}'),
(1242, -4001, 'faggio', 0, 0, 562.371, -1755.11, 28.6526, 259.225, 70, 1000, 2, 70, 0, 0, 35.4, 0, 0, 0, NULL, NULL, NULL, NULL, NULL, NULL, NULL, NULL, NULL, NULL, NULL, NULL, NULL, '{}'),
(1243, -4001, 'faggio', 0, 0, 563.847, -1751.93, 28.6235, 260.026, 70, 1000, 2, 70, 0, 0, 83.3, 0, 0, 0, NULL, NULL, NULL, NULL, NULL, NULL, NULL, NULL, NULL, NULL, NULL, NULL, NULL, '{}'),
(1244, -4001, 'faggio', 0, 0, 554.665, -1771.71, 28.6468, 241.02, 70, 1000, 2, 70, 0, 0, 61.3, 0, 0, 0, NULL, NULL, NULL, NULL, NULL, NULL, NULL, NULL, NULL, NULL, NULL, NULL, NULL, '{}'),
(1245, -4001, 'faggio', 0, 0, 551.55, -1778.5, 28.6667, 246.673, 70, 1000, 2, 70, 0, 0, 30.7, 0, 0, 0, NULL, NULL, NULL, NULL, NULL, NULL, NULL, NULL, NULL, NULL, NULL, NULL, NULL, '{}'),
(1246, -4001, 'faggio', 0, 0, 552.696, -1775.99, 28.6468, 246.236, 70, 1000, 2, 70, 0, 0, 54, 0, 0, 0, NULL, NULL, NULL, NULL, NULL, NULL, NULL, NULL, NULL, NULL, NULL, NULL, NULL, '{}'),
(1247, -4001, 'faggio', 0, 0, 1501.17, 3738.03, 33.8418, 26.5843, 70, 1000, 2, 70, 0, 0, 58.5, 0, 0, 0, NULL, NULL, NULL, NULL, NULL, NULL, NULL, NULL, NULL, NULL, NULL, NULL, NULL, '{}'),
(1248, -4001, 'faggio', 0, 0, 1508.12, 3742.09, 33.9125, 31.0508, 70, 1000, 2, 70, 0, 0, 58.6, 0, 0, 0, NULL, NULL, NULL, NULL, NULL, NULL, NULL, NULL, NULL, NULL, NULL, NULL, NULL, '{}'),
(1249, -4001, 'faggio', 0, 0, 1509.4, 3742.8, 33.9211, 24.8255, 70, 1000, 2, 70, 0, 0, 69.1, 0, 0, 0, NULL, NULL, NULL, NULL, NULL, NULL, NULL, NULL, NULL, NULL, NULL, NULL, NULL, '{}'),
(1250, -4001, 'faggio', 0, 0, 1510.76, 3743.49, 33.9296, 26.6194, 70, 1000, 2, 70, 0, 0, 63.4, 0, 0, 0, NULL, NULL, NULL, NULL, NULL, NULL, NULL, NULL, NULL, NULL, NULL, NULL, NULL, '{}'),
(1251, -4001, 'faggio', 0, 0, 1512.27, 3744.31, 33.9306, 19.4462, 70, 1000, 2, 70, 0, 0, 84, 0, 0, 0, NULL, NULL, NULL, NULL, NULL, NULL, NULL, NULL, NULL, NULL, NULL, NULL, NULL, '{}'),
(1252, -4001, 'faggio', 0, 0, 1513.7, 3745.1, 33.9383, 11.0324, 70, 1000, 2, 70, 0, 0, 85.9, 0, 0, 0, NULL, NULL, NULL, NULL, NULL, NULL, NULL, NULL, NULL, NULL, NULL, NULL, NULL, '{}'),
(1253, -4001, 'faggio', 0, 0, 1515.31, 3746.13, 33.9386, 20.0865, 70, 1000, 2, 70, 0, 0, 87.5, 0, 0, 0, NULL, NULL, NULL, NULL, NULL, NULL, NULL, NULL, NULL, NULL, NULL, NULL, NULL, '{}'),
(1254, -4001, 'faggio', 0, 0, 1522.36, 3750.78, 33.9291, 18.5549, 70, 1000, 2, 70, 0, 0, 115.2, 0, 0, 0, NULL, NULL, NULL, NULL, NULL, NULL, NULL, NULL, NULL, NULL, NULL, NULL, NULL, '{}'),
(1255, -4001, 'faggio', 0, 0, 1525.69, 3752.7, 33.9221, 18.1933, 70, 1000, 2, 70, 0, 0, 68, 0, 0, 0, NULL, NULL, NULL, NULL, NULL, NULL, NULL, NULL, NULL, NULL, NULL, NULL, NULL, '{}'),
(1256, -4001, 'faggio', 0, 0, 1527.33, 3753.74, 33.861, 20.7255, 70, 1000, 2, 70, 0, 0, 119.3, 0, 0, 0, NULL, NULL, NULL, NULL, NULL, NULL, NULL, NULL, NULL, NULL, NULL, NULL, NULL, '{}'),
(1257, -4001, 'faggio', 0, 0, 572.941, -1774.85, 28.6336, 359.977, 70, 1000, 2, 70, 0, 0, 46.3, 0, 0, 0, NULL, NULL, NULL, NULL, NULL, NULL, NULL, NULL, NULL, NULL, NULL, NULL, NULL, '{}'),
(1258, -4001, 'faggio', 0, 0, 572.038, -1779.27, 28.6617, 352.65, 70, 1000, 2, 70, 0, 0, 46.5, 0, 0, 0, NULL, NULL, NULL, NULL, NULL, NULL, NULL, NULL, NULL, NULL, NULL, NULL, NULL, '{}'),
(1259, -4001, 'faggio', 0, 0, 565.849, -1730.77, 28.6626, 1.40643, 0, 1000, 2, 70, 0, 0, 84.1, 0, 0, 0, NULL, NULL, NULL, NULL, NULL, NULL, NULL, NULL, NULL, NULL, NULL, NULL, NULL, '{}'),
(1453, -9, 'trash2', 0, 0, -678.061, -1633.11, 23.8677, 41.4019, 70, 1000, 2, 70, 0, 1, 38.4, 0, 0, 0, NULL, NULL, NULL, NULL, NULL, NULL, NULL, NULL, NULL, NULL, NULL, NULL, NULL, '{}'),
(1454, -9, 'trash2', 0, 0, -684.853, -1646.48, 24.1578, 44.7899, 70, 1000, 2, 70, 0, 1, 26.9, 0, 0, 0, NULL, NULL, NULL, NULL, NULL, NULL, NULL, NULL, NULL, NULL, NULL, NULL, NULL, '{}'),
(1455, -9, 'trash2', 0, 0, -682.794, -1669.66, 24.7495, 346.171, 70, 1000, 2, 70, 0, 1, 29.9, 0, 0, 0, NULL, NULL, NULL, NULL, NULL, NULL, NULL, NULL, NULL, NULL, NULL, NULL, NULL, '{}'),
(1456, -9, 'trash2', 0, 0, -656.469, -1677.23, 24.919, 43.8307, 70, 1000, 2, 70, 0, 1, 40.6, 0, 0, 0, NULL, NULL, NULL, NULL, NULL, NULL, NULL, NULL, NULL, NULL, NULL, NULL, NULL, '{}'),
(1457, -9, 'trash2', 0, 0, -662.303, -1628.86, 23.7766, 48.1581, 70, 1000, 2, 70, 0, 1, 47, 0, 0, 0, NULL, NULL, NULL, NULL, NULL, NULL, NULL, NULL, NULL, NULL, NULL, NULL, NULL, '{}'),
(1458, -9, 'trash2', 0, 0, -663.479, -1688.46, 24.8146, 114.532, 70, 1000, 2, 70, 0, 1, 33.5, 0, 0, 0, NULL, NULL, NULL, NULL, NULL, NULL, NULL, NULL, NULL, NULL, NULL, NULL, NULL, '{}'),
(1460, -9, 'trash2', 0, 0, -661.53, -1693.29, 24.7151, 109.384, 70, 1000, 2, 70, 0, 1, 24.6, 0, 0, 0, NULL, NULL, NULL, NULL, NULL, NULL, NULL, NULL, NULL, NULL, NULL, NULL, NULL, '{}'),
(1461, -9, 'trash2', 0, 0, -685.905, -1698.06, 24.8138, 357.74, 70, 1000, 2, 70, 0, 1, 42, 0, 0, 0, NULL, NULL, NULL, NULL, NULL, NULL, NULL, NULL, NULL, NULL, NULL, NULL, NULL, '{}'),
(1466, -4, 'faggio', 31, 0, 605.527, 149.872, 97.4956, 92.7425, 70, 1000, 2, 70, 0, 1, 81.7, 0, 0, 0, NULL, NULL, NULL, NULL, NULL, NULL, NULL, NULL, NULL, NULL, NULL, NULL, NULL, '{}'),
(1467, -4, 'faggio', 31, 0, 605.173, 147.488, 97.4955, 81.4412, 70, 1000, 2, 70, 0, 1, 123.8, 0, 0, 0, NULL, NULL, NULL, NULL, NULL, NULL, NULL, NULL, NULL, NULL, NULL, NULL, NULL, '{}'),
(1468, -4, 'faggio', 0, 0, 606.085, 151.663, 97.4737, 84.2877, 70, 1000, 2, 70, 0, 1, 58.8, 0, 0, 0, NULL, NULL, NULL, NULL, NULL, NULL, NULL, NULL, NULL, NULL, NULL, NULL, NULL, '{}'),
(1469, -4, 'faggio', 31, 0, 606.815, 153.011, 97.4722, 80.6259, 70, 1000, 2, 70, 0, 1, 75.6, 0, 0, 0, NULL, NULL, NULL, NULL, NULL, NULL, NULL, NULL, NULL, NULL, NULL, NULL, NULL, '{}'),
(1470, -4, 'faggio', 31, 0, 607.39, 154.191, 97.4611, 76.8506, 70, 1000, 2, 70, 0, 1, 85.4, 0, 0, 0, NULL, NULL, NULL, NULL, NULL, NULL, NULL, NULL, NULL, NULL, NULL, NULL, NULL, '{}'),
(1471, -4, 'faggio', 31, 0, 608.152, 156.189, 97.4519, 78.9778, 70, 1000, 2, 70, 0, 1, 116.5, 0, 0, 0, NULL, NULL, NULL, NULL, NULL, NULL, NULL, NULL, NULL, NULL, NULL, NULL, NULL, '{}'),
(1482, -7, 'mixer2', 130, 0, -246.543, -1127.81, 23.0461, 100.558, 70, 1000, 2, 70, 0, 1, 20.2, 0, 0, 0, NULL, NULL, NULL, NULL, NULL, NULL, NULL, NULL, NULL, NULL, NULL, NULL, NULL, '{}'),
(1491, -8, 'forklift', 20, 0, -390.747, -2735.04, 5.4697, 49.3947, 70, 1000, 2, 70, 0, 1, 7.4, 0, 0, 0, NULL, NULL, NULL, NULL, NULL, NULL, NULL, NULL, NULL, NULL, NULL, NULL, NULL, '{}'),
(1492, -8, 'forklift', 20, 0, -387.377, -2731.84, 5.47274, 47.4485, 70, 1000, 2, 70, 0, 1, 31.2, 0, 0, 0, NULL, NULL, NULL, NULL, NULL, NULL, NULL, NULL, NULL, NULL, NULL, NULL, NULL, '{}'),
(1494, -8, 'forklift', 20, 0, -429.694, -2716.71, 5.45354, 314.4, 70, 1000, 2, 70, 0, 1, 27.7, 0, 0, 0, NULL, NULL, NULL, NULL, NULL, NULL, NULL, NULL, NULL, NULL, NULL, NULL, NULL, '{}'),
(1495, -8, 'forklift', 20, 0, -432.2, -2714.68, 5.45168, 313.158, 70, 1000, 2, 70, 0, 1, 13.4, 0, 0, 0, NULL, NULL, NULL, NULL, NULL, NULL, NULL, NULL, NULL, NULL, NULL, NULL, NULL, '{}'),
(1496, -8, 'forklift', 20, 0, -434.795, -2712.23, 5.45375, 312.948, 70, 1000, 2, 70, 0, 1, 32.5, 0, 0, 0, NULL, NULL, NULL, NULL, NULL, NULL, NULL, NULL, NULL, NULL, NULL, NULL, NULL, '{}'),
(1497, -8, 'forklift', 20, 0, -430.585, -2707.76, 5.45208, 44.5278, 70, 1000, 2, 70, 0, 1, 8.6, 0, 0, 0, NULL, NULL, NULL, NULL, NULL, NULL, NULL, NULL, NULL, NULL, NULL, NULL, NULL, '{}'),
(1499, -8, 'forklift', 20, 0, -421.11, -2714.01, 5.45325, 316, 70, 1000, 2, 70, 0, 1, 31.9, 0, 0, 0, NULL, NULL, NULL, NULL, NULL, NULL, NULL, NULL, NULL, NULL, NULL, NULL, NULL, '{}'),
(1500, -8, 'forklift', 20, 0, -402.47, -2722.01, 5.45093, 360, 70, 1000, 2, 70, 0, 1, 13.5, 0, 0, 0, NULL, NULL, NULL, NULL, NULL, NULL, NULL, NULL, NULL, NULL, NULL, NULL, NULL, '{}'),
(1507, 7, 'frogger', 72, 72, 2509.82, -342.478, 117.901, 228.494, 70, 1000, 2, 70, 0, 1, 7.8, 0, 0, 0, NULL, NULL, NULL, NULL, NULL, NULL, NULL, NULL, NULL, NULL, NULL, NULL, NULL, '{}'),
(1509, 7, 'frogger', 72, 0, 2511.63, -427.818, 117.903, 354.554, 70, 1000, 2, 70, 0, 1, 0, 0, 0, 0, NULL, NULL, NULL, NULL, NULL, NULL, NULL, NULL, NULL, NULL, NULL, NULL, NULL, '{}'),
(1551, 2002, 'revolter', 55, 0, -47.52, -1116.25, 25.76, 1.15, 54, 1000, 2, 70, 0, 1, 4.5, 0, 0, 0, NULL, NULL, NULL, NULL, NULL, NULL, NULL, NULL, NULL, NULL, NULL, NULL, NULL, '{}'),
(1552, 2001, 'i8', 144, 0, -47.52, -1116.25, 25.76, 1.15, 28, 1000, 2, 70, 0, 1, 0, 0, 0, 0, NULL, NULL, NULL, NULL, NULL, NULL, NULL, NULL, NULL, NULL, NULL, NULL, NULL, '{}');

-- --------------------------------------------------------

--
-- Table structure for table `vehicles_mods`
--

CREATE TABLE `vehicles_mods` (
  `id` int(11) NOT NULL,
  `vehicle_id` int(11) NOT NULL,
  `type` tinyint(4) NOT NULL,
  `index` tinyint(4) NOT NULL
) ENGINE=InnoDB DEFAULT CHARSET=utf8;

-- --------------------------------------------------------

--
-- Table structure for table `whitelist`
--

CREATE TABLE `whitelist` (
  `id` int(11) NOT NULL,
  `socialClub` varchar(128) NOT NULL,
  `login` varchar(40) NOT NULL,
  `email` varchar(40) NOT NULL,
  `enabled` int(64) NOT NULL
) ENGINE=InnoDB DEFAULT CHARSET=utf8;

--
-- Indexes for dumped tables
--

--
-- Indexes for table `accounts`
--
ALTER TABLE `accounts`
  ADD PRIMARY KEY (`id`);

--
-- Indexes for table `achievements_items`
--
ALTER TABLE `achievements_items`
  ADD PRIMARY KEY (`id`);

--
-- Indexes for table `achievements_players`
--
ALTER TABLE `achievements_players`
  ADD PRIMARY KEY (`id`);

--
-- Indexes for table `autosaloons`
--
ALTER TABLE `autosaloons`
  ADD PRIMARY KEY (`id`);

--
-- Indexes for table `bins`
--
ALTER TABLE `bins`
  ADD PRIMARY KEY (`id`);

--
-- Indexes for table `bizes`
--
ALTER TABLE `bizes`
  ADD PRIMARY KEY (`id`);

--
-- Indexes for table `bus_place`
--
ALTER TABLE `bus_place`
  ADD PRIMARY KEY (`id`);

--
-- Indexes for table `bus_route`
--
ALTER TABLE `bus_route`
  ADD PRIMARY KEY (`id`);

--
-- Indexes for table `characters`
--
ALTER TABLE `characters`
  ADD PRIMARY KEY (`id`);

--
-- Indexes for table `characters_headoverlays`
--
ALTER TABLE `characters_headoverlays`
  ADD PRIMARY KEY (`id`),
  ADD UNIQUE KEY `character_id` (`character_id`,`overlay_id`);

--
-- Indexes for table `configvehicle`
--
ALTER TABLE `configvehicle`
  ADD PRIMARY KEY (`id`);

--
-- Indexes for table `configvehiclecolors`
--
ALTER TABLE `configvehiclecolors`
  ADD PRIMARY KEY (`id`);

--
-- Indexes for table `cutscenes`
--
ALTER TABLE `cutscenes`
  ADD PRIMARY KEY (`id`);

--
-- Indexes for table `cutscenes_points`
--
ALTER TABLE `cutscenes_points`
  ADD PRIMARY KEY (`id`);

--
-- Indexes for table `donate_list`
--
ALTER TABLE `donate_list`
  ADD PRIMARY KEY (`id`);

--
-- Indexes for table `economy`
--
ALTER TABLE `economy`
  ADD PRIMARY KEY (`id`);

--
-- Indexes for table `factions`
--
ALTER TABLE `factions`
  ADD PRIMARY KEY (`id`);

--
-- Indexes for table `faction_ranks`
--
ALTER TABLE `faction_ranks`
  ADD PRIMARY KEY (`id`);

--
-- Indexes for table `farms`
--
ALTER TABLE `farms`
  ADD PRIMARY KEY (`id`);

--
-- Indexes for table `farms_fields`
--
ALTER TABLE `farms_fields`
  ADD PRIMARY KEY (`id`);

--
-- Indexes for table `fines`
--
ALTER TABLE `fines`
  ADD PRIMARY KEY (`id`);

--
-- Indexes for table `garages`
--
ALTER TABLE `garages`
  ADD PRIMARY KEY (`id`);

--
-- Indexes for table `green_zones`
--
ALTER TABLE `green_zones`
  ADD PRIMARY KEY (`id`),
  ADD UNIQUE KEY `green_zones_interior_id_uni_idx` (`interior_id`);

--
-- Indexes for table `houses`
--
ALTER TABLE `houses`
  ADD PRIMARY KEY (`id`);

--
-- Indexes for table `interiors`
--
ALTER TABLE `interiors`
  ADD PRIMARY KEY (`id`);

--
-- Indexes for table `inventory_items`
--
ALTER TABLE `inventory_items`
  ADD PRIMARY KEY (`id`);

--
-- Indexes for table `inventory_players`
--
ALTER TABLE `inventory_players`
  ADD PRIMARY KEY (`id`);

--
-- Indexes for table `inventory_vehicles`
--
ALTER TABLE `inventory_vehicles`
  ADD PRIMARY KEY (`id`);

--
-- Indexes for table `ipls`
--
ALTER TABLE `ipls`
  ADD PRIMARY KEY (`id`),
  ADD UNIQUE KEY `ipls_name_uni_idx` (`name`);

--
-- Indexes for table `ip_ban`
--
ALTER TABLE `ip_ban`
  ADD PRIMARY KEY (`id`);

--
-- Indexes for table `jobs`
--
ALTER TABLE `jobs`
  ADD PRIMARY KEY (`id`);

--
-- Indexes for table `jobs_skills`
--
ALTER TABLE `jobs_skills`
  ADD PRIMARY KEY (`id`);

--
-- Indexes for table `logs_bizes`
--
ALTER TABLE `logs_bizes`
  ADD PRIMARY KEY (`id`);

--
-- Indexes for table `markers_tp`
--
ALTER TABLE `markers_tp`
  ADD PRIMARY KEY (`id`);

--
-- Indexes for table `news_articles`
--
ALTER TABLE `news_articles`
  ADD PRIMARY KEY (`id`);

--
-- Indexes for table `news_like`
--
ALTER TABLE `news_like`
  ADD PRIMARY KEY (`id`);

--
-- Indexes for table `parking_city`
--
ALTER TABLE `parking_city`
  ADD PRIMARY KEY (`id`);

--
-- Indexes for table `parking_city_slots`
--
ALTER TABLE `parking_city_slots`
  ADD PRIMARY KEY (`id`);

--
-- Indexes for table `peds`
--
ALTER TABLE `peds`
  ADD PRIMARY KEY (`id`);

--
-- Indexes for table `phone_contacts`
--
ALTER TABLE `phone_contacts`
  ADD PRIMARY KEY (`id`);

--
-- Indexes for table `phone_messages`
--
ALTER TABLE `phone_messages`
  ADD PRIMARY KEY (`id`);

--
-- Indexes for table `phone_special`
--
ALTER TABLE `phone_special`
  ADD PRIMARY KEY (`id`);

--
-- Indexes for table `phone_taken`
--
ALTER TABLE `phone_taken`
  ADD PRIMARY KEY (`id`);

--
-- Indexes for table `promocodes`
--
ALTER TABLE `promocodes`
  ADD PRIMARY KEY (`id`);

--
-- Indexes for table `reports`
--
ALTER TABLE `reports`
  ADD PRIMARY KEY (`id`);

--
-- Indexes for table `reports_messages`
--
ALTER TABLE `reports_messages`
  ADD PRIMARY KEY (`id`);

--
-- Indexes for table `spawn_pos`
--
ALTER TABLE `spawn_pos`
  ADD PRIMARY KEY (`id`);

--
-- Indexes for table `store_bracelets`
--
ALTER TABLE `store_bracelets`
  ADD PRIMARY KEY (`id`);

--
-- Indexes for table `store_ears`
--
ALTER TABLE `store_ears`
  ADD PRIMARY KEY (`id`);

--
-- Indexes for table `store_feets`
--
ALTER TABLE `store_feets`
  ADD PRIMARY KEY (`id`);

--
-- Indexes for table `store_glasses`
--
ALTER TABLE `store_glasses`
  ADD PRIMARY KEY (`id`);

--
-- Indexes for table `store_hats`
--
ALTER TABLE `store_hats`
  ADD PRIMARY KEY (`id`);

--
-- Indexes for table `store_legs`
--
ALTER TABLE `store_legs`
  ADD PRIMARY KEY (`id`);

--
-- Indexes for table `store_masks`
--
ALTER TABLE `store_masks`
  ADD PRIMARY KEY (`id`);

--
-- Indexes for table `store_ties`
--
ALTER TABLE `store_ties`
  ADD PRIMARY KEY (`id`);

--
-- Indexes for table `store_top`
--
ALTER TABLE `store_top`
  ADD PRIMARY KEY (`id`);

--
-- Indexes for table `store_watches`
--
ALTER TABLE `store_watches`
  ADD PRIMARY KEY (`id`);

--
-- Indexes for table `terminal_cmds`
--
ALTER TABLE `terminal_cmds`
  ADD PRIMARY KEY (`id`);

--
-- Indexes for table `unitpay_payments`
--
ALTER TABLE `unitpay_payments`
  ADD PRIMARY KEY (`id`);

--
-- Indexes for table `v2_reports`
--
ALTER TABLE `v2_reports`
  ADD PRIMARY KEY (`id`);

--
-- Indexes for table `v2_reports_messages`
--
ALTER TABLE `v2_reports_messages`
  ADD PRIMARY KEY (`id`);

--
-- Indexes for table `vehicles`
--
ALTER TABLE `vehicles`
  ADD PRIMARY KEY (`id`);

--
-- Indexes for table `vehicles_mods`
--
ALTER TABLE `vehicles_mods`
  ADD PRIMARY KEY (`id`),
  ADD UNIQUE KEY `vehicles_mods_uni_idx` (`vehicle_id`,`type`);

--
-- Indexes for table `whitelist`
--
ALTER TABLE `whitelist`
  ADD PRIMARY KEY (`id`);

--
-- AUTO_INCREMENT for dumped tables
--

--
-- AUTO_INCREMENT for table `accounts`
--
ALTER TABLE `accounts`
  MODIFY `id` int(11) NOT NULL AUTO_INCREMENT, AUTO_INCREMENT=4;

--
-- AUTO_INCREMENT for table `achievements_items`
--
ALTER TABLE `achievements_items`
  MODIFY `id` int(11) NOT NULL AUTO_INCREMENT, AUTO_INCREMENT=76;

--
-- AUTO_INCREMENT for table `achievements_players`
--
ALTER TABLE `achievements_players`
  MODIFY `id` int(11) NOT NULL AUTO_INCREMENT;

--
-- AUTO_INCREMENT for table `autosaloons`
--
ALTER TABLE `autosaloons`
  MODIFY `id` int(255) NOT NULL AUTO_INCREMENT, AUTO_INCREMENT=91;

--
-- AUTO_INCREMENT for table `bins`
--
ALTER TABLE `bins`
  MODIFY `id` int(11) NOT NULL AUTO_INCREMENT, AUTO_INCREMENT=1752;

--
-- AUTO_INCREMENT for table `bizes`
--
ALTER TABLE `bizes`
  MODIFY `id` int(11) NOT NULL AUTO_INCREMENT, AUTO_INCREMENT=122;

--
-- AUTO_INCREMENT for table `bus_place`
--
ALTER TABLE `bus_place`
  MODIFY `id` int(11) NOT NULL AUTO_INCREMENT, AUTO_INCREMENT=239;

--
-- AUTO_INCREMENT for table `bus_route`
--
ALTER TABLE `bus_route`
  MODIFY `id` int(11) NOT NULL AUTO_INCREMENT, AUTO_INCREMENT=5;

--
-- AUTO_INCREMENT for table `characters`
--
ALTER TABLE `characters`
  MODIFY `id` int(11) NOT NULL AUTO_INCREMENT, AUTO_INCREMENT=4;

--
-- AUTO_INCREMENT for table `characters_headoverlays`
--
ALTER TABLE `characters_headoverlays`
  MODIFY `id` int(11) NOT NULL AUTO_INCREMENT, AUTO_INCREMENT=28;

--
-- AUTO_INCREMENT for table `configvehicle`
--
ALTER TABLE `configvehicle`
  MODIFY `id` int(11) NOT NULL AUTO_INCREMENT, AUTO_INCREMENT=170;

--
-- AUTO_INCREMENT for table `configvehiclecolors`
--
ALTER TABLE `configvehiclecolors`
  MODIFY `id` int(11) NOT NULL AUTO_INCREMENT, AUTO_INCREMENT=161;

--
-- AUTO_INCREMENT for table `cutscenes`
--
ALTER TABLE `cutscenes`
  MODIFY `id` int(11) NOT NULL AUTO_INCREMENT, AUTO_INCREMENT=4;

--
-- AUTO_INCREMENT for table `cutscenes_points`
--
ALTER TABLE `cutscenes_points`
  MODIFY `id` int(11) NOT NULL AUTO_INCREMENT, AUTO_INCREMENT=3;

--
-- AUTO_INCREMENT for table `donate_list`
--
ALTER TABLE `donate_list`
  MODIFY `id` int(11) NOT NULL AUTO_INCREMENT, AUTO_INCREMENT=11;

--
-- AUTO_INCREMENT for table `economy`
--
ALTER TABLE `economy`
  MODIFY `id` int(11) NOT NULL AUTO_INCREMENT, AUTO_INCREMENT=79;

--
-- AUTO_INCREMENT for table `factions`
--
ALTER TABLE `factions`
  MODIFY `id` int(11) NOT NULL AUTO_INCREMENT, AUTO_INCREMENT=21;

--
-- AUTO_INCREMENT for table `faction_ranks`
--
ALTER TABLE `faction_ranks`
  MODIFY `id` int(11) NOT NULL AUTO_INCREMENT, AUTO_INCREMENT=237;

--
-- AUTO_INCREMENT for table `farms`
--
ALTER TABLE `farms`
  MODIFY `id` int(11) NOT NULL AUTO_INCREMENT, AUTO_INCREMENT=3;

--
-- AUTO_INCREMENT for table `farms_fields`
--
ALTER TABLE `farms_fields`
  MODIFY `id` int(11) NOT NULL AUTO_INCREMENT, AUTO_INCREMENT=5;

--
-- AUTO_INCREMENT for table `fines`
--
ALTER TABLE `fines`
  MODIFY `id` int(11) NOT NULL AUTO_INCREMENT, AUTO_INCREMENT=24;

--
-- AUTO_INCREMENT for table `garages`
--
ALTER TABLE `garages`
  MODIFY `id` int(11) NOT NULL AUTO_INCREMENT, AUTO_INCREMENT=4;

--
-- AUTO_INCREMENT for table `green_zones`
--
ALTER TABLE `green_zones`
  MODIFY `id` int(11) NOT NULL AUTO_INCREMENT, AUTO_INCREMENT=5;

--
-- AUTO_INCREMENT for table `houses`
--
ALTER TABLE `houses`
  MODIFY `id` int(11) NOT NULL AUTO_INCREMENT, AUTO_INCREMENT=685;

--
-- AUTO_INCREMENT for table `interiors`
--
ALTER TABLE `interiors`
  MODIFY `id` int(11) NOT NULL AUTO_INCREMENT, AUTO_INCREMENT=14;

--
-- AUTO_INCREMENT for table `inventory_items`
--
ALTER TABLE `inventory_items`
  MODIFY `id` int(11) NOT NULL AUTO_INCREMENT, AUTO_INCREMENT=64;

--
-- AUTO_INCREMENT for table `inventory_players`
--
ALTER TABLE `inventory_players`
  MODIFY `id` int(11) NOT NULL AUTO_INCREMENT, AUTO_INCREMENT=56;

--
-- AUTO_INCREMENT for table `inventory_vehicles`
--
ALTER TABLE `inventory_vehicles`
  MODIFY `id` int(11) NOT NULL AUTO_INCREMENT;

--
-- AUTO_INCREMENT for table `ipls`
--
ALTER TABLE `ipls`
  MODIFY `id` int(11) NOT NULL AUTO_INCREMENT, AUTO_INCREMENT=9;

--
-- AUTO_INCREMENT for table `ip_ban`
--
ALTER TABLE `ip_ban`
  MODIFY `id` int(64) NOT NULL AUTO_INCREMENT, AUTO_INCREMENT=2;

--
-- AUTO_INCREMENT for table `jobs`
--
ALTER TABLE `jobs`
  MODIFY `id` int(11) NOT NULL AUTO_INCREMENT, AUTO_INCREMENT=11;

--
-- AUTO_INCREMENT for table `jobs_skills`
--
ALTER TABLE `jobs_skills`
  MODIFY `id` int(11) NOT NULL AUTO_INCREMENT, AUTO_INCREMENT=1726;

--
-- AUTO_INCREMENT for table `logs_bizes`
--
ALTER TABLE `logs_bizes`
  MODIFY `id` int(11) NOT NULL AUTO_INCREMENT, AUTO_INCREMENT=44;

--
-- AUTO_INCREMENT for table `markers_tp`
--
ALTER TABLE `markers_tp`
  MODIFY `id` int(11) NOT NULL AUTO_INCREMENT, AUTO_INCREMENT=25;

--
-- AUTO_INCREMENT for table `news_articles`
--
ALTER TABLE `news_articles`
  MODIFY `id` int(11) NOT NULL AUTO_INCREMENT, AUTO_INCREMENT=12;

--
-- AUTO_INCREMENT for table `news_like`
--
ALTER TABLE `news_like`
  MODIFY `id` int(11) NOT NULL AUTO_INCREMENT, AUTO_INCREMENT=8;

--
-- AUTO_INCREMENT for table `parking_city`
--
ALTER TABLE `parking_city`
  MODIFY `id` int(11) NOT NULL AUTO_INCREMENT;

--
-- AUTO_INCREMENT for table `parking_city_slots`
--
ALTER TABLE `parking_city_slots`
  MODIFY `id` int(11) NOT NULL AUTO_INCREMENT;

--
-- AUTO_INCREMENT for table `peds`
--
ALTER TABLE `peds`
  MODIFY `id` int(11) NOT NULL AUTO_INCREMENT, AUTO_INCREMENT=197;

--
-- AUTO_INCREMENT for table `phone_contacts`
--
ALTER TABLE `phone_contacts`
  MODIFY `id` int(64) NOT NULL AUTO_INCREMENT, AUTO_INCREMENT=9;

--
-- AUTO_INCREMENT for table `phone_messages`
--
ALTER TABLE `phone_messages`
  MODIFY `id` int(64) NOT NULL AUTO_INCREMENT, AUTO_INCREMENT=11;

--
-- AUTO_INCREMENT for table `phone_special`
--
ALTER TABLE `phone_special`
  MODIFY `id` int(64) NOT NULL AUTO_INCREMENT, AUTO_INCREMENT=14;

--
-- AUTO_INCREMENT for table `phone_taken`
--
ALTER TABLE `phone_taken`
  MODIFY `id` int(64) NOT NULL AUTO_INCREMENT, AUTO_INCREMENT=12;

--
-- AUTO_INCREMENT for table `promocodes`
--
ALTER TABLE `promocodes`
  MODIFY `id` int(11) NOT NULL AUTO_INCREMENT, AUTO_INCREMENT=2;

--
-- AUTO_INCREMENT for table `reports`
--
ALTER TABLE `reports`
  MODIFY `id` int(11) NOT NULL AUTO_INCREMENT;

--
-- AUTO_INCREMENT for table `reports_messages`
--
ALTER TABLE `reports_messages`
  MODIFY `id` int(11) NOT NULL AUTO_INCREMENT;

--
-- AUTO_INCREMENT for table `spawn_pos`
--
ALTER TABLE `spawn_pos`
  MODIFY `id` int(11) NOT NULL AUTO_INCREMENT, AUTO_INCREMENT=11;

--
-- AUTO_INCREMENT for table `store_bracelets`
--
ALTER TABLE `store_bracelets`
  MODIFY `id` int(11) NOT NULL AUTO_INCREMENT, AUTO_INCREMENT=24;

--
-- AUTO_INCREMENT for table `store_ears`
--
ALTER TABLE `store_ears`
  MODIFY `id` int(11) NOT NULL AUTO_INCREMENT, AUTO_INCREMENT=56;

--
-- AUTO_INCREMENT for table `store_feets`
--
ALTER TABLE `store_feets`
  MODIFY `id` int(11) NOT NULL AUTO_INCREMENT, AUTO_INCREMENT=405;

--
-- AUTO_INCREMENT for table `store_glasses`
--
ALTER TABLE `store_glasses`
  MODIFY `id` int(11) NOT NULL AUTO_INCREMENT, AUTO_INCREMENT=57;

--
-- AUTO_INCREMENT for table `store_hats`
--
ALTER TABLE `store_hats`
  MODIFY `id` int(11) NOT NULL AUTO_INCREMENT, AUTO_INCREMENT=255;

--
-- AUTO_INCREMENT for table `store_legs`
--
ALTER TABLE `store_legs`
  MODIFY `id` int(11) NOT NULL AUTO_INCREMENT, AUTO_INCREMENT=203;

--
-- AUTO_INCREMENT for table `store_masks`
--
ALTER TABLE `store_masks`
  MODIFY `id` int(11) NOT NULL AUTO_INCREMENT, AUTO_INCREMENT=267;

--
-- AUTO_INCREMENT for table `store_ties`
--
ALTER TABLE `store_ties`
  MODIFY `id` int(11) NOT NULL AUTO_INCREMENT, AUTO_INCREMENT=167;

--
-- AUTO_INCREMENT for table `store_top`
--
ALTER TABLE `store_top`
  MODIFY `id` int(11) NOT NULL AUTO_INCREMENT, AUTO_INCREMENT=515;

--
-- AUTO_INCREMENT for table `store_watches`
--
ALTER TABLE `store_watches`
  MODIFY `id` int(11) NOT NULL AUTO_INCREMENT, AUTO_INCREMENT=50;

--
-- AUTO_INCREMENT for table `terminal_cmds`
--
ALTER TABLE `terminal_cmds`
  MODIFY `id` int(11) NOT NULL AUTO_INCREMENT, AUTO_INCREMENT=218;

--
-- AUTO_INCREMENT for table `unitpay_payments`
--
ALTER TABLE `unitpay_payments`
  MODIFY `id` int(10) NOT NULL AUTO_INCREMENT;

--
-- AUTO_INCREMENT for table `v2_reports`
--
ALTER TABLE `v2_reports`
  MODIFY `id` int(11) NOT NULL AUTO_INCREMENT, AUTO_INCREMENT=7;

--
-- AUTO_INCREMENT for table `v2_reports_messages`
--
ALTER TABLE `v2_reports_messages`
  MODIFY `id` int(11) NOT NULL AUTO_INCREMENT, AUTO_INCREMENT=13;

--
-- AUTO_INCREMENT for table `vehicles`
--
ALTER TABLE `vehicles`
  MODIFY `id` int(11) NOT NULL AUTO_INCREMENT, AUTO_INCREMENT=1553;

--
-- AUTO_INCREMENT for table `vehicles_mods`
--
ALTER TABLE `vehicles_mods`
  MODIFY `id` int(11) NOT NULL AUTO_INCREMENT, AUTO_INCREMENT=1389;

--
-- AUTO_INCREMENT for table `whitelist`
--
ALTER TABLE `whitelist`
  MODIFY `id` int(11) NOT NULL AUTO_INCREMENT;

--
-- Constraints for dumped tables
--

--
-- Constraints for table `characters_headoverlays`
--
ALTER TABLE `characters_headoverlays`
  ADD CONSTRAINT `character_headoverlays_character_id_fk` FOREIGN KEY (`character_id`) REFERENCES `characters` (`id`) ON DELETE CASCADE;

--
-- Constraints for table `vehicles_mods`
--
ALTER TABLE `vehicles_mods`
  ADD CONSTRAINT `vehicles_mods_vehicle_id_fk` FOREIGN KEY (`vehicle_id`) REFERENCES `vehicles` (`id`) ON DELETE CASCADE;
COMMIT;

/*!40101 SET CHARACTER_SET_CLIENT=@OLD_CHARACTER_SET_CLIENT */;
/*!40101 SET CHARACTER_SET_RESULTS=@OLD_CHARACTER_SET_RESULTS */;
/*!40101 SET COLLATION_CONNECTION=@OLD_COLLATION_CONNECTION */;
